学段,年级,学科,类型,名称,在线网址
教材版本总表,-,-,Excel,湖北省咸宁市2025-2026学年中小学教材版本总表.xlsx,https://chenzhuanxin.github.io/xianning-teaching-resources/%E4%BA%A4%E4%BB%98%E7%89%A9/01_%E6%95%99%E6%9D%90%E7%89%88%E6%9C%AC%E6%80%BB%E8%A1%A8/%E6%B9%96%E5%8C%97%E7%9C%81%E5%92%B8%E5%AE%81%E5%B8%822025-2026%E5%AD%A6%E5%B9%B4%E4%B8%AD%E5%B0%8F%E5%AD%A6%E6%95%99%E6%9D%90%E7%89%88%E6%9C%AC%E6%80%BB%E8%A1%A8.xlsx
小学,一年级,语文,知识点,一年级_语文_知识点考点,https://chenzhuanxin.github.io/xianning-teaching-resources/%E4%BA%A4%E4%BB%98%E7%89%A9/02_%E7%9F%A5%E8%AF%86%E7%82%B9%E8%80%83%E7%82%B9HTML/%E4%B8%80%E5%B9%B4%E7%BA%A7_%E8%AF%AD%E6%96%87_%E7%9F%A5%E8%AF%86%E7%82%B9%E8%80%83%E7%82%B9.html
小学,一年级,数学,知识点,一年级_数学_知识点考点,https://chenzhuanxin.github.io/xianning-teaching-resources/%E4%BA%A4%E4%BB%98%E7%89%A9/02_%E7%9F%A5%E8%AF%86%E7%82%B9%E8%80%83%E7%82%B9HTML/%E4%B8%80%E5%B9%B4%E7%BA%A7_%E6%95%B0%E5%AD%A6_%E7%9F%A5%E8%AF%86%E7%82%B9%E8%80%83%E7%82%B9.html
小学,一年级,道德与法治,知识点,一年级_道德与法治_知识点考点,https://chenzhuanxin.github.io/xianning-teaching-resources/%E4%BA%A4%E4%BB%98%E7%89%A9/02_%E7%9F%A5%E8%AF%86%E7%82%B9%E8%80%83%E7%82%B9HTML/%E4%B8%80%E5%B9%B4%E7%BA%A7_%E9%81%93%E5%BE%B7%E4%B8%8E%E6%B3%95%E6%B2%BB_%E7%9F%A5%E8%AF%86%E7%82%B9%E8%80%83%E7%82%B9.html
小学,一年级,科学,知识点,一年级_科学_知识点考点,https://chenzhuanxin.github.io/xianning-teaching-resources/%E4%BA%A4%E4%BB%98%E7%89%A9/02_%E7%9F%A5%E8%AF%86%E7%82%B9%E8%80%83%E7%82%B9HTML/%E4%B8%80%E5%B9%B4%E7%BA%A7_%E7%A7%91%E5%AD%A6_%E7%9F%A5%E8%AF%86%E7%82%B9%E8%80%83%E7%82%B9.html
小学,一年级,音乐美术,知识点,一年级_音乐美术_知识点考点,https://chenzhuanxin.github.io/xianning-teaching-resources/%E4%BA%A4%E4%BB%98%E7%89%A9/02_%E7%9F%A5%E8%AF%86%E7%82%B9%E8%80%83%E7%82%B9HTML/%E4%B8%80%E5%B9%B4%E7%BA%A7_%E9%9F%B3%E4%B9%90%E7%BE%8E%E6%9C%AF_%E7%9F%A5%E8%AF%86%E7%82%B9%E8%80%83%E7%82%B9.html
小学,二年级,语文,知识点,二年级_语文_知识点考点,https://chenzhuanxin.github.io/xianning-teaching-resources/%E4%BA%A4%E4%BB%98%E7%89%A9/02_%E7%9F%A5%E8%AF%86%E7%82%B9%E8%80%83%E7%82%B9HTML/%E4%BA%8C%E5%B9%B4%E7%BA%A7_%E8%AF%AD%E6%96%87_%E7%9F%A5%E8%AF%86%E7%82%B9%E8%80%83%E7%82%B9.html
小学,二年级,数学,知识点,二年级_数学_知识点考点,https://chenzhuanxin.github.io/xianning-teaching-resources/%E4%BA%A4%E4%BB%98%E7%89%A9/02_%E7%9F%A5%E8%AF%86%E7%82%B9%E8%80%83%E7%82%B9HTML/%E4%BA%8C%E5%B9%B4%E7%BA%A7_%E6%95%B0%E5%AD%A6_%E7%9F%A5%E8%AF%86%E7%82%B9%E8%80%83%E7%82%B9.html
小学,二年级,道德与法治,知识点,二年级_道德与法治_知识点考点,https://chenzhuanxin.github.io/xianning-teaching-resources/%E4%BA%A4%E4%BB%98%E7%89%A9/02_%E7%9F%A5%E8%AF%86%E7%82%B9%E8%80%83%E7%82%B9HTML/%E4%BA%8C%E5%B9%B4%E7%BA%A7_%E9%81%93%E5%BE%B7%E4%B8%8E%E6%B3%95%E6%B2%BB_%E7%9F%A5%E8%AF%86%E7%82%B9%E8%80%83%E7%82%B9.html
小学,二年级,科学,知识点,二年级_科学_知识点考点,https://chenzhuanxin.github.io/xianning-teaching-resources/%E4%BA%A4%E4%BB%98%E7%89%A9/02_%E7%9F%A5%E8%AF%86%E7%82%B9%E8%80%83%E7%82%B9HTML/%E4%BA%8C%E5%B9%B4%E7%BA%A7_%E7%A7%91%E5%AD%A6_%E7%9F%A5%E8%AF%86%E7%82%B9%E8%80%83%E7%82%B9.html
小学,二年级,音乐美术,知识点,二年级_音乐美术_知识点考点,https://chenzhuanxin.github.io/xianning-teaching-resources/%E4%BA%A4%E4%BB%98%E7%89%A9/02_%E7%9F%A5%E8%AF%86%E7%82%B9%E8%80%83%E7%82%B9HTML/%E4%BA%8C%E5%B9%B4%E7%BA%A7_%E9%9F%B3%E4%B9%90%E7%BE%8E%E6%9C%AF_%E7%9F%A5%E8%AF%86%E7%82%B9%E8%80%83%E7%82%B9.html
小学,三年级,语文,知识点,三年级_语文_知识点考点,https://chenzhuanxin.github.io/xianning-teaching-resources/%E4%BA%A4%E4%BB%98%E7%89%A9/02_%E7%9F%A5%E8%AF%86%E7%82%B9%E8%80%83%E7%82%B9HTML/%E4%B8%89%E5%B9%B4%E7%BA%A7_%E8%AF%AD%E6%96%87_%E7%9F%A5%E8%AF%86%E7%82%B9%E8%80%83%E7%82%B9.html
小学,三年级,数学,知识点,三年级_数学_知识点考点,https://chenzhuanxin.github.io/xianning-teaching-resources/%E4%BA%A4%E4%BB%98%E7%89%A9/02_%E7%9F%A5%E8%AF%86%E7%82%B9%E8%80%83%E7%82%B9HTML/%E4%B8%89%E5%B9%B4%E7%BA%A7_%E6%95%B0%E5%AD%A6_%E7%9F%A5%E8%AF%86%E7%82%B9%E8%80%83%E7%82%B9.html
小学,三年级,英语,知识点,三年级_英语_知识点考点,https://chenzhuanxin.github.io/xianning-teaching-resources/%E4%BA%A4%E4%BB%98%E7%89%A9/02_%E7%9F%A5%E8%AF%86%E7%82%B9%E8%80%83%E7%82%B9HTML/%E4%B8%89%E5%B9%B4%E7%BA%A7_%E8%8B%B1%E8%AF%AD_%E7%9F%A5%E8%AF%86%E7%82%B9%E8%80%83%E7%82%B9.html
小学,三年级,道德与法治,知识点,三年级_道德与法治_知识点考点,https://chenzhuanxin.github.io/xianning-teaching-resources/%E4%BA%A4%E4%BB%98%E7%89%A9/02_%E7%9F%A5%E8%AF%86%E7%82%B9%E8%80%83%E7%82%B9HTML/%E4%B8%89%E5%B9%B4%E7%BA%A7_%E9%81%93%E5%BE%B7%E4%B8%8E%E6%B3%95%E6%B2%BB_%E7%9F%A5%E8%AF%86%E7%82%B9%E8%80%83%E7%82%B9.html
小学,三年级,科学,知识点,三年级_科学_知识点考点,https://chenzhuanxin.github.io/xianning-teaching-resources/%E4%BA%A4%E4%BB%98%E7%89%A9/02_%E7%9F%A5%E8%AF%86%E7%82%B9%E8%80%83%E7%82%B9HTML/%E4%B8%89%E5%B9%B4%E7%BA%A7_%E7%A7%91%E5%AD%A6_%E7%9F%A5%E8%AF%86%E7%82%B9%E8%80%83%E7%82%B9.html
小学,四年级,语文,知识点,四年级_语文_知识点考点,https://chenzhuanxin.github.io/xianning-teaching-resources/%E4%BA%A4%E4%BB%98%E7%89%A9/02_%E7%9F%A5%E8%AF%86%E7%82%B9%E8%80%83%E7%82%B9HTML/%E5%9B%9B%E5%B9%B4%E7%BA%A7_%E8%AF%AD%E6%96%87_%E7%9F%A5%E8%AF%86%E7%82%B9%E8%80%83%E7%82%B9.html
小学,四年级,数学,知识点,四年级_数学_知识点考点,https://chenzhuanxin.github.io/xianning-teaching-resources/%E4%BA%A4%E4%BB%98%E7%89%A9/02_%E7%9F%A5%E8%AF%86%E7%82%B9%E8%80%83%E7%82%B9HTML/%E5%9B%9B%E5%B9%B4%E7%BA%A7_%E6%95%B0%E5%AD%A6_%E7%9F%A5%E8%AF%86%E7%82%B9%E8%80%83%E7%82%B9.html
小学,四年级,英语,知识点,四年级_英语_知识点考点,https://chenzhuanxin.github.io/xianning-teaching-resources/%E4%BA%A4%E4%BB%98%E7%89%A9/02_%E7%9F%A5%E8%AF%86%E7%82%B9%E8%80%83%E7%82%B9HTML/%E5%9B%9B%E5%B9%B4%E7%BA%A7_%E8%8B%B1%E8%AF%AD_%E7%9F%A5%E8%AF%86%E7%82%B9%E8%80%83%E7%82%B9.html
小学,四年级,道德与法治,知识点,四年级_道德与法治_知识点考点,https://chenzhuanxin.github.io/xianning-teaching-resources/%E4%BA%A4%E4%BB%98%E7%89%A9/02_%E7%9F%A5%E8%AF%86%E7%82%B9%E8%80%83%E7%82%B9HTML/%E5%9B%9B%E5%B9%B4%E7%BA%A7_%E9%81%93%E5%BE%B7%E4%B8%8E%E6%B3%95%E6%B2%BB_%E7%9F%A5%E8%AF%86%E7%82%B9%E8%80%83%E7%82%B9.html
小学,四年级,科学,知识点,四年级_科学_知识点考点,https://chenzhuanxin.github.io/xianning-teaching-resources/%E4%BA%A4%E4%BB%98%E7%89%A9/02_%E7%9F%A5%E8%AF%86%E7%82%B9%E8%80%83%E7%82%B9HTML/%E5%9B%9B%E5%B9%B4%E7%BA%A7_%E7%A7%91%E5%AD%A6_%E7%9F%A5%E8%AF%86%E7%82%B9%E8%80%83%E7%82%B9.html
小学,五年级,语文,知识点,五年级_语文_知识点考点,https://chenzhuanxin.github.io/xianning-teaching-resources/%E4%BA%A4%E4%BB%98%E7%89%A9/02_%E7%9F%A5%E8%AF%86%E7%82%B9%E8%80%83%E7%82%B9HTML/%E4%BA%94%E5%B9%B4%E7%BA%A7_%E8%AF%AD%E6%96%87_%E7%9F%A5%E8%AF%86%E7%82%B9%E8%80%83%E7%82%B9.html
小学,五年级,数学,知识点,五年级_数学_知识点考点,https://chenzhuanxin.github.io/xianning-teaching-resources/%E4%BA%A4%E4%BB%98%E7%89%A9/02_%E7%9F%A5%E8%AF%86%E7%82%B9%E8%80%83%E7%82%B9HTML/%E4%BA%94%E5%B9%B4%E7%BA%A7_%E6%95%B0%E5%AD%A6_%E7%9F%A5%E8%AF%86%E7%82%B9%E8%80%83%E7%82%B9.html
小学,五年级,英语,知识点,五年级_英语_知识点考点,https://chenzhuanxin.github.io/xianning-teaching-resources/%E4%BA%A4%E4%BB%98%E7%89%A9/02_%E7%9F%A5%E8%AF%86%E7%82%B9%E8%80%83%E7%82%B9HTML/%E4%BA%94%E5%B9%B4%E7%BA%A7_%E8%8B%B1%E8%AF%AD_%E7%9F%A5%E8%AF%86%E7%82%B9%E8%80%83%E7%82%B9.html
小学,五年级,道德与法治,知识点,五年级_道德与法治_知识点考点,https://chenzhuanxin.github.io/xianning-teaching-resources/%E4%BA%A4%E4%BB%98%E7%89%A9/02_%E7%9F%A5%E8%AF%86%E7%82%B9%E8%80%83%E7%82%B9HTML/%E4%BA%94%E5%B9%B4%E7%BA%A7_%E9%81%93%E5%BE%B7%E4%B8%8E%E6%B3%95%E6%B2%BB_%E7%9F%A5%E8%AF%86%E7%82%B9%E8%80%83%E7%82%B9.html
小学,五年级,科学,知识点,五年级_科学_知识点考点,https://chenzhuanxin.github.io/xianning-teaching-resources/%E4%BA%A4%E4%BB%98%E7%89%A9/02_%E7%9F%A5%E8%AF%86%E7%82%B9%E8%80%83%E7%82%B9HTML/%E4%BA%94%E5%B9%B4%E7%BA%A7_%E7%A7%91%E5%AD%A6_%E7%9F%A5%E8%AF%86%E7%82%B9%E8%80%83%E7%82%B9.html
小学,六年级,语文,知识点,六年级_语文_知识点考点,https://chenzhuanxin.github.io/xianning-teaching-resources/%E4%BA%A4%E4%BB%98%E7%89%A9/02_%E7%9F%A5%E8%AF%86%E7%82%B9%E8%80%83%E7%82%B9HTML/%E5%85%AD%E5%B9%B4%E7%BA%A7_%E8%AF%AD%E6%96%87_%E7%9F%A5%E8%AF%86%E7%82%B9%E8%80%83%E7%82%B9.html
小学,六年级,数学,知识点,六年级_数学_知识点考点,https://chenzhuanxin.github.io/xianning-teaching-resources/%E4%BA%A4%E4%BB%98%E7%89%A9/02_%E7%9F%A5%E8%AF%86%E7%82%B9%E8%80%83%E7%82%B9HTML/%E5%85%AD%E5%B9%B4%E7%BA%A7_%E6%95%B0%E5%AD%A6_%E7%9F%A5%E8%AF%86%E7%82%B9%E8%80%83%E7%82%B9.html
小学,六年级,英语,知识点,六年级_英语_知识点考点,https://chenzhuanxin.github.io/xianning-teaching-resources/%E4%BA%A4%E4%BB%98%E7%89%A9/02_%E7%9F%A5%E8%AF%86%E7%82%B9%E8%80%83%E7%82%B9HTML/%E5%85%AD%E5%B9%B4%E7%BA%A7_%E8%8B%B1%E8%AF%AD_%E7%9F%A5%E8%AF%86%E7%82%B9%E8%80%83%E7%82%B9.html
小学,六年级,道德与法治,知识点,六年级_道德与法治_知识点考点,https://chenzhuanxin.github.io/xianning-teaching-resources/%E4%BA%A4%E4%BB%98%E7%89%A9/02_%E7%9F%A5%E8%AF%86%E7%82%B9%E8%80%83%E7%82%B9HTML/%E5%85%AD%E5%B9%B4%E7%BA%A7_%E9%81%93%E5%BE%B7%E4%B8%8E%E6%B3%95%E6%B2%BB_%E7%9F%A5%E8%AF%86%E7%82%B9%E8%80%83%E7%82%B9.html
小学,六年级,科学,知识点,六年级_科学_知识点考点,https://chenzhuanxin.github.io/xianning-teaching-resources/%E4%BA%A4%E4%BB%98%E7%89%A9/02_%E7%9F%A5%E8%AF%86%E7%82%B9%E8%80%83%E7%82%B9HTML/%E5%85%AD%E5%B9%B4%E7%BA%A7_%E7%A7%91%E5%AD%A6_%E7%9F%A5%E8%AF%86%E7%82%B9%E8%80%83%E7%82%B9.html
初中,七年级,语文,知识点,七年级_语文_知识点考点,https://chenzhuanxin.github.io/xianning-teaching-resources/%E4%BA%A4%E4%BB%98%E7%89%A9/02_%E7%9F%A5%E8%AF%86%E7%82%B9%E8%80%83%E7%82%B9HTML/%E4%B8%83%E5%B9%B4%E7%BA%A7_%E8%AF%AD%E6%96%87_%E7%9F%A5%E8%AF%86%E7%82%B9%E8%80%83%E7%82%B9.html
初中,七年级,数学,知识点,七年级_数学_知识点考点,https://chenzhuanxin.github.io/xianning-teaching-resources/%E4%BA%A4%E4%BB%98%E7%89%A9/02_%E7%9F%A5%E8%AF%86%E7%82%B9%E8%80%83%E7%82%B9HTML/%E4%B8%83%E5%B9%B4%E7%BA%A7_%E6%95%B0%E5%AD%A6_%E7%9F%A5%E8%AF%86%E7%82%B9%E8%80%83%E7%82%B9.html
初中,七年级,英语,知识点,七年级_英语_知识点考点,https://chenzhuanxin.github.io/xianning-teaching-resources/%E4%BA%A4%E4%BB%98%E7%89%A9/02_%E7%9F%A5%E8%AF%86%E7%82%B9%E8%80%83%E7%82%B9HTML/%E4%B8%83%E5%B9%B4%E7%BA%A7_%E8%8B%B1%E8%AF%AD_%E7%9F%A5%E8%AF%86%E7%82%B9%E8%80%83%E7%82%B9.html
初中,七年级,道德与法治,知识点,七年级_道德与法治_知识点考点,https://chenzhuanxin.github.io/xianning-teaching-resources/%E4%BA%A4%E4%BB%98%E7%89%A9/02_%E7%9F%A5%E8%AF%86%E7%82%B9%E8%80%83%E7%82%B9HTML/%E4%B8%83%E5%B9%B4%E7%BA%A7_%E9%81%93%E5%BE%B7%E4%B8%8E%E6%B3%95%E6%B2%BB_%E7%9F%A5%E8%AF%86%E7%82%B9%E8%80%83%E7%82%B9.html
初中,七年级,生物,知识点,七年级_生物_知识点考点,https://chenzhuanxin.github.io/xianning-teaching-resources/%E4%BA%A4%E4%BB%98%E7%89%A9/02_%E7%9F%A5%E8%AF%86%E7%82%B9%E8%80%83%E7%82%B9HTML/%E4%B8%83%E5%B9%B4%E7%BA%A7_%E7%94%9F%E7%89%A9_%E7%9F%A5%E8%AF%86%E7%82%B9%E8%80%83%E7%82%B9.html
初中,七年级,历史,知识点,七年级_历史_知识点考点,https://chenzhuanxin.github.io/xianning-teaching-resources/%E4%BA%A4%E4%BB%98%E7%89%A9/02_%E7%9F%A5%E8%AF%86%E7%82%B9%E8%80%83%E7%82%B9HTML/%E4%B8%83%E5%B9%B4%E7%BA%A7_%E5%8E%86%E5%8F%B2_%E7%9F%A5%E8%AF%86%E7%82%B9%E8%80%83%E7%82%B9.html
初中,七年级,地理,知识点,七年级_地理_知识点考点,https://chenzhuanxin.github.io/xianning-teaching-resources/%E4%BA%A4%E4%BB%98%E7%89%A9/02_%E7%9F%A5%E8%AF%86%E7%82%B9%E8%80%83%E7%82%B9HTML/%E4%B8%83%E5%B9%B4%E7%BA%A7_%E5%9C%B0%E7%90%86_%E7%9F%A5%E8%AF%86%E7%82%B9%E8%80%83%E7%82%B9.html
初中,八年级,语文,知识点,八年级_语文_知识点考点,https://chenzhuanxin.github.io/xianning-teaching-resources/%E4%BA%A4%E4%BB%98%E7%89%A9/02_%E7%9F%A5%E8%AF%86%E7%82%B9%E8%80%83%E7%82%B9HTML/%E5%85%AB%E5%B9%B4%E7%BA%A7_%E8%AF%AD%E6%96%87_%E7%9F%A5%E8%AF%86%E7%82%B9%E8%80%83%E7%82%B9.html
初中,八年级,数学,知识点,八年级_数学_知识点考点,https://chenzhuanxin.github.io/xianning-teaching-resources/%E4%BA%A4%E4%BB%98%E7%89%A9/02_%E7%9F%A5%E8%AF%86%E7%82%B9%E8%80%83%E7%82%B9HTML/%E5%85%AB%E5%B9%B4%E7%BA%A7_%E6%95%B0%E5%AD%A6_%E7%9F%A5%E8%AF%86%E7%82%B9%E8%80%83%E7%82%B9.html
初中,八年级,英语,知识点,八年级_英语_知识点考点,https://chenzhuanxin.github.io/xianning-teaching-resources/%E4%BA%A4%E4%BB%98%E7%89%A9/02_%E7%9F%A5%E8%AF%86%E7%82%B9%E8%80%83%E7%82%B9HTML/%E5%85%AB%E5%B9%B4%E7%BA%A7_%E8%8B%B1%E8%AF%AD_%E7%9F%A5%E8%AF%86%E7%82%B9%E8%80%83%E7%82%B9.html
初中,八年级,道德与法治,知识点,八年级_道德与法治_知识点考点,https://chenzhuanxin.github.io/xianning-teaching-resources/%E4%BA%A4%E4%BB%98%E7%89%A9/02_%E7%9F%A5%E8%AF%86%E7%82%B9%E8%80%83%E7%82%B9HTML/%E5%85%AB%E5%B9%B4%E7%BA%A7_%E9%81%93%E5%BE%B7%E4%B8%8E%E6%B3%95%E6%B2%BB_%E7%9F%A5%E8%AF%86%E7%82%B9%E8%80%83%E7%82%B9.html
初中,八年级,物理,知识点,八年级_物理_知识点考点,https://chenzhuanxin.github.io/xianning-teaching-resources/%E4%BA%A4%E4%BB%98%E7%89%A9/02_%E7%9F%A5%E8%AF%86%E7%82%B9%E8%80%83%E7%82%B9HTML/%E5%85%AB%E5%B9%B4%E7%BA%A7_%E7%89%A9%E7%90%86_%E7%9F%A5%E8%AF%86%E7%82%B9%E8%80%83%E7%82%B9.html
初中,八年级,生物,知识点,八年级_生物_知识点考点,https://chenzhuanxin.github.io/xianning-teaching-resources/%E4%BA%A4%E4%BB%98%E7%89%A9/02_%E7%9F%A5%E8%AF%86%E7%82%B9%E8%80%83%E7%82%B9HTML/%E5%85%AB%E5%B9%B4%E7%BA%A7_%E7%94%9F%E7%89%A9_%E7%9F%A5%E8%AF%86%E7%82%B9%E8%80%83%E7%82%B9.html
初中,八年级,历史,知识点,八年级_历史_知识点考点,https://chenzhuanxin.github.io/xianning-teaching-resources/%E4%BA%A4%E4%BB%98%E7%89%A9/02_%E7%9F%A5%E8%AF%86%E7%82%B9%E8%80%83%E7%82%B9HTML/%E5%85%AB%E5%B9%B4%E7%BA%A7_%E5%8E%86%E5%8F%B2_%E7%9F%A5%E8%AF%86%E7%82%B9%E8%80%83%E7%82%B9.html
初中,八年级,地理,知识点,八年级_地理_知识点考点,https://chenzhuanxin.github.io/xianning-teaching-resources/%E4%BA%A4%E4%BB%98%E7%89%A9/02_%E7%9F%A5%E8%AF%86%E7%82%B9%E8%80%83%E7%82%B9HTML/%E5%85%AB%E5%B9%B4%E7%BA%A7_%E5%9C%B0%E7%90%86_%E7%9F%A5%E8%AF%86%E7%82%B9%E8%80%83%E7%82%B9.html
初中,九年级,语文,知识点,九年级_语文_知识点考点,https://chenzhuanxin.github.io/xianning-teaching-resources/%E4%BA%A4%E4%BB%98%E7%89%A9/02_%E7%9F%A5%E8%AF%86%E7%82%B9%E8%80%83%E7%82%B9HTML/%E4%B9%9D%E5%B9%B4%E7%BA%A7_%E8%AF%AD%E6%96%87_%E7%9F%A5%E8%AF%86%E7%82%B9%E8%80%83%E7%82%B9.html
初中,九年级,数学,知识点,九年级_数学_知识点考点,https://chenzhuanxin.github.io/xianning-teaching-resources/%E4%BA%A4%E4%BB%98%E7%89%A9/02_%E7%9F%A5%E8%AF%86%E7%82%B9%E8%80%83%E7%82%B9HTML/%E4%B9%9D%E5%B9%B4%E7%BA%A7_%E6%95%B0%E5%AD%A6_%E7%9F%A5%E8%AF%86%E7%82%B9%E8%80%83%E7%82%B9.html
初中,九年级,英语,知识点,九年级_英语_知识点考点,https://chenzhuanxin.github.io/xianning-teaching-resources/%E4%BA%A4%E4%BB%98%E7%89%A9/02_%E7%9F%A5%E8%AF%86%E7%82%B9%E8%80%83%E7%82%B9HTML/%E4%B9%9D%E5%B9%B4%E7%BA%A7_%E8%8B%B1%E8%AF%AD_%E7%9F%A5%E8%AF%86%E7%82%B9%E8%80%83%E7%82%B9.html
初中,九年级,道德与法治,知识点,九年级_道德与法治_知识点考点,https://chenzhuanxin.github.io/xianning-teaching-resources/%E4%BA%A4%E4%BB%98%E7%89%A9/02_%E7%9F%A5%E8%AF%86%E7%82%B9%E8%80%83%E7%82%B9HTML/%E4%B9%9D%E5%B9%B4%E7%BA%A7_%E9%81%93%E5%BE%B7%E4%B8%8E%E6%B3%95%E6%B2%BB_%E7%9F%A5%E8%AF%86%E7%82%B9%E8%80%83%E7%82%B9.html
初中,九年级,物理,知识点,九年级_物理_知识点考点,https://chenzhuanxin.github.io/xianning-teaching-resources/%E4%BA%A4%E4%BB%98%E7%89%A9/02_%E7%9F%A5%E8%AF%86%E7%82%B9%E8%80%83%E7%82%B9HTML/%E4%B9%9D%E5%B9%B4%E7%BA%A7_%E7%89%A9%E7%90%86_%E7%9F%A5%E8%AF%86%E7%82%B9%E8%80%83%E7%82%B9.html
初中,九年级,化学,知识点,九年级_化学_知识点考点,https://chenzhuanxin.github.io/xianning-teaching-resources/%E4%BA%A4%E4%BB%98%E7%89%A9/02_%E7%9F%A5%E8%AF%86%E7%82%B9%E8%80%83%E7%82%B9HTML/%E4%B9%9D%E5%B9%B4%E7%BA%A7_%E5%8C%96%E5%AD%A6_%E7%9F%A5%E8%AF%86%E7%82%B9%E8%80%83%E7%82%B9.html
初中,九年级,历史,知识点,九年级_历史_知识点考点,https://chenzhuanxin.github.io/xianning-teaching-resources/%E4%BA%A4%E4%BB%98%E7%89%A9/02_%E7%9F%A5%E8%AF%86%E7%82%B9%E8%80%83%E7%82%B9HTML/%E4%B9%9D%E5%B9%B4%E7%BA%A7_%E5%8E%86%E5%8F%B2_%E7%9F%A5%E8%AF%86%E7%82%B9%E8%80%83%E7%82%B9.html
高中,高一,语文,知识点,高一_语文_知识点考点,https://chenzhuanxin.github.io/xianning-teaching-resources/%E4%BA%A4%E4%BB%98%E7%89%A9/02_%E7%9F%A5%E8%AF%86%E7%82%B9%E8%80%83%E7%82%B9HTML/%E9%AB%98%E4%B8%80_%E8%AF%AD%E6%96%87_%E7%9F%A5%E8%AF%86%E7%82%B9%E8%80%83%E7%82%B9.html
高中,高一,数学,知识点,高一_数学_知识点考点,https://chenzhuanxin.github.io/xianning-teaching-resources/%E4%BA%A4%E4%BB%98%E7%89%A9/02_%E7%9F%A5%E8%AF%86%E7%82%B9%E8%80%83%E7%82%B9HTML/%E9%AB%98%E4%B8%80_%E6%95%B0%E5%AD%A6_%E7%9F%A5%E8%AF%86%E7%82%B9%E8%80%83%E7%82%B9.html
高中,高一,英语,知识点,高一_英语_知识点考点,https://chenzhuanxin.github.io/xianning-teaching-resources/%E4%BA%A4%E4%BB%98%E7%89%A9/02_%E7%9F%A5%E8%AF%86%E7%82%B9%E8%80%83%E7%82%B9HTML/%E9%AB%98%E4%B8%80_%E8%8B%B1%E8%AF%AD_%E7%9F%A5%E8%AF%86%E7%82%B9%E8%80%83%E7%82%B9.html
高中,高一,思想政治,知识点,高一_思想政治_知识点考点,https://chenzhuanxin.github.io/xianning-teaching-resources/%E4%BA%A4%E4%BB%98%E7%89%A9/02_%E7%9F%A5%E8%AF%86%E7%82%B9%E8%80%83%E7%82%B9HTML/%E9%AB%98%E4%B8%80_%E6%80%9D%E6%83%B3%E6%94%BF%E6%B2%BB_%E7%9F%A5%E8%AF%86%E7%82%B9%E8%80%83%E7%82%B9.html
高中,高一,物理,知识点,高一_物理_知识点考点,https://chenzhuanxin.github.io/xianning-teaching-resources/%E4%BA%A4%E4%BB%98%E7%89%A9/02_%E7%9F%A5%E8%AF%86%E7%82%B9%E8%80%83%E7%82%B9HTML/%E9%AB%98%E4%B8%80_%E7%89%A9%E7%90%86_%E7%9F%A5%E8%AF%86%E7%82%B9%E8%80%83%E7%82%B9.html
高中,高一,化学,知识点,高一_化学_知识点考点,https://chenzhuanxin.github.io/xianning-teaching-resources/%E4%BA%A4%E4%BB%98%E7%89%A9/02_%E7%9F%A5%E8%AF%86%E7%82%B9%E8%80%83%E7%82%B9HTML/%E9%AB%98%E4%B8%80_%E5%8C%96%E5%AD%A6_%E7%9F%A5%E8%AF%86%E7%82%B9%E8%80%83%E7%82%B9.html
高中,高一,生物,知识点,高一_生物_知识点考点,https://chenzhuanxin.github.io/xianning-teaching-resources/%E4%BA%A4%E4%BB%98%E7%89%A9/02_%E7%9F%A5%E8%AF%86%E7%82%B9%E8%80%83%E7%82%B9HTML/%E9%AB%98%E4%B8%80_%E7%94%9F%E7%89%A9_%E7%9F%A5%E8%AF%86%E7%82%B9%E8%80%83%E7%82%B9.html
高中,高一,历史,知识点,高一_历史_知识点考点,https://chenzhuanxin.github.io/xianning-teaching-resources/%E4%BA%A4%E4%BB%98%E7%89%A9/02_%E7%9F%A5%E8%AF%86%E7%82%B9%E8%80%83%E7%82%B9HTML/%E9%AB%98%E4%B8%80_%E5%8E%86%E5%8F%B2_%E7%9F%A5%E8%AF%86%E7%82%B9%E8%80%83%E7%82%B9.html
高中,高一,地理,知识点,高一_地理_知识点考点,https://chenzhuanxin.github.io/xianning-teaching-resources/%E4%BA%A4%E4%BB%98%E7%89%A9/02_%E7%9F%A5%E8%AF%86%E7%82%B9%E8%80%83%E7%82%B9HTML/%E9%AB%98%E4%B8%80_%E5%9C%B0%E7%90%86_%E7%9F%A5%E8%AF%86%E7%82%B9%E8%80%83%E7%82%B9.html
高中,高二,语文,知识点,高二_语文_知识点考点,https://chenzhuanxin.github.io/xianning-teaching-resources/%E4%BA%A4%E4%BB%98%E7%89%A9/02_%E7%9F%A5%E8%AF%86%E7%82%B9%E8%80%83%E7%82%B9HTML/%E9%AB%98%E4%BA%8C_%E8%AF%AD%E6%96%87_%E7%9F%A5%E8%AF%86%E7%82%B9%E8%80%83%E7%82%B9.html
高中,高二,数学,知识点,高二_数学_知识点考点,https://chenzhuanxin.github.io/xianning-teaching-resources/%E4%BA%A4%E4%BB%98%E7%89%A9/02_%E7%9F%A5%E8%AF%86%E7%82%B9%E8%80%83%E7%82%B9HTML/%E9%AB%98%E4%BA%8C_%E6%95%B0%E5%AD%A6_%E7%9F%A5%E8%AF%86%E7%82%B9%E8%80%83%E7%82%B9.html
高中,高二,英语,知识点,高二_英语_知识点考点,https://chenzhuanxin.github.io/xianning-teaching-resources/%E4%BA%A4%E4%BB%98%E7%89%A9/02_%E7%9F%A5%E8%AF%86%E7%82%B9%E8%80%83%E7%82%B9HTML/%E9%AB%98%E4%BA%8C_%E8%8B%B1%E8%AF%AD_%E7%9F%A5%E8%AF%86%E7%82%B9%E8%80%83%E7%82%B9.html
高中,高二,思想政治,知识点,高二_思想政治_知识点考点,https://chenzhuanxin.github.io/xianning-teaching-resources/%E4%BA%A4%E4%BB%98%E7%89%A9/02_%E7%9F%A5%E8%AF%86%E7%82%B9%E8%80%83%E7%82%B9HTML/%E9%AB%98%E4%BA%8C_%E6%80%9D%E6%83%B3%E6%94%BF%E6%B2%BB_%E7%9F%A5%E8%AF%86%E7%82%B9%E8%80%83%E7%82%B9.html
高中,高二,物理,知识点,高二_物理_知识点考点,https://chenzhuanxin.github.io/xianning-teaching-resources/%E4%BA%A4%E4%BB%98%E7%89%A9/02_%E7%9F%A5%E8%AF%86%E7%82%B9%E8%80%83%E7%82%B9HTML/%E9%AB%98%E4%BA%8C_%E7%89%A9%E7%90%86_%E7%9F%A5%E8%AF%86%E7%82%B9%E8%80%83%E7%82%B9.html
高中,高二,化学,知识点,高二_化学_知识点考点,https://chenzhuanxin.github.io/xianning-teaching-resources/%E4%BA%A4%E4%BB%98%E7%89%A9/02_%E7%9F%A5%E8%AF%86%E7%82%B9%E8%80%83%E7%82%B9HTML/%E9%AB%98%E4%BA%8C_%E5%8C%96%E5%AD%A6_%E7%9F%A5%E8%AF%86%E7%82%B9%E8%80%83%E7%82%B9.html
高中,高二,生物,知识点,高二_生物_知识点考点,https://chenzhuanxin.github.io/xianning-teaching-resources/%E4%BA%A4%E4%BB%98%E7%89%A9/02_%E7%9F%A5%E8%AF%86%E7%82%B9%E8%80%83%E7%82%B9HTML/%E9%AB%98%E4%BA%8C_%E7%94%9F%E7%89%A9_%E7%9F%A5%E8%AF%86%E7%82%B9%E8%80%83%E7%82%B9.html
高中,高二,历史,知识点,高二_历史_知识点考点,https://chenzhuanxin.github.io/xianning-teaching-resources/%E4%BA%A4%E4%BB%98%E7%89%A9/02_%E7%9F%A5%E8%AF%86%E7%82%B9%E8%80%83%E7%82%B9HTML/%E9%AB%98%E4%BA%8C_%E5%8E%86%E5%8F%B2_%E7%9F%A5%E8%AF%86%E7%82%B9%E8%80%83%E7%82%B9.html
高中,高二,地理,知识点,高二_地理_知识点考点,https://chenzhuanxin.github.io/xianning-teaching-resources/%E4%BA%A4%E4%BB%98%E7%89%A9/02_%E7%9F%A5%E8%AF%86%E7%82%B9%E8%80%83%E7%82%B9HTML/%E9%AB%98%E4%BA%8C_%E5%9C%B0%E7%90%86_%E7%9F%A5%E8%AF%86%E7%82%B9%E8%80%83%E7%82%B9.html
高中,高三,语文,知识点,高三_语文_知识点考点,https://chenzhuanxin.github.io/xianning-teaching-resources/%E4%BA%A4%E4%BB%98%E7%89%A9/02_%E7%9F%A5%E8%AF%86%E7%82%B9%E8%80%83%E7%82%B9HTML/%E9%AB%98%E4%B8%89_%E8%AF%AD%E6%96%87_%E7%9F%A5%E8%AF%86%E7%82%B9%E8%80%83%E7%82%B9.html
高中,高三,数学,知识点,高三_数学_知识点考点,https://chenzhuanxin.github.io/xianning-teaching-resources/%E4%BA%A4%E4%BB%98%E7%89%A9/02_%E7%9F%A5%E8%AF%86%E7%82%B9%E8%80%83%E7%82%B9HTML/%E9%AB%98%E4%B8%89_%E6%95%B0%E5%AD%A6_%E7%9F%A5%E8%AF%86%E7%82%B9%E8%80%83%E7%82%B9.html
高中,高三,英语,知识点,高三_英语_知识点考点,https://chenzhuanxin.github.io/xianning-teaching-resources/%E4%BA%A4%E4%BB%98%E7%89%A9/02_%E7%9F%A5%E8%AF%86%E7%82%B9%E8%80%83%E7%82%B9HTML/%E9%AB%98%E4%B8%89_%E8%8B%B1%E8%AF%AD_%E7%9F%A5%E8%AF%86%E7%82%B9%E8%80%83%E7%82%B9.html
高中,高三,思想政治,知识点,高三_思想政治_知识点考点,https://chenzhuanxin.github.io/xianning-teaching-resources/%E4%BA%A4%E4%BB%98%E7%89%A9/02_%E7%9F%A5%E8%AF%86%E7%82%B9%E8%80%83%E7%82%B9HTML/%E9%AB%98%E4%B8%89_%E6%80%9D%E6%83%B3%E6%94%BF%E6%B2%BB_%E7%9F%A5%E8%AF%86%E7%82%B9%E8%80%83%E7%82%B9.html
高中,高三,物理,知识点,高三_物理_知识点考点,https://chenzhuanxin.github.io/xianning-teaching-resources/%E4%BA%A4%E4%BB%98%E7%89%A9/02_%E7%9F%A5%E8%AF%86%E7%82%B9%E8%80%83%E7%82%B9HTML/%E9%AB%98%E4%B8%89_%E7%89%A9%E7%90%86_%E7%9F%A5%E8%AF%86%E7%82%B9%E8%80%83%E7%82%B9.html
高中,高三,化学,知识点,高三_化学_知识点考点,https://chenzhuanxin.github.io/xianning-teaching-resources/%E4%BA%A4%E4%BB%98%E7%89%A9/02_%E7%9F%A5%E8%AF%86%E7%82%B9%E8%80%83%E7%82%B9HTML/%E9%AB%98%E4%B8%89_%E5%8C%96%E5%AD%A6_%E7%9F%A5%E8%AF%86%E7%82%B9%E8%80%83%E7%82%B9.html
高中,高三,生物,知识点,高三_生物_知识点考点,https://chenzhuanxin.github.io/xianning-teaching-resources/%E4%BA%A4%E4%BB%98%E7%89%A9/02_%E7%9F%A5%E8%AF%86%E7%82%B9%E8%80%83%E7%82%B9HTML/%E9%AB%98%E4%B8%89_%E7%94%9F%E7%89%A9_%E7%9F%A5%E8%AF%86%E7%82%B9%E8%80%83%E7%82%B9.html
高中,高三,历史,知识点,高三_历史_知识点考点,https://chenzhuanxin.github.io/xianning-teaching-resources/%E4%BA%A4%E4%BB%98%E7%89%A9/02_%E7%9F%A5%E8%AF%86%E7%82%B9%E8%80%83%E7%82%B9HTML/%E9%AB%98%E4%B8%89_%E5%8E%86%E5%8F%B2_%E7%9F%A5%E8%AF%86%E7%82%B9%E8%80%83%E7%82%B9.html
高中,高三,地理,知识点,高三_地理_知识点考点,https://chenzhuanxin.github.io/xianning-teaching-resources/%E4%BA%A4%E4%BB%98%E7%89%A9/02_%E7%9F%A5%E8%AF%86%E7%82%B9%E8%80%83%E7%82%B9HTML/%E9%AB%98%E4%B8%89_%E5%9C%B0%E7%90%86_%E7%9F%A5%E8%AF%86%E7%82%B9%E8%80%83%E7%82%B9.html
小学,一年级,语文,试卷Word,一年级语文_上学期期末学业水平测试_学业水平测试B卷,https://chenzhuanxin.github.io/xianning-teaching-resources/%E4%BA%A4%E4%BB%98%E7%89%A9/03_%E6%9C%9F%E6%9C%AB%E7%9C%9F%E9%A2%98%E8%AF%95%E5%8D%B7/Word_PDF/%E4%B8%80%E5%B9%B4%E7%BA%A7%E8%AF%AD%E6%96%87_%E4%B8%8A%E5%AD%A6%E6%9C%9F%E6%9C%9F%E6%9C%AB%E5%AD%A6%E4%B8%9A%E6%B0%B4%E5%B9%B3%E6%B5%8B%E8%AF%95_%E5%AD%A6%E4%B8%9A%E6%B0%B4%E5%B9%B3%E6%B5%8B%E8%AF%95B%E5%8D%B7.docx
小学,一年级,语文,试卷Word,一年级语文_下学期期末综合检测_综合检测C卷,https://chenzhuanxin.github.io/xianning-teaching-resources/%E4%BA%A4%E4%BB%98%E7%89%A9/03_%E6%9C%9F%E6%9C%AB%E7%9C%9F%E9%A2%98%E8%AF%95%E5%8D%B7/Word_PDF/%E4%B8%80%E5%B9%B4%E7%BA%A7%E8%AF%AD%E6%96%87_%E4%B8%8B%E5%AD%A6%E6%9C%9F%E6%9C%9F%E6%9C%AB%E7%BB%BC%E5%90%88%E6%A3%80%E6%B5%8B_%E7%BB%BC%E5%90%88%E6%A3%80%E6%B5%8BC%E5%8D%B7.docx
小学,一年级,语文,试卷Word,一年级语文_期末复习质量检测_复习质量检测D卷,https://chenzhuanxin.github.io/xianning-teaching-resources/%E4%BA%A4%E4%BB%98%E7%89%A9/03_%E6%9C%9F%E6%9C%AB%E7%9C%9F%E9%A2%98%E8%AF%95%E5%8D%B7/Word_PDF/%E4%B8%80%E5%B9%B4%E7%BA%A7%E8%AF%AD%E6%96%87_%E6%9C%9F%E6%9C%AB%E5%A4%8D%E4%B9%A0%E8%B4%A8%E9%87%8F%E6%A3%80%E6%B5%8B_%E5%A4%8D%E4%B9%A0%E8%B4%A8%E9%87%8F%E6%A3%80%E6%B5%8BD%E5%8D%B7.docx
小学,一年级,语文,试卷Word,一年级语文_期末学业质量监测_学业质量监测E卷,https://chenzhuanxin.github.io/xianning-teaching-resources/%E4%BA%A4%E4%BB%98%E7%89%A9/03_%E6%9C%9F%E6%9C%AB%E7%9C%9F%E9%A2%98%E8%AF%95%E5%8D%B7/Word_PDF/%E4%B8%80%E5%B9%B4%E7%BA%A7%E8%AF%AD%E6%96%87_%E6%9C%9F%E6%9C%AB%E5%AD%A6%E4%B8%9A%E8%B4%A8%E9%87%8F%E7%9B%91%E6%B5%8B_%E5%AD%A6%E4%B8%9A%E8%B4%A8%E9%87%8F%E7%9B%91%E6%B5%8BE%E5%8D%B7.docx
小学,一年级,语文,试卷Word,一年级语文_第一学期期末质量检测_期末质量检测A卷,https://chenzhuanxin.github.io/xianning-teaching-resources/%E4%BA%A4%E4%BB%98%E7%89%A9/03_%E6%9C%9F%E6%9C%AB%E7%9C%9F%E9%A2%98%E8%AF%95%E5%8D%B7/Word_PDF/%E4%B8%80%E5%B9%B4%E7%BA%A7%E8%AF%AD%E6%96%87_%E7%AC%AC%E4%B8%80%E5%AD%A6%E6%9C%9F%E6%9C%9F%E6%9C%AB%E8%B4%A8%E9%87%8F%E6%A3%80%E6%B5%8B_%E6%9C%9F%E6%9C%AB%E8%B4%A8%E9%87%8F%E6%A3%80%E6%B5%8BA%E5%8D%B7.docx
小学,一年级,数学,试卷Word,一年级数学_上学期期末学业水平测试_学业水平测试B卷,https://chenzhuanxin.github.io/xianning-teaching-resources/%E4%BA%A4%E4%BB%98%E7%89%A9/03_%E6%9C%9F%E6%9C%AB%E7%9C%9F%E9%A2%98%E8%AF%95%E5%8D%B7/Word_PDF/%E4%B8%80%E5%B9%B4%E7%BA%A7%E6%95%B0%E5%AD%A6_%E4%B8%8A%E5%AD%A6%E6%9C%9F%E6%9C%9F%E6%9C%AB%E5%AD%A6%E4%B8%9A%E6%B0%B4%E5%B9%B3%E6%B5%8B%E8%AF%95_%E5%AD%A6%E4%B8%9A%E6%B0%B4%E5%B9%B3%E6%B5%8B%E8%AF%95B%E5%8D%B7.docx
小学,一年级,数学,试卷Word,一年级数学_下学期期末综合检测_综合检测C卷,https://chenzhuanxin.github.io/xianning-teaching-resources/%E4%BA%A4%E4%BB%98%E7%89%A9/03_%E6%9C%9F%E6%9C%AB%E7%9C%9F%E9%A2%98%E8%AF%95%E5%8D%B7/Word_PDF/%E4%B8%80%E5%B9%B4%E7%BA%A7%E6%95%B0%E5%AD%A6_%E4%B8%8B%E5%AD%A6%E6%9C%9F%E6%9C%9F%E6%9C%AB%E7%BB%BC%E5%90%88%E6%A3%80%E6%B5%8B_%E7%BB%BC%E5%90%88%E6%A3%80%E6%B5%8BC%E5%8D%B7.docx
小学,一年级,数学,试卷Word,一年级数学_期末复习质量检测_复习质量检测D卷,https://chenzhuanxin.github.io/xianning-teaching-resources/%E4%BA%A4%E4%BB%98%E7%89%A9/03_%E6%9C%9F%E6%9C%AB%E7%9C%9F%E9%A2%98%E8%AF%95%E5%8D%B7/Word_PDF/%E4%B8%80%E5%B9%B4%E7%BA%A7%E6%95%B0%E5%AD%A6_%E6%9C%9F%E6%9C%AB%E5%A4%8D%E4%B9%A0%E8%B4%A8%E9%87%8F%E6%A3%80%E6%B5%8B_%E5%A4%8D%E4%B9%A0%E8%B4%A8%E9%87%8F%E6%A3%80%E6%B5%8BD%E5%8D%B7.docx
小学,一年级,数学,试卷Word,一年级数学_期末学业质量监测_学业质量监测E卷,https://chenzhuanxin.github.io/xianning-teaching-resources/%E4%BA%A4%E4%BB%98%E7%89%A9/03_%E6%9C%9F%E6%9C%AB%E7%9C%9F%E9%A2%98%E8%AF%95%E5%8D%B7/Word_PDF/%E4%B8%80%E5%B9%B4%E7%BA%A7%E6%95%B0%E5%AD%A6_%E6%9C%9F%E6%9C%AB%E5%AD%A6%E4%B8%9A%E8%B4%A8%E9%87%8F%E7%9B%91%E6%B5%8B_%E5%AD%A6%E4%B8%9A%E8%B4%A8%E9%87%8F%E7%9B%91%E6%B5%8BE%E5%8D%B7.docx
小学,一年级,数学,试卷Word,一年级数学_第一学期期末质量检测_期末质量检测A卷,https://chenzhuanxin.github.io/xianning-teaching-resources/%E4%BA%A4%E4%BB%98%E7%89%A9/03_%E6%9C%9F%E6%9C%AB%E7%9C%9F%E9%A2%98%E8%AF%95%E5%8D%B7/Word_PDF/%E4%B8%80%E5%B9%B4%E7%BA%A7%E6%95%B0%E5%AD%A6_%E7%AC%AC%E4%B8%80%E5%AD%A6%E6%9C%9F%E6%9C%9F%E6%9C%AB%E8%B4%A8%E9%87%8F%E6%A3%80%E6%B5%8B_%E6%9C%9F%E6%9C%AB%E8%B4%A8%E9%87%8F%E6%A3%80%E6%B5%8BA%E5%8D%B7.docx
小学,一年级,道德与法治,试卷Word,一年级道德与法治_上学期期末学业水平测试_学业水平测试B卷,https://chenzhuanxin.github.io/xianning-teaching-resources/%E4%BA%A4%E4%BB%98%E7%89%A9/03_%E6%9C%9F%E6%9C%AB%E7%9C%9F%E9%A2%98%E8%AF%95%E5%8D%B7/Word_PDF/%E4%B8%80%E5%B9%B4%E7%BA%A7%E9%81%93%E5%BE%B7%E4%B8%8E%E6%B3%95%E6%B2%BB_%E4%B8%8A%E5%AD%A6%E6%9C%9F%E6%9C%9F%E6%9C%AB%E5%AD%A6%E4%B8%9A%E6%B0%B4%E5%B9%B3%E6%B5%8B%E8%AF%95_%E5%AD%A6%E4%B8%9A%E6%B0%B4%E5%B9%B3%E6%B5%8B%E8%AF%95B%E5%8D%B7.docx
小学,一年级,道德与法治,试卷Word,一年级道德与法治_下学期期末综合检测_综合检测C卷,https://chenzhuanxin.github.io/xianning-teaching-resources/%E4%BA%A4%E4%BB%98%E7%89%A9/03_%E6%9C%9F%E6%9C%AB%E7%9C%9F%E9%A2%98%E8%AF%95%E5%8D%B7/Word_PDF/%E4%B8%80%E5%B9%B4%E7%BA%A7%E9%81%93%E5%BE%B7%E4%B8%8E%E6%B3%95%E6%B2%BB_%E4%B8%8B%E5%AD%A6%E6%9C%9F%E6%9C%9F%E6%9C%AB%E7%BB%BC%E5%90%88%E6%A3%80%E6%B5%8B_%E7%BB%BC%E5%90%88%E6%A3%80%E6%B5%8BC%E5%8D%B7.docx
小学,一年级,道德与法治,试卷Word,一年级道德与法治_期末复习质量检测_复习质量检测D卷,https://chenzhuanxin.github.io/xianning-teaching-resources/%E4%BA%A4%E4%BB%98%E7%89%A9/03_%E6%9C%9F%E6%9C%AB%E7%9C%9F%E9%A2%98%E8%AF%95%E5%8D%B7/Word_PDF/%E4%B8%80%E5%B9%B4%E7%BA%A7%E9%81%93%E5%BE%B7%E4%B8%8E%E6%B3%95%E6%B2%BB_%E6%9C%9F%E6%9C%AB%E5%A4%8D%E4%B9%A0%E8%B4%A8%E9%87%8F%E6%A3%80%E6%B5%8B_%E5%A4%8D%E4%B9%A0%E8%B4%A8%E9%87%8F%E6%A3%80%E6%B5%8BD%E5%8D%B7.docx
小学,一年级,道德与法治,试卷Word,一年级道德与法治_期末学业质量监测_学业质量监测E卷,https://chenzhuanxin.github.io/xianning-teaching-resources/%E4%BA%A4%E4%BB%98%E7%89%A9/03_%E6%9C%9F%E6%9C%AB%E7%9C%9F%E9%A2%98%E8%AF%95%E5%8D%B7/Word_PDF/%E4%B8%80%E5%B9%B4%E7%BA%A7%E9%81%93%E5%BE%B7%E4%B8%8E%E6%B3%95%E6%B2%BB_%E6%9C%9F%E6%9C%AB%E5%AD%A6%E4%B8%9A%E8%B4%A8%E9%87%8F%E7%9B%91%E6%B5%8B_%E5%AD%A6%E4%B8%9A%E8%B4%A8%E9%87%8F%E7%9B%91%E6%B5%8BE%E5%8D%B7.docx
小学,一年级,道德与法治,试卷Word,一年级道德与法治_第一学期期末质量检测_期末质量检测A卷,https://chenzhuanxin.github.io/xianning-teaching-resources/%E4%BA%A4%E4%BB%98%E7%89%A9/03_%E6%9C%9F%E6%9C%AB%E7%9C%9F%E9%A2%98%E8%AF%95%E5%8D%B7/Word_PDF/%E4%B8%80%E5%B9%B4%E7%BA%A7%E9%81%93%E5%BE%B7%E4%B8%8E%E6%B3%95%E6%B2%BB_%E7%AC%AC%E4%B8%80%E5%AD%A6%E6%9C%9F%E6%9C%9F%E6%9C%AB%E8%B4%A8%E9%87%8F%E6%A3%80%E6%B5%8B_%E6%9C%9F%E6%9C%AB%E8%B4%A8%E9%87%8F%E6%A3%80%E6%B5%8BA%E5%8D%B7.docx
小学,一年级,科学,试卷Word,一年级科学_上学期期末学业水平测试_学业水平测试B卷,https://chenzhuanxin.github.io/xianning-teaching-resources/%E4%BA%A4%E4%BB%98%E7%89%A9/03_%E6%9C%9F%E6%9C%AB%E7%9C%9F%E9%A2%98%E8%AF%95%E5%8D%B7/Word_PDF/%E4%B8%80%E5%B9%B4%E7%BA%A7%E7%A7%91%E5%AD%A6_%E4%B8%8A%E5%AD%A6%E6%9C%9F%E6%9C%9F%E6%9C%AB%E5%AD%A6%E4%B8%9A%E6%B0%B4%E5%B9%B3%E6%B5%8B%E8%AF%95_%E5%AD%A6%E4%B8%9A%E6%B0%B4%E5%B9%B3%E6%B5%8B%E8%AF%95B%E5%8D%B7.docx
小学,一年级,科学,试卷Word,一年级科学_下学期期末综合检测_综合检测C卷,https://chenzhuanxin.github.io/xianning-teaching-resources/%E4%BA%A4%E4%BB%98%E7%89%A9/03_%E6%9C%9F%E6%9C%AB%E7%9C%9F%E9%A2%98%E8%AF%95%E5%8D%B7/Word_PDF/%E4%B8%80%E5%B9%B4%E7%BA%A7%E7%A7%91%E5%AD%A6_%E4%B8%8B%E5%AD%A6%E6%9C%9F%E6%9C%9F%E6%9C%AB%E7%BB%BC%E5%90%88%E6%A3%80%E6%B5%8B_%E7%BB%BC%E5%90%88%E6%A3%80%E6%B5%8BC%E5%8D%B7.docx
小学,一年级,科学,试卷Word,一年级科学_期末复习质量检测_复习质量检测D卷,https://chenzhuanxin.github.io/xianning-teaching-resources/%E4%BA%A4%E4%BB%98%E7%89%A9/03_%E6%9C%9F%E6%9C%AB%E7%9C%9F%E9%A2%98%E8%AF%95%E5%8D%B7/Word_PDF/%E4%B8%80%E5%B9%B4%E7%BA%A7%E7%A7%91%E5%AD%A6_%E6%9C%9F%E6%9C%AB%E5%A4%8D%E4%B9%A0%E8%B4%A8%E9%87%8F%E6%A3%80%E6%B5%8B_%E5%A4%8D%E4%B9%A0%E8%B4%A8%E9%87%8F%E6%A3%80%E6%B5%8BD%E5%8D%B7.docx
小学,一年级,科学,试卷Word,一年级科学_期末学业质量监测_学业质量监测E卷,https://chenzhuanxin.github.io/xianning-teaching-resources/%E4%BA%A4%E4%BB%98%E7%89%A9/03_%E6%9C%9F%E6%9C%AB%E7%9C%9F%E9%A2%98%E8%AF%95%E5%8D%B7/Word_PDF/%E4%B8%80%E5%B9%B4%E7%BA%A7%E7%A7%91%E5%AD%A6_%E6%9C%9F%E6%9C%AB%E5%AD%A6%E4%B8%9A%E8%B4%A8%E9%87%8F%E7%9B%91%E6%B5%8B_%E5%AD%A6%E4%B8%9A%E8%B4%A8%E9%87%8F%E7%9B%91%E6%B5%8BE%E5%8D%B7.docx
小学,一年级,科学,试卷Word,一年级科学_第一学期期末质量检测_期末质量检测A卷,https://chenzhuanxin.github.io/xianning-teaching-resources/%E4%BA%A4%E4%BB%98%E7%89%A9/03_%E6%9C%9F%E6%9C%AB%E7%9C%9F%E9%A2%98%E8%AF%95%E5%8D%B7/Word_PDF/%E4%B8%80%E5%B9%B4%E7%BA%A7%E7%A7%91%E5%AD%A6_%E7%AC%AC%E4%B8%80%E5%AD%A6%E6%9C%9F%E6%9C%9F%E6%9C%AB%E8%B4%A8%E9%87%8F%E6%A3%80%E6%B5%8B_%E6%9C%9F%E6%9C%AB%E8%B4%A8%E9%87%8F%E6%A3%80%E6%B5%8BA%E5%8D%B7.docx
小学,二年级,语文,试卷Word,二年级语文_上学期期末学业水平测试_学业水平测试B卷,https://chenzhuanxin.github.io/xianning-teaching-resources/%E4%BA%A4%E4%BB%98%E7%89%A9/03_%E6%9C%9F%E6%9C%AB%E7%9C%9F%E9%A2%98%E8%AF%95%E5%8D%B7/Word_PDF/%E4%BA%8C%E5%B9%B4%E7%BA%A7%E8%AF%AD%E6%96%87_%E4%B8%8A%E5%AD%A6%E6%9C%9F%E6%9C%9F%E6%9C%AB%E5%AD%A6%E4%B8%9A%E6%B0%B4%E5%B9%B3%E6%B5%8B%E8%AF%95_%E5%AD%A6%E4%B8%9A%E6%B0%B4%E5%B9%B3%E6%B5%8B%E8%AF%95B%E5%8D%B7.docx
小学,二年级,语文,试卷Word,二年级语文_下学期期末综合检测_综合检测C卷,https://chenzhuanxin.github.io/xianning-teaching-resources/%E4%BA%A4%E4%BB%98%E7%89%A9/03_%E6%9C%9F%E6%9C%AB%E7%9C%9F%E9%A2%98%E8%AF%95%E5%8D%B7/Word_PDF/%E4%BA%8C%E5%B9%B4%E7%BA%A7%E8%AF%AD%E6%96%87_%E4%B8%8B%E5%AD%A6%E6%9C%9F%E6%9C%9F%E6%9C%AB%E7%BB%BC%E5%90%88%E6%A3%80%E6%B5%8B_%E7%BB%BC%E5%90%88%E6%A3%80%E6%B5%8BC%E5%8D%B7.docx
小学,二年级,语文,试卷Word,二年级语文_期末复习质量检测_复习质量检测D卷,https://chenzhuanxin.github.io/xianning-teaching-resources/%E4%BA%A4%E4%BB%98%E7%89%A9/03_%E6%9C%9F%E6%9C%AB%E7%9C%9F%E9%A2%98%E8%AF%95%E5%8D%B7/Word_PDF/%E4%BA%8C%E5%B9%B4%E7%BA%A7%E8%AF%AD%E6%96%87_%E6%9C%9F%E6%9C%AB%E5%A4%8D%E4%B9%A0%E8%B4%A8%E9%87%8F%E6%A3%80%E6%B5%8B_%E5%A4%8D%E4%B9%A0%E8%B4%A8%E9%87%8F%E6%A3%80%E6%B5%8BD%E5%8D%B7.docx
小学,二年级,语文,试卷Word,二年级语文_期末学业质量监测_学业质量监测E卷,https://chenzhuanxin.github.io/xianning-teaching-resources/%E4%BA%A4%E4%BB%98%E7%89%A9/03_%E6%9C%9F%E6%9C%AB%E7%9C%9F%E9%A2%98%E8%AF%95%E5%8D%B7/Word_PDF/%E4%BA%8C%E5%B9%B4%E7%BA%A7%E8%AF%AD%E6%96%87_%E6%9C%9F%E6%9C%AB%E5%AD%A6%E4%B8%9A%E8%B4%A8%E9%87%8F%E7%9B%91%E6%B5%8B_%E5%AD%A6%E4%B8%9A%E8%B4%A8%E9%87%8F%E7%9B%91%E6%B5%8BE%E5%8D%B7.docx
小学,二年级,语文,试卷Word,二年级语文_第一学期期末质量检测_期末质量检测A卷,https://chenzhuanxin.github.io/xianning-teaching-resources/%E4%BA%A4%E4%BB%98%E7%89%A9/03_%E6%9C%9F%E6%9C%AB%E7%9C%9F%E9%A2%98%E8%AF%95%E5%8D%B7/Word_PDF/%E4%BA%8C%E5%B9%B4%E7%BA%A7%E8%AF%AD%E6%96%87_%E7%AC%AC%E4%B8%80%E5%AD%A6%E6%9C%9F%E6%9C%9F%E6%9C%AB%E8%B4%A8%E9%87%8F%E6%A3%80%E6%B5%8B_%E6%9C%9F%E6%9C%AB%E8%B4%A8%E9%87%8F%E6%A3%80%E6%B5%8BA%E5%8D%B7.docx
小学,二年级,数学,试卷Word,二年级数学_上学期期末学业水平测试_学业水平测试B卷,https://chenzhuanxin.github.io/xianning-teaching-resources/%E4%BA%A4%E4%BB%98%E7%89%A9/03_%E6%9C%9F%E6%9C%AB%E7%9C%9F%E9%A2%98%E8%AF%95%E5%8D%B7/Word_PDF/%E4%BA%8C%E5%B9%B4%E7%BA%A7%E6%95%B0%E5%AD%A6_%E4%B8%8A%E5%AD%A6%E6%9C%9F%E6%9C%9F%E6%9C%AB%E5%AD%A6%E4%B8%9A%E6%B0%B4%E5%B9%B3%E6%B5%8B%E8%AF%95_%E5%AD%A6%E4%B8%9A%E6%B0%B4%E5%B9%B3%E6%B5%8B%E8%AF%95B%E5%8D%B7.docx
小学,二年级,数学,试卷Word,二年级数学_下学期期末综合检测_综合检测C卷,https://chenzhuanxin.github.io/xianning-teaching-resources/%E4%BA%A4%E4%BB%98%E7%89%A9/03_%E6%9C%9F%E6%9C%AB%E7%9C%9F%E9%A2%98%E8%AF%95%E5%8D%B7/Word_PDF/%E4%BA%8C%E5%B9%B4%E7%BA%A7%E6%95%B0%E5%AD%A6_%E4%B8%8B%E5%AD%A6%E6%9C%9F%E6%9C%9F%E6%9C%AB%E7%BB%BC%E5%90%88%E6%A3%80%E6%B5%8B_%E7%BB%BC%E5%90%88%E6%A3%80%E6%B5%8BC%E5%8D%B7.docx
小学,二年级,数学,试卷Word,二年级数学_期末复习质量检测_复习质量检测D卷,https://chenzhuanxin.github.io/xianning-teaching-resources/%E4%BA%A4%E4%BB%98%E7%89%A9/03_%E6%9C%9F%E6%9C%AB%E7%9C%9F%E9%A2%98%E8%AF%95%E5%8D%B7/Word_PDF/%E4%BA%8C%E5%B9%B4%E7%BA%A7%E6%95%B0%E5%AD%A6_%E6%9C%9F%E6%9C%AB%E5%A4%8D%E4%B9%A0%E8%B4%A8%E9%87%8F%E6%A3%80%E6%B5%8B_%E5%A4%8D%E4%B9%A0%E8%B4%A8%E9%87%8F%E6%A3%80%E6%B5%8BD%E5%8D%B7.docx
小学,二年级,数学,试卷Word,二年级数学_期末学业质量监测_学业质量监测E卷,https://chenzhuanxin.github.io/xianning-teaching-resources/%E4%BA%A4%E4%BB%98%E7%89%A9/03_%E6%9C%9F%E6%9C%AB%E7%9C%9F%E9%A2%98%E8%AF%95%E5%8D%B7/Word_PDF/%E4%BA%8C%E5%B9%B4%E7%BA%A7%E6%95%B0%E5%AD%A6_%E6%9C%9F%E6%9C%AB%E5%AD%A6%E4%B8%9A%E8%B4%A8%E9%87%8F%E7%9B%91%E6%B5%8B_%E5%AD%A6%E4%B8%9A%E8%B4%A8%E9%87%8F%E7%9B%91%E6%B5%8BE%E5%8D%B7.docx
小学,二年级,数学,试卷Word,二年级数学_第一学期期末质量检测_期末质量检测A卷,https://chenzhuanxin.github.io/xianning-teaching-resources/%E4%BA%A4%E4%BB%98%E7%89%A9/03_%E6%9C%9F%E6%9C%AB%E7%9C%9F%E9%A2%98%E8%AF%95%E5%8D%B7/Word_PDF/%E4%BA%8C%E5%B9%B4%E7%BA%A7%E6%95%B0%E5%AD%A6_%E7%AC%AC%E4%B8%80%E5%AD%A6%E6%9C%9F%E6%9C%9F%E6%9C%AB%E8%B4%A8%E9%87%8F%E6%A3%80%E6%B5%8B_%E6%9C%9F%E6%9C%AB%E8%B4%A8%E9%87%8F%E6%A3%80%E6%B5%8BA%E5%8D%B7.docx
小学,二年级,道德与法治,试卷Word,二年级道德与法治_上学期期末学业水平测试_学业水平测试B卷,https://chenzhuanxin.github.io/xianning-teaching-resources/%E4%BA%A4%E4%BB%98%E7%89%A9/03_%E6%9C%9F%E6%9C%AB%E7%9C%9F%E9%A2%98%E8%AF%95%E5%8D%B7/Word_PDF/%E4%BA%8C%E5%B9%B4%E7%BA%A7%E9%81%93%E5%BE%B7%E4%B8%8E%E6%B3%95%E6%B2%BB_%E4%B8%8A%E5%AD%A6%E6%9C%9F%E6%9C%9F%E6%9C%AB%E5%AD%A6%E4%B8%9A%E6%B0%B4%E5%B9%B3%E6%B5%8B%E8%AF%95_%E5%AD%A6%E4%B8%9A%E6%B0%B4%E5%B9%B3%E6%B5%8B%E8%AF%95B%E5%8D%B7.docx
小学,二年级,道德与法治,试卷Word,二年级道德与法治_下学期期末综合检测_综合检测C卷,https://chenzhuanxin.github.io/xianning-teaching-resources/%E4%BA%A4%E4%BB%98%E7%89%A9/03_%E6%9C%9F%E6%9C%AB%E7%9C%9F%E9%A2%98%E8%AF%95%E5%8D%B7/Word_PDF/%E4%BA%8C%E5%B9%B4%E7%BA%A7%E9%81%93%E5%BE%B7%E4%B8%8E%E6%B3%95%E6%B2%BB_%E4%B8%8B%E5%AD%A6%E6%9C%9F%E6%9C%9F%E6%9C%AB%E7%BB%BC%E5%90%88%E6%A3%80%E6%B5%8B_%E7%BB%BC%E5%90%88%E6%A3%80%E6%B5%8BC%E5%8D%B7.docx
小学,二年级,道德与法治,试卷Word,二年级道德与法治_期末复习质量检测_复习质量检测D卷,https://chenzhuanxin.github.io/xianning-teaching-resources/%E4%BA%A4%E4%BB%98%E7%89%A9/03_%E6%9C%9F%E6%9C%AB%E7%9C%9F%E9%A2%98%E8%AF%95%E5%8D%B7/Word_PDF/%E4%BA%8C%E5%B9%B4%E7%BA%A7%E9%81%93%E5%BE%B7%E4%B8%8E%E6%B3%95%E6%B2%BB_%E6%9C%9F%E6%9C%AB%E5%A4%8D%E4%B9%A0%E8%B4%A8%E9%87%8F%E6%A3%80%E6%B5%8B_%E5%A4%8D%E4%B9%A0%E8%B4%A8%E9%87%8F%E6%A3%80%E6%B5%8BD%E5%8D%B7.docx
小学,二年级,道德与法治,试卷Word,二年级道德与法治_期末学业质量监测_学业质量监测E卷,https://chenzhuanxin.github.io/xianning-teaching-resources/%E4%BA%A4%E4%BB%98%E7%89%A9/03_%E6%9C%9F%E6%9C%AB%E7%9C%9F%E9%A2%98%E8%AF%95%E5%8D%B7/Word_PDF/%E4%BA%8C%E5%B9%B4%E7%BA%A7%E9%81%93%E5%BE%B7%E4%B8%8E%E6%B3%95%E6%B2%BB_%E6%9C%9F%E6%9C%AB%E5%AD%A6%E4%B8%9A%E8%B4%A8%E9%87%8F%E7%9B%91%E6%B5%8B_%E5%AD%A6%E4%B8%9A%E8%B4%A8%E9%87%8F%E7%9B%91%E6%B5%8BE%E5%8D%B7.docx
小学,二年级,道德与法治,试卷Word,二年级道德与法治_第一学期期末质量检测_期末质量检测A卷,https://chenzhuanxin.github.io/xianning-teaching-resources/%E4%BA%A4%E4%BB%98%E7%89%A9/03_%E6%9C%9F%E6%9C%AB%E7%9C%9F%E9%A2%98%E8%AF%95%E5%8D%B7/Word_PDF/%E4%BA%8C%E5%B9%B4%E7%BA%A7%E9%81%93%E5%BE%B7%E4%B8%8E%E6%B3%95%E6%B2%BB_%E7%AC%AC%E4%B8%80%E5%AD%A6%E6%9C%9F%E6%9C%9F%E6%9C%AB%E8%B4%A8%E9%87%8F%E6%A3%80%E6%B5%8B_%E6%9C%9F%E6%9C%AB%E8%B4%A8%E9%87%8F%E6%A3%80%E6%B5%8BA%E5%8D%B7.docx
小学,二年级,科学,试卷Word,二年级科学_上学期期末学业水平测试_学业水平测试B卷,https://chenzhuanxin.github.io/xianning-teaching-resources/%E4%BA%A4%E4%BB%98%E7%89%A9/03_%E6%9C%9F%E6%9C%AB%E7%9C%9F%E9%A2%98%E8%AF%95%E5%8D%B7/Word_PDF/%E4%BA%8C%E5%B9%B4%E7%BA%A7%E7%A7%91%E5%AD%A6_%E4%B8%8A%E5%AD%A6%E6%9C%9F%E6%9C%9F%E6%9C%AB%E5%AD%A6%E4%B8%9A%E6%B0%B4%E5%B9%B3%E6%B5%8B%E8%AF%95_%E5%AD%A6%E4%B8%9A%E6%B0%B4%E5%B9%B3%E6%B5%8B%E8%AF%95B%E5%8D%B7.docx
小学,二年级,科学,试卷Word,二年级科学_下学期期末综合检测_综合检测C卷,https://chenzhuanxin.github.io/xianning-teaching-resources/%E4%BA%A4%E4%BB%98%E7%89%A9/03_%E6%9C%9F%E6%9C%AB%E7%9C%9F%E9%A2%98%E8%AF%95%E5%8D%B7/Word_PDF/%E4%BA%8C%E5%B9%B4%E7%BA%A7%E7%A7%91%E5%AD%A6_%E4%B8%8B%E5%AD%A6%E6%9C%9F%E6%9C%9F%E6%9C%AB%E7%BB%BC%E5%90%88%E6%A3%80%E6%B5%8B_%E7%BB%BC%E5%90%88%E6%A3%80%E6%B5%8BC%E5%8D%B7.docx
小学,二年级,科学,试卷Word,二年级科学_期末复习质量检测_复习质量检测D卷,https://chenzhuanxin.github.io/xianning-teaching-resources/%E4%BA%A4%E4%BB%98%E7%89%A9/03_%E6%9C%9F%E6%9C%AB%E7%9C%9F%E9%A2%98%E8%AF%95%E5%8D%B7/Word_PDF/%E4%BA%8C%E5%B9%B4%E7%BA%A7%E7%A7%91%E5%AD%A6_%E6%9C%9F%E6%9C%AB%E5%A4%8D%E4%B9%A0%E8%B4%A8%E9%87%8F%E6%A3%80%E6%B5%8B_%E5%A4%8D%E4%B9%A0%E8%B4%A8%E9%87%8F%E6%A3%80%E6%B5%8BD%E5%8D%B7.docx
小学,二年级,科学,试卷Word,二年级科学_期末学业质量监测_学业质量监测E卷,https://chenzhuanxin.github.io/xianning-teaching-resources/%E4%BA%A4%E4%BB%98%E7%89%A9/03_%E6%9C%9F%E6%9C%AB%E7%9C%9F%E9%A2%98%E8%AF%95%E5%8D%B7/Word_PDF/%E4%BA%8C%E5%B9%B4%E7%BA%A7%E7%A7%91%E5%AD%A6_%E6%9C%9F%E6%9C%AB%E5%AD%A6%E4%B8%9A%E8%B4%A8%E9%87%8F%E7%9B%91%E6%B5%8B_%E5%AD%A6%E4%B8%9A%E8%B4%A8%E9%87%8F%E7%9B%91%E6%B5%8BE%E5%8D%B7.docx
小学,二年级,科学,试卷Word,二年级科学_第一学期期末质量检测_期末质量检测A卷,https://chenzhuanxin.github.io/xianning-teaching-resources/%E4%BA%A4%E4%BB%98%E7%89%A9/03_%E6%9C%9F%E6%9C%AB%E7%9C%9F%E9%A2%98%E8%AF%95%E5%8D%B7/Word_PDF/%E4%BA%8C%E5%B9%B4%E7%BA%A7%E7%A7%91%E5%AD%A6_%E7%AC%AC%E4%B8%80%E5%AD%A6%E6%9C%9F%E6%9C%9F%E6%9C%AB%E8%B4%A8%E9%87%8F%E6%A3%80%E6%B5%8B_%E6%9C%9F%E6%9C%AB%E8%B4%A8%E9%87%8F%E6%A3%80%E6%B5%8BA%E5%8D%B7.docx
小学,三年级,语文,试卷Word,三年级语文_上学期期末学业水平测试_学业水平测试B卷,https://chenzhuanxin.github.io/xianning-teaching-resources/%E4%BA%A4%E4%BB%98%E7%89%A9/03_%E6%9C%9F%E6%9C%AB%E7%9C%9F%E9%A2%98%E8%AF%95%E5%8D%B7/Word_PDF/%E4%B8%89%E5%B9%B4%E7%BA%A7%E8%AF%AD%E6%96%87_%E4%B8%8A%E5%AD%A6%E6%9C%9F%E6%9C%9F%E6%9C%AB%E5%AD%A6%E4%B8%9A%E6%B0%B4%E5%B9%B3%E6%B5%8B%E8%AF%95_%E5%AD%A6%E4%B8%9A%E6%B0%B4%E5%B9%B3%E6%B5%8B%E8%AF%95B%E5%8D%B7.docx
小学,三年级,语文,试卷Word,三年级语文_下学期期末综合检测_综合检测C卷,https://chenzhuanxin.github.io/xianning-teaching-resources/%E4%BA%A4%E4%BB%98%E7%89%A9/03_%E6%9C%9F%E6%9C%AB%E7%9C%9F%E9%A2%98%E8%AF%95%E5%8D%B7/Word_PDF/%E4%B8%89%E5%B9%B4%E7%BA%A7%E8%AF%AD%E6%96%87_%E4%B8%8B%E5%AD%A6%E6%9C%9F%E6%9C%9F%E6%9C%AB%E7%BB%BC%E5%90%88%E6%A3%80%E6%B5%8B_%E7%BB%BC%E5%90%88%E6%A3%80%E6%B5%8BC%E5%8D%B7.docx
小学,三年级,语文,试卷Word,三年级语文_期末复习质量检测_复习质量检测D卷,https://chenzhuanxin.github.io/xianning-teaching-resources/%E4%BA%A4%E4%BB%98%E7%89%A9/03_%E6%9C%9F%E6%9C%AB%E7%9C%9F%E9%A2%98%E8%AF%95%E5%8D%B7/Word_PDF/%E4%B8%89%E5%B9%B4%E7%BA%A7%E8%AF%AD%E6%96%87_%E6%9C%9F%E6%9C%AB%E5%A4%8D%E4%B9%A0%E8%B4%A8%E9%87%8F%E6%A3%80%E6%B5%8B_%E5%A4%8D%E4%B9%A0%E8%B4%A8%E9%87%8F%E6%A3%80%E6%B5%8BD%E5%8D%B7.docx
小学,三年级,语文,试卷Word,三年级语文_期末学业质量监测_学业质量监测E卷,https://chenzhuanxin.github.io/xianning-teaching-resources/%E4%BA%A4%E4%BB%98%E7%89%A9/03_%E6%9C%9F%E6%9C%AB%E7%9C%9F%E9%A2%98%E8%AF%95%E5%8D%B7/Word_PDF/%E4%B8%89%E5%B9%B4%E7%BA%A7%E8%AF%AD%E6%96%87_%E6%9C%9F%E6%9C%AB%E5%AD%A6%E4%B8%9A%E8%B4%A8%E9%87%8F%E7%9B%91%E6%B5%8B_%E5%AD%A6%E4%B8%9A%E8%B4%A8%E9%87%8F%E7%9B%91%E6%B5%8BE%E5%8D%B7.docx
小学,三年级,语文,试卷Word,三年级语文_第一学期期末质量检测_期末质量检测A卷,https://chenzhuanxin.github.io/xianning-teaching-resources/%E4%BA%A4%E4%BB%98%E7%89%A9/03_%E6%9C%9F%E6%9C%AB%E7%9C%9F%E9%A2%98%E8%AF%95%E5%8D%B7/Word_PDF/%E4%B8%89%E5%B9%B4%E7%BA%A7%E8%AF%AD%E6%96%87_%E7%AC%AC%E4%B8%80%E5%AD%A6%E6%9C%9F%E6%9C%9F%E6%9C%AB%E8%B4%A8%E9%87%8F%E6%A3%80%E6%B5%8B_%E6%9C%9F%E6%9C%AB%E8%B4%A8%E9%87%8F%E6%A3%80%E6%B5%8BA%E5%8D%B7.docx
小学,三年级,数学,试卷Word,三年级数学_上学期期末学业水平测试_学业水平测试B卷,https://chenzhuanxin.github.io/xianning-teaching-resources/%E4%BA%A4%E4%BB%98%E7%89%A9/03_%E6%9C%9F%E6%9C%AB%E7%9C%9F%E9%A2%98%E8%AF%95%E5%8D%B7/Word_PDF/%E4%B8%89%E5%B9%B4%E7%BA%A7%E6%95%B0%E5%AD%A6_%E4%B8%8A%E5%AD%A6%E6%9C%9F%E6%9C%9F%E6%9C%AB%E5%AD%A6%E4%B8%9A%E6%B0%B4%E5%B9%B3%E6%B5%8B%E8%AF%95_%E5%AD%A6%E4%B8%9A%E6%B0%B4%E5%B9%B3%E6%B5%8B%E8%AF%95B%E5%8D%B7.docx
小学,三年级,数学,试卷Word,三年级数学_下学期期末综合检测_综合检测C卷,https://chenzhuanxin.github.io/xianning-teaching-resources/%E4%BA%A4%E4%BB%98%E7%89%A9/03_%E6%9C%9F%E6%9C%AB%E7%9C%9F%E9%A2%98%E8%AF%95%E5%8D%B7/Word_PDF/%E4%B8%89%E5%B9%B4%E7%BA%A7%E6%95%B0%E5%AD%A6_%E4%B8%8B%E5%AD%A6%E6%9C%9F%E6%9C%9F%E6%9C%AB%E7%BB%BC%E5%90%88%E6%A3%80%E6%B5%8B_%E7%BB%BC%E5%90%88%E6%A3%80%E6%B5%8BC%E5%8D%B7.docx
小学,三年级,数学,试卷Word,三年级数学_期末复习质量检测_复习质量检测D卷,https://chenzhuanxin.github.io/xianning-teaching-resources/%E4%BA%A4%E4%BB%98%E7%89%A9/03_%E6%9C%9F%E6%9C%AB%E7%9C%9F%E9%A2%98%E8%AF%95%E5%8D%B7/Word_PDF/%E4%B8%89%E5%B9%B4%E7%BA%A7%E6%95%B0%E5%AD%A6_%E6%9C%9F%E6%9C%AB%E5%A4%8D%E4%B9%A0%E8%B4%A8%E9%87%8F%E6%A3%80%E6%B5%8B_%E5%A4%8D%E4%B9%A0%E8%B4%A8%E9%87%8F%E6%A3%80%E6%B5%8BD%E5%8D%B7.docx
小学,三年级,数学,试卷Word,三年级数学_期末学业质量监测_学业质量监测E卷,https://chenzhuanxin.github.io/xianning-teaching-resources/%E4%BA%A4%E4%BB%98%E7%89%A9/03_%E6%9C%9F%E6%9C%AB%E7%9C%9F%E9%A2%98%E8%AF%95%E5%8D%B7/Word_PDF/%E4%B8%89%E5%B9%B4%E7%BA%A7%E6%95%B0%E5%AD%A6_%E6%9C%9F%E6%9C%AB%E5%AD%A6%E4%B8%9A%E8%B4%A8%E9%87%8F%E7%9B%91%E6%B5%8B_%E5%AD%A6%E4%B8%9A%E8%B4%A8%E9%87%8F%E7%9B%91%E6%B5%8BE%E5%8D%B7.docx
小学,三年级,数学,试卷Word,三年级数学_第一学期期末质量检测_期末质量检测A卷,https://chenzhuanxin.github.io/xianning-teaching-resources/%E4%BA%A4%E4%BB%98%E7%89%A9/03_%E6%9C%9F%E6%9C%AB%E7%9C%9F%E9%A2%98%E8%AF%95%E5%8D%B7/Word_PDF/%E4%B8%89%E5%B9%B4%E7%BA%A7%E6%95%B0%E5%AD%A6_%E7%AC%AC%E4%B8%80%E5%AD%A6%E6%9C%9F%E6%9C%9F%E6%9C%AB%E8%B4%A8%E9%87%8F%E6%A3%80%E6%B5%8B_%E6%9C%9F%E6%9C%AB%E8%B4%A8%E9%87%8F%E6%A3%80%E6%B5%8BA%E5%8D%B7.docx
小学,三年级,英语,试卷Word,三年级英语_上学期期末学业水平测试_学业水平测试B卷,https://chenzhuanxin.github.io/xianning-teaching-resources/%E4%BA%A4%E4%BB%98%E7%89%A9/03_%E6%9C%9F%E6%9C%AB%E7%9C%9F%E9%A2%98%E8%AF%95%E5%8D%B7/Word_PDF/%E4%B8%89%E5%B9%B4%E7%BA%A7%E8%8B%B1%E8%AF%AD_%E4%B8%8A%E5%AD%A6%E6%9C%9F%E6%9C%9F%E6%9C%AB%E5%AD%A6%E4%B8%9A%E6%B0%B4%E5%B9%B3%E6%B5%8B%E8%AF%95_%E5%AD%A6%E4%B8%9A%E6%B0%B4%E5%B9%B3%E6%B5%8B%E8%AF%95B%E5%8D%B7.docx
小学,三年级,英语,试卷Word,三年级英语_下学期期末综合检测_综合检测C卷,https://chenzhuanxin.github.io/xianning-teaching-resources/%E4%BA%A4%E4%BB%98%E7%89%A9/03_%E6%9C%9F%E6%9C%AB%E7%9C%9F%E9%A2%98%E8%AF%95%E5%8D%B7/Word_PDF/%E4%B8%89%E5%B9%B4%E7%BA%A7%E8%8B%B1%E8%AF%AD_%E4%B8%8B%E5%AD%A6%E6%9C%9F%E6%9C%9F%E6%9C%AB%E7%BB%BC%E5%90%88%E6%A3%80%E6%B5%8B_%E7%BB%BC%E5%90%88%E6%A3%80%E6%B5%8BC%E5%8D%B7.docx
小学,三年级,英语,试卷Word,三年级英语_期末复习质量检测_复习质量检测D卷,https://chenzhuanxin.github.io/xianning-teaching-resources/%E4%BA%A4%E4%BB%98%E7%89%A9/03_%E6%9C%9F%E6%9C%AB%E7%9C%9F%E9%A2%98%E8%AF%95%E5%8D%B7/Word_PDF/%E4%B8%89%E5%B9%B4%E7%BA%A7%E8%8B%B1%E8%AF%AD_%E6%9C%9F%E6%9C%AB%E5%A4%8D%E4%B9%A0%E8%B4%A8%E9%87%8F%E6%A3%80%E6%B5%8B_%E5%A4%8D%E4%B9%A0%E8%B4%A8%E9%87%8F%E6%A3%80%E6%B5%8BD%E5%8D%B7.docx
小学,三年级,英语,试卷Word,三年级英语_期末学业质量监测_学业质量监测E卷,https://chenzhuanxin.github.io/xianning-teaching-resources/%E4%BA%A4%E4%BB%98%E7%89%A9/03_%E6%9C%9F%E6%9C%AB%E7%9C%9F%E9%A2%98%E8%AF%95%E5%8D%B7/Word_PDF/%E4%B8%89%E5%B9%B4%E7%BA%A7%E8%8B%B1%E8%AF%AD_%E6%9C%9F%E6%9C%AB%E5%AD%A6%E4%B8%9A%E8%B4%A8%E9%87%8F%E7%9B%91%E6%B5%8B_%E5%AD%A6%E4%B8%9A%E8%B4%A8%E9%87%8F%E7%9B%91%E6%B5%8BE%E5%8D%B7.docx
小学,三年级,英语,试卷Word,三年级英语_第一学期期末质量检测_期末质量检测A卷,https://chenzhuanxin.github.io/xianning-teaching-resources/%E4%BA%A4%E4%BB%98%E7%89%A9/03_%E6%9C%9F%E6%9C%AB%E7%9C%9F%E9%A2%98%E8%AF%95%E5%8D%B7/Word_PDF/%E4%B8%89%E5%B9%B4%E7%BA%A7%E8%8B%B1%E8%AF%AD_%E7%AC%AC%E4%B8%80%E5%AD%A6%E6%9C%9F%E6%9C%9F%E6%9C%AB%E8%B4%A8%E9%87%8F%E6%A3%80%E6%B5%8B_%E6%9C%9F%E6%9C%AB%E8%B4%A8%E9%87%8F%E6%A3%80%E6%B5%8BA%E5%8D%B7.docx
小学,三年级,道德与法治,试卷Word,三年级道德与法治_上学期期末学业水平测试_学业水平测试B卷,https://chenzhuanxin.github.io/xianning-teaching-resources/%E4%BA%A4%E4%BB%98%E7%89%A9/03_%E6%9C%9F%E6%9C%AB%E7%9C%9F%E9%A2%98%E8%AF%95%E5%8D%B7/Word_PDF/%E4%B8%89%E5%B9%B4%E7%BA%A7%E9%81%93%E5%BE%B7%E4%B8%8E%E6%B3%95%E6%B2%BB_%E4%B8%8A%E5%AD%A6%E6%9C%9F%E6%9C%9F%E6%9C%AB%E5%AD%A6%E4%B8%9A%E6%B0%B4%E5%B9%B3%E6%B5%8B%E8%AF%95_%E5%AD%A6%E4%B8%9A%E6%B0%B4%E5%B9%B3%E6%B5%8B%E8%AF%95B%E5%8D%B7.docx
小学,三年级,道德与法治,试卷Word,三年级道德与法治_下学期期末综合检测_综合检测C卷,https://chenzhuanxin.github.io/xianning-teaching-resources/%E4%BA%A4%E4%BB%98%E7%89%A9/03_%E6%9C%9F%E6%9C%AB%E7%9C%9F%E9%A2%98%E8%AF%95%E5%8D%B7/Word_PDF/%E4%B8%89%E5%B9%B4%E7%BA%A7%E9%81%93%E5%BE%B7%E4%B8%8E%E6%B3%95%E6%B2%BB_%E4%B8%8B%E5%AD%A6%E6%9C%9F%E6%9C%9F%E6%9C%AB%E7%BB%BC%E5%90%88%E6%A3%80%E6%B5%8B_%E7%BB%BC%E5%90%88%E6%A3%80%E6%B5%8BC%E5%8D%B7.docx
小学,三年级,道德与法治,试卷Word,三年级道德与法治_期末复习质量检测_复习质量检测D卷,https://chenzhuanxin.github.io/xianning-teaching-resources/%E4%BA%A4%E4%BB%98%E7%89%A9/03_%E6%9C%9F%E6%9C%AB%E7%9C%9F%E9%A2%98%E8%AF%95%E5%8D%B7/Word_PDF/%E4%B8%89%E5%B9%B4%E7%BA%A7%E9%81%93%E5%BE%B7%E4%B8%8E%E6%B3%95%E6%B2%BB_%E6%9C%9F%E6%9C%AB%E5%A4%8D%E4%B9%A0%E8%B4%A8%E9%87%8F%E6%A3%80%E6%B5%8B_%E5%A4%8D%E4%B9%A0%E8%B4%A8%E9%87%8F%E6%A3%80%E6%B5%8BD%E5%8D%B7.docx
小学,三年级,道德与法治,试卷Word,三年级道德与法治_期末学业质量监测_学业质量监测E卷,https://chenzhuanxin.github.io/xianning-teaching-resources/%E4%BA%A4%E4%BB%98%E7%89%A9/03_%E6%9C%9F%E6%9C%AB%E7%9C%9F%E9%A2%98%E8%AF%95%E5%8D%B7/Word_PDF/%E4%B8%89%E5%B9%B4%E7%BA%A7%E9%81%93%E5%BE%B7%E4%B8%8E%E6%B3%95%E6%B2%BB_%E6%9C%9F%E6%9C%AB%E5%AD%A6%E4%B8%9A%E8%B4%A8%E9%87%8F%E7%9B%91%E6%B5%8B_%E5%AD%A6%E4%B8%9A%E8%B4%A8%E9%87%8F%E7%9B%91%E6%B5%8BE%E5%8D%B7.docx
小学,三年级,道德与法治,试卷Word,三年级道德与法治_第一学期期末质量检测_期末质量检测A卷,https://chenzhuanxin.github.io/xianning-teaching-resources/%E4%BA%A4%E4%BB%98%E7%89%A9/03_%E6%9C%9F%E6%9C%AB%E7%9C%9F%E9%A2%98%E8%AF%95%E5%8D%B7/Word_PDF/%E4%B8%89%E5%B9%B4%E7%BA%A7%E9%81%93%E5%BE%B7%E4%B8%8E%E6%B3%95%E6%B2%BB_%E7%AC%AC%E4%B8%80%E5%AD%A6%E6%9C%9F%E6%9C%9F%E6%9C%AB%E8%B4%A8%E9%87%8F%E6%A3%80%E6%B5%8B_%E6%9C%9F%E6%9C%AB%E8%B4%A8%E9%87%8F%E6%A3%80%E6%B5%8BA%E5%8D%B7.docx
小学,三年级,科学,试卷Word,三年级科学_上学期期末学业水平测试_学业水平测试B卷,https://chenzhuanxin.github.io/xianning-teaching-resources/%E4%BA%A4%E4%BB%98%E7%89%A9/03_%E6%9C%9F%E6%9C%AB%E7%9C%9F%E9%A2%98%E8%AF%95%E5%8D%B7/Word_PDF/%E4%B8%89%E5%B9%B4%E7%BA%A7%E7%A7%91%E5%AD%A6_%E4%B8%8A%E5%AD%A6%E6%9C%9F%E6%9C%9F%E6%9C%AB%E5%AD%A6%E4%B8%9A%E6%B0%B4%E5%B9%B3%E6%B5%8B%E8%AF%95_%E5%AD%A6%E4%B8%9A%E6%B0%B4%E5%B9%B3%E6%B5%8B%E8%AF%95B%E5%8D%B7.docx
小学,三年级,科学,试卷Word,三年级科学_下学期期末综合检测_综合检测C卷,https://chenzhuanxin.github.io/xianning-teaching-resources/%E4%BA%A4%E4%BB%98%E7%89%A9/03_%E6%9C%9F%E6%9C%AB%E7%9C%9F%E9%A2%98%E8%AF%95%E5%8D%B7/Word_PDF/%E4%B8%89%E5%B9%B4%E7%BA%A7%E7%A7%91%E5%AD%A6_%E4%B8%8B%E5%AD%A6%E6%9C%9F%E6%9C%9F%E6%9C%AB%E7%BB%BC%E5%90%88%E6%A3%80%E6%B5%8B_%E7%BB%BC%E5%90%88%E6%A3%80%E6%B5%8BC%E5%8D%B7.docx
小学,三年级,科学,试卷Word,三年级科学_期末复习质量检测_复习质量检测D卷,https://chenzhuanxin.github.io/xianning-teaching-resources/%E4%BA%A4%E4%BB%98%E7%89%A9/03_%E6%9C%9F%E6%9C%AB%E7%9C%9F%E9%A2%98%E8%AF%95%E5%8D%B7/Word_PDF/%E4%B8%89%E5%B9%B4%E7%BA%A7%E7%A7%91%E5%AD%A6_%E6%9C%9F%E6%9C%AB%E5%A4%8D%E4%B9%A0%E8%B4%A8%E9%87%8F%E6%A3%80%E6%B5%8B_%E5%A4%8D%E4%B9%A0%E8%B4%A8%E9%87%8F%E6%A3%80%E6%B5%8BD%E5%8D%B7.docx
小学,三年级,科学,试卷Word,三年级科学_期末学业质量监测_学业质量监测E卷,https://chenzhuanxin.github.io/xianning-teaching-resources/%E4%BA%A4%E4%BB%98%E7%89%A9/03_%E6%9C%9F%E6%9C%AB%E7%9C%9F%E9%A2%98%E8%AF%95%E5%8D%B7/Word_PDF/%E4%B8%89%E5%B9%B4%E7%BA%A7%E7%A7%91%E5%AD%A6_%E6%9C%9F%E6%9C%AB%E5%AD%A6%E4%B8%9A%E8%B4%A8%E9%87%8F%E7%9B%91%E6%B5%8B_%E5%AD%A6%E4%B8%9A%E8%B4%A8%E9%87%8F%E7%9B%91%E6%B5%8BE%E5%8D%B7.docx
小学,三年级,科学,试卷Word,三年级科学_第一学期期末质量检测_期末质量检测A卷,https://chenzhuanxin.github.io/xianning-teaching-resources/%E4%BA%A4%E4%BB%98%E7%89%A9/03_%E6%9C%9F%E6%9C%AB%E7%9C%9F%E9%A2%98%E8%AF%95%E5%8D%B7/Word_PDF/%E4%B8%89%E5%B9%B4%E7%BA%A7%E7%A7%91%E5%AD%A6_%E7%AC%AC%E4%B8%80%E5%AD%A6%E6%9C%9F%E6%9C%9F%E6%9C%AB%E8%B4%A8%E9%87%8F%E6%A3%80%E6%B5%8B_%E6%9C%9F%E6%9C%AB%E8%B4%A8%E9%87%8F%E6%A3%80%E6%B5%8BA%E5%8D%B7.docx
小学,四年级,语文,试卷Word,四年级语文_上学期期末学业水平测试_学业水平测试B卷,https://chenzhuanxin.github.io/xianning-teaching-resources/%E4%BA%A4%E4%BB%98%E7%89%A9/03_%E6%9C%9F%E6%9C%AB%E7%9C%9F%E9%A2%98%E8%AF%95%E5%8D%B7/Word_PDF/%E5%9B%9B%E5%B9%B4%E7%BA%A7%E8%AF%AD%E6%96%87_%E4%B8%8A%E5%AD%A6%E6%9C%9F%E6%9C%9F%E6%9C%AB%E5%AD%A6%E4%B8%9A%E6%B0%B4%E5%B9%B3%E6%B5%8B%E8%AF%95_%E5%AD%A6%E4%B8%9A%E6%B0%B4%E5%B9%B3%E6%B5%8B%E8%AF%95B%E5%8D%B7.docx
小学,四年级,语文,试卷Word,四年级语文_下学期期末综合检测_综合检测C卷,https://chenzhuanxin.github.io/xianning-teaching-resources/%E4%BA%A4%E4%BB%98%E7%89%A9/03_%E6%9C%9F%E6%9C%AB%E7%9C%9F%E9%A2%98%E8%AF%95%E5%8D%B7/Word_PDF/%E5%9B%9B%E5%B9%B4%E7%BA%A7%E8%AF%AD%E6%96%87_%E4%B8%8B%E5%AD%A6%E6%9C%9F%E6%9C%9F%E6%9C%AB%E7%BB%BC%E5%90%88%E6%A3%80%E6%B5%8B_%E7%BB%BC%E5%90%88%E6%A3%80%E6%B5%8BC%E5%8D%B7.docx
小学,四年级,语文,试卷Word,四年级语文_期末复习质量检测_复习质量检测D卷,https://chenzhuanxin.github.io/xianning-teaching-resources/%E4%BA%A4%E4%BB%98%E7%89%A9/03_%E6%9C%9F%E6%9C%AB%E7%9C%9F%E9%A2%98%E8%AF%95%E5%8D%B7/Word_PDF/%E5%9B%9B%E5%B9%B4%E7%BA%A7%E8%AF%AD%E6%96%87_%E6%9C%9F%E6%9C%AB%E5%A4%8D%E4%B9%A0%E8%B4%A8%E9%87%8F%E6%A3%80%E6%B5%8B_%E5%A4%8D%E4%B9%A0%E8%B4%A8%E9%87%8F%E6%A3%80%E6%B5%8BD%E5%8D%B7.docx
小学,四年级,语文,试卷Word,四年级语文_期末学业质量监测_学业质量监测E卷,https://chenzhuanxin.github.io/xianning-teaching-resources/%E4%BA%A4%E4%BB%98%E7%89%A9/03_%E6%9C%9F%E6%9C%AB%E7%9C%9F%E9%A2%98%E8%AF%95%E5%8D%B7/Word_PDF/%E5%9B%9B%E5%B9%B4%E7%BA%A7%E8%AF%AD%E6%96%87_%E6%9C%9F%E6%9C%AB%E5%AD%A6%E4%B8%9A%E8%B4%A8%E9%87%8F%E7%9B%91%E6%B5%8B_%E5%AD%A6%E4%B8%9A%E8%B4%A8%E9%87%8F%E7%9B%91%E6%B5%8BE%E5%8D%B7.docx
小学,四年级,语文,试卷Word,四年级语文_第一学期期末质量检测_期末质量检测A卷,https://chenzhuanxin.github.io/xianning-teaching-resources/%E4%BA%A4%E4%BB%98%E7%89%A9/03_%E6%9C%9F%E6%9C%AB%E7%9C%9F%E9%A2%98%E8%AF%95%E5%8D%B7/Word_PDF/%E5%9B%9B%E5%B9%B4%E7%BA%A7%E8%AF%AD%E6%96%87_%E7%AC%AC%E4%B8%80%E5%AD%A6%E6%9C%9F%E6%9C%9F%E6%9C%AB%E8%B4%A8%E9%87%8F%E6%A3%80%E6%B5%8B_%E6%9C%9F%E6%9C%AB%E8%B4%A8%E9%87%8F%E6%A3%80%E6%B5%8BA%E5%8D%B7.docx
小学,四年级,数学,试卷Word,四年级数学_上学期期末学业水平测试_学业水平测试B卷,https://chenzhuanxin.github.io/xianning-teaching-resources/%E4%BA%A4%E4%BB%98%E7%89%A9/03_%E6%9C%9F%E6%9C%AB%E7%9C%9F%E9%A2%98%E8%AF%95%E5%8D%B7/Word_PDF/%E5%9B%9B%E5%B9%B4%E7%BA%A7%E6%95%B0%E5%AD%A6_%E4%B8%8A%E5%AD%A6%E6%9C%9F%E6%9C%9F%E6%9C%AB%E5%AD%A6%E4%B8%9A%E6%B0%B4%E5%B9%B3%E6%B5%8B%E8%AF%95_%E5%AD%A6%E4%B8%9A%E6%B0%B4%E5%B9%B3%E6%B5%8B%E8%AF%95B%E5%8D%B7.docx
小学,四年级,数学,试卷Word,四年级数学_下学期期末综合检测_综合检测C卷,https://chenzhuanxin.github.io/xianning-teaching-resources/%E4%BA%A4%E4%BB%98%E7%89%A9/03_%E6%9C%9F%E6%9C%AB%E7%9C%9F%E9%A2%98%E8%AF%95%E5%8D%B7/Word_PDF/%E5%9B%9B%E5%B9%B4%E7%BA%A7%E6%95%B0%E5%AD%A6_%E4%B8%8B%E5%AD%A6%E6%9C%9F%E6%9C%9F%E6%9C%AB%E7%BB%BC%E5%90%88%E6%A3%80%E6%B5%8B_%E7%BB%BC%E5%90%88%E6%A3%80%E6%B5%8BC%E5%8D%B7.docx
小学,四年级,数学,试卷Word,四年级数学_期末复习质量检测_复习质量检测D卷,https://chenzhuanxin.github.io/xianning-teaching-resources/%E4%BA%A4%E4%BB%98%E7%89%A9/03_%E6%9C%9F%E6%9C%AB%E7%9C%9F%E9%A2%98%E8%AF%95%E5%8D%B7/Word_PDF/%E5%9B%9B%E5%B9%B4%E7%BA%A7%E6%95%B0%E5%AD%A6_%E6%9C%9F%E6%9C%AB%E5%A4%8D%E4%B9%A0%E8%B4%A8%E9%87%8F%E6%A3%80%E6%B5%8B_%E5%A4%8D%E4%B9%A0%E8%B4%A8%E9%87%8F%E6%A3%80%E6%B5%8BD%E5%8D%B7.docx
小学,四年级,数学,试卷Word,四年级数学_期末学业质量监测_学业质量监测E卷,https://chenzhuanxin.github.io/xianning-teaching-resources/%E4%BA%A4%E4%BB%98%E7%89%A9/03_%E6%9C%9F%E6%9C%AB%E7%9C%9F%E9%A2%98%E8%AF%95%E5%8D%B7/Word_PDF/%E5%9B%9B%E5%B9%B4%E7%BA%A7%E6%95%B0%E5%AD%A6_%E6%9C%9F%E6%9C%AB%E5%AD%A6%E4%B8%9A%E8%B4%A8%E9%87%8F%E7%9B%91%E6%B5%8B_%E5%AD%A6%E4%B8%9A%E8%B4%A8%E9%87%8F%E7%9B%91%E6%B5%8BE%E5%8D%B7.docx
小学,四年级,数学,试卷Word,四年级数学_第一学期期末质量检测_期末质量检测A卷,https://chenzhuanxin.github.io/xianning-teaching-resources/%E4%BA%A4%E4%BB%98%E7%89%A9/03_%E6%9C%9F%E6%9C%AB%E7%9C%9F%E9%A2%98%E8%AF%95%E5%8D%B7/Word_PDF/%E5%9B%9B%E5%B9%B4%E7%BA%A7%E6%95%B0%E5%AD%A6_%E7%AC%AC%E4%B8%80%E5%AD%A6%E6%9C%9F%E6%9C%9F%E6%9C%AB%E8%B4%A8%E9%87%8F%E6%A3%80%E6%B5%8B_%E6%9C%9F%E6%9C%AB%E8%B4%A8%E9%87%8F%E6%A3%80%E6%B5%8BA%E5%8D%B7.docx
小学,四年级,英语,试卷Word,四年级英语_上学期期末学业水平测试_学业水平测试B卷,https://chenzhuanxin.github.io/xianning-teaching-resources/%E4%BA%A4%E4%BB%98%E7%89%A9/03_%E6%9C%9F%E6%9C%AB%E7%9C%9F%E9%A2%98%E8%AF%95%E5%8D%B7/Word_PDF/%E5%9B%9B%E5%B9%B4%E7%BA%A7%E8%8B%B1%E8%AF%AD_%E4%B8%8A%E5%AD%A6%E6%9C%9F%E6%9C%9F%E6%9C%AB%E5%AD%A6%E4%B8%9A%E6%B0%B4%E5%B9%B3%E6%B5%8B%E8%AF%95_%E5%AD%A6%E4%B8%9A%E6%B0%B4%E5%B9%B3%E6%B5%8B%E8%AF%95B%E5%8D%B7.docx
小学,四年级,英语,试卷Word,四年级英语_下学期期末综合检测_综合检测C卷,https://chenzhuanxin.github.io/xianning-teaching-resources/%E4%BA%A4%E4%BB%98%E7%89%A9/03_%E6%9C%9F%E6%9C%AB%E7%9C%9F%E9%A2%98%E8%AF%95%E5%8D%B7/Word_PDF/%E5%9B%9B%E5%B9%B4%E7%BA%A7%E8%8B%B1%E8%AF%AD_%E4%B8%8B%E5%AD%A6%E6%9C%9F%E6%9C%9F%E6%9C%AB%E7%BB%BC%E5%90%88%E6%A3%80%E6%B5%8B_%E7%BB%BC%E5%90%88%E6%A3%80%E6%B5%8BC%E5%8D%B7.docx
小学,四年级,英语,试卷Word,四年级英语_期末复习质量检测_复习质量检测D卷,https://chenzhuanxin.github.io/xianning-teaching-resources/%E4%BA%A4%E4%BB%98%E7%89%A9/03_%E6%9C%9F%E6%9C%AB%E7%9C%9F%E9%A2%98%E8%AF%95%E5%8D%B7/Word_PDF/%E5%9B%9B%E5%B9%B4%E7%BA%A7%E8%8B%B1%E8%AF%AD_%E6%9C%9F%E6%9C%AB%E5%A4%8D%E4%B9%A0%E8%B4%A8%E9%87%8F%E6%A3%80%E6%B5%8B_%E5%A4%8D%E4%B9%A0%E8%B4%A8%E9%87%8F%E6%A3%80%E6%B5%8BD%E5%8D%B7.docx
小学,四年级,英语,试卷Word,四年级英语_期末学业质量监测_学业质量监测E卷,https://chenzhuanxin.github.io/xianning-teaching-resources/%E4%BA%A4%E4%BB%98%E7%89%A9/03_%E6%9C%9F%E6%9C%AB%E7%9C%9F%E9%A2%98%E8%AF%95%E5%8D%B7/Word_PDF/%E5%9B%9B%E5%B9%B4%E7%BA%A7%E8%8B%B1%E8%AF%AD_%E6%9C%9F%E6%9C%AB%E5%AD%A6%E4%B8%9A%E8%B4%A8%E9%87%8F%E7%9B%91%E6%B5%8B_%E5%AD%A6%E4%B8%9A%E8%B4%A8%E9%87%8F%E7%9B%91%E6%B5%8BE%E5%8D%B7.docx
小学,四年级,英语,试卷Word,四年级英语_第一学期期末质量检测_期末质量检测A卷,https://chenzhuanxin.github.io/xianning-teaching-resources/%E4%BA%A4%E4%BB%98%E7%89%A9/03_%E6%9C%9F%E6%9C%AB%E7%9C%9F%E9%A2%98%E8%AF%95%E5%8D%B7/Word_PDF/%E5%9B%9B%E5%B9%B4%E7%BA%A7%E8%8B%B1%E8%AF%AD_%E7%AC%AC%E4%B8%80%E5%AD%A6%E6%9C%9F%E6%9C%9F%E6%9C%AB%E8%B4%A8%E9%87%8F%E6%A3%80%E6%B5%8B_%E6%9C%9F%E6%9C%AB%E8%B4%A8%E9%87%8F%E6%A3%80%E6%B5%8BA%E5%8D%B7.docx
小学,四年级,道德与法治,试卷Word,四年级道德与法治_上学期期末学业水平测试_学业水平测试B卷,https://chenzhuanxin.github.io/xianning-teaching-resources/%E4%BA%A4%E4%BB%98%E7%89%A9/03_%E6%9C%9F%E6%9C%AB%E7%9C%9F%E9%A2%98%E8%AF%95%E5%8D%B7/Word_PDF/%E5%9B%9B%E5%B9%B4%E7%BA%A7%E9%81%93%E5%BE%B7%E4%B8%8E%E6%B3%95%E6%B2%BB_%E4%B8%8A%E5%AD%A6%E6%9C%9F%E6%9C%9F%E6%9C%AB%E5%AD%A6%E4%B8%9A%E6%B0%B4%E5%B9%B3%E6%B5%8B%E8%AF%95_%E5%AD%A6%E4%B8%9A%E6%B0%B4%E5%B9%B3%E6%B5%8B%E8%AF%95B%E5%8D%B7.docx
小学,四年级,道德与法治,试卷Word,四年级道德与法治_下学期期末综合检测_综合检测C卷,https://chenzhuanxin.github.io/xianning-teaching-resources/%E4%BA%A4%E4%BB%98%E7%89%A9/03_%E6%9C%9F%E6%9C%AB%E7%9C%9F%E9%A2%98%E8%AF%95%E5%8D%B7/Word_PDF/%E5%9B%9B%E5%B9%B4%E7%BA%A7%E9%81%93%E5%BE%B7%E4%B8%8E%E6%B3%95%E6%B2%BB_%E4%B8%8B%E5%AD%A6%E6%9C%9F%E6%9C%9F%E6%9C%AB%E7%BB%BC%E5%90%88%E6%A3%80%E6%B5%8B_%E7%BB%BC%E5%90%88%E6%A3%80%E6%B5%8BC%E5%8D%B7.docx
小学,四年级,道德与法治,试卷Word,四年级道德与法治_期末复习质量检测_复习质量检测D卷,https://chenzhuanxin.github.io/xianning-teaching-resources/%E4%BA%A4%E4%BB%98%E7%89%A9/03_%E6%9C%9F%E6%9C%AB%E7%9C%9F%E9%A2%98%E8%AF%95%E5%8D%B7/Word_PDF/%E5%9B%9B%E5%B9%B4%E7%BA%A7%E9%81%93%E5%BE%B7%E4%B8%8E%E6%B3%95%E6%B2%BB_%E6%9C%9F%E6%9C%AB%E5%A4%8D%E4%B9%A0%E8%B4%A8%E9%87%8F%E6%A3%80%E6%B5%8B_%E5%A4%8D%E4%B9%A0%E8%B4%A8%E9%87%8F%E6%A3%80%E6%B5%8BD%E5%8D%B7.docx
小学,四年级,道德与法治,试卷Word,四年级道德与法治_期末学业质量监测_学业质量监测E卷,https://chenzhuanxin.github.io/xianning-teaching-resources/%E4%BA%A4%E4%BB%98%E7%89%A9/03_%E6%9C%9F%E6%9C%AB%E7%9C%9F%E9%A2%98%E8%AF%95%E5%8D%B7/Word_PDF/%E5%9B%9B%E5%B9%B4%E7%BA%A7%E9%81%93%E5%BE%B7%E4%B8%8E%E6%B3%95%E6%B2%BB_%E6%9C%9F%E6%9C%AB%E5%AD%A6%E4%B8%9A%E8%B4%A8%E9%87%8F%E7%9B%91%E6%B5%8B_%E5%AD%A6%E4%B8%9A%E8%B4%A8%E9%87%8F%E7%9B%91%E6%B5%8BE%E5%8D%B7.docx
小学,四年级,道德与法治,试卷Word,四年级道德与法治_第一学期期末质量检测_期末质量检测A卷,https://chenzhuanxin.github.io/xianning-teaching-resources/%E4%BA%A4%E4%BB%98%E7%89%A9/03_%E6%9C%9F%E6%9C%AB%E7%9C%9F%E9%A2%98%E8%AF%95%E5%8D%B7/Word_PDF/%E5%9B%9B%E5%B9%B4%E7%BA%A7%E9%81%93%E5%BE%B7%E4%B8%8E%E6%B3%95%E6%B2%BB_%E7%AC%AC%E4%B8%80%E5%AD%A6%E6%9C%9F%E6%9C%9F%E6%9C%AB%E8%B4%A8%E9%87%8F%E6%A3%80%E6%B5%8B_%E6%9C%9F%E6%9C%AB%E8%B4%A8%E9%87%8F%E6%A3%80%E6%B5%8BA%E5%8D%B7.docx
小学,四年级,科学,试卷Word,四年级科学_上学期期末学业水平测试_学业水平测试B卷,https://chenzhuanxin.github.io/xianning-teaching-resources/%E4%BA%A4%E4%BB%98%E7%89%A9/03_%E6%9C%9F%E6%9C%AB%E7%9C%9F%E9%A2%98%E8%AF%95%E5%8D%B7/Word_PDF/%E5%9B%9B%E5%B9%B4%E7%BA%A7%E7%A7%91%E5%AD%A6_%E4%B8%8A%E5%AD%A6%E6%9C%9F%E6%9C%9F%E6%9C%AB%E5%AD%A6%E4%B8%9A%E6%B0%B4%E5%B9%B3%E6%B5%8B%E8%AF%95_%E5%AD%A6%E4%B8%9A%E6%B0%B4%E5%B9%B3%E6%B5%8B%E8%AF%95B%E5%8D%B7.docx
小学,四年级,科学,试卷Word,四年级科学_下学期期末综合检测_综合检测C卷,https://chenzhuanxin.github.io/xianning-teaching-resources/%E4%BA%A4%E4%BB%98%E7%89%A9/03_%E6%9C%9F%E6%9C%AB%E7%9C%9F%E9%A2%98%E8%AF%95%E5%8D%B7/Word_PDF/%E5%9B%9B%E5%B9%B4%E7%BA%A7%E7%A7%91%E5%AD%A6_%E4%B8%8B%E5%AD%A6%E6%9C%9F%E6%9C%9F%E6%9C%AB%E7%BB%BC%E5%90%88%E6%A3%80%E6%B5%8B_%E7%BB%BC%E5%90%88%E6%A3%80%E6%B5%8BC%E5%8D%B7.docx
小学,四年级,科学,试卷Word,四年级科学_期末复习质量检测_复习质量检测D卷,https://chenzhuanxin.github.io/xianning-teaching-resources/%E4%BA%A4%E4%BB%98%E7%89%A9/03_%E6%9C%9F%E6%9C%AB%E7%9C%9F%E9%A2%98%E8%AF%95%E5%8D%B7/Word_PDF/%E5%9B%9B%E5%B9%B4%E7%BA%A7%E7%A7%91%E5%AD%A6_%E6%9C%9F%E6%9C%AB%E5%A4%8D%E4%B9%A0%E8%B4%A8%E9%87%8F%E6%A3%80%E6%B5%8B_%E5%A4%8D%E4%B9%A0%E8%B4%A8%E9%87%8F%E6%A3%80%E6%B5%8BD%E5%8D%B7.docx
小学,四年级,科学,试卷Word,四年级科学_期末学业质量监测_学业质量监测E卷,https://chenzhuanxin.github.io/xianning-teaching-resources/%E4%BA%A4%E4%BB%98%E7%89%A9/03_%E6%9C%9F%E6%9C%AB%E7%9C%9F%E9%A2%98%E8%AF%95%E5%8D%B7/Word_PDF/%E5%9B%9B%E5%B9%B4%E7%BA%A7%E7%A7%91%E5%AD%A6_%E6%9C%9F%E6%9C%AB%E5%AD%A6%E4%B8%9A%E8%B4%A8%E9%87%8F%E7%9B%91%E6%B5%8B_%E5%AD%A6%E4%B8%9A%E8%B4%A8%E9%87%8F%E7%9B%91%E6%B5%8BE%E5%8D%B7.docx
小学,四年级,科学,试卷Word,四年级科学_第一学期期末质量检测_期末质量检测A卷,https://chenzhuanxin.github.io/xianning-teaching-resources/%E4%BA%A4%E4%BB%98%E7%89%A9/03_%E6%9C%9F%E6%9C%AB%E7%9C%9F%E9%A2%98%E8%AF%95%E5%8D%B7/Word_PDF/%E5%9B%9B%E5%B9%B4%E7%BA%A7%E7%A7%91%E5%AD%A6_%E7%AC%AC%E4%B8%80%E5%AD%A6%E6%9C%9F%E6%9C%9F%E6%9C%AB%E8%B4%A8%E9%87%8F%E6%A3%80%E6%B5%8B_%E6%9C%9F%E6%9C%AB%E8%B4%A8%E9%87%8F%E6%A3%80%E6%B5%8BA%E5%8D%B7.docx
小学,五年级,语文,试卷Word,五年级语文_上学期期末学业水平测试_学业水平测试B卷,https://chenzhuanxin.github.io/xianning-teaching-resources/%E4%BA%A4%E4%BB%98%E7%89%A9/03_%E6%9C%9F%E6%9C%AB%E7%9C%9F%E9%A2%98%E8%AF%95%E5%8D%B7/Word_PDF/%E4%BA%94%E5%B9%B4%E7%BA%A7%E8%AF%AD%E6%96%87_%E4%B8%8A%E5%AD%A6%E6%9C%9F%E6%9C%9F%E6%9C%AB%E5%AD%A6%E4%B8%9A%E6%B0%B4%E5%B9%B3%E6%B5%8B%E8%AF%95_%E5%AD%A6%E4%B8%9A%E6%B0%B4%E5%B9%B3%E6%B5%8B%E8%AF%95B%E5%8D%B7.docx
小学,五年级,语文,试卷Word,五年级语文_下学期期末综合检测_综合检测C卷,https://chenzhuanxin.github.io/xianning-teaching-resources/%E4%BA%A4%E4%BB%98%E7%89%A9/03_%E6%9C%9F%E6%9C%AB%E7%9C%9F%E9%A2%98%E8%AF%95%E5%8D%B7/Word_PDF/%E4%BA%94%E5%B9%B4%E7%BA%A7%E8%AF%AD%E6%96%87_%E4%B8%8B%E5%AD%A6%E6%9C%9F%E6%9C%9F%E6%9C%AB%E7%BB%BC%E5%90%88%E6%A3%80%E6%B5%8B_%E7%BB%BC%E5%90%88%E6%A3%80%E6%B5%8BC%E5%8D%B7.docx
小学,五年级,语文,试卷Word,五年级语文_期末复习质量检测_复习质量检测D卷,https://chenzhuanxin.github.io/xianning-teaching-resources/%E4%BA%A4%E4%BB%98%E7%89%A9/03_%E6%9C%9F%E6%9C%AB%E7%9C%9F%E9%A2%98%E8%AF%95%E5%8D%B7/Word_PDF/%E4%BA%94%E5%B9%B4%E7%BA%A7%E8%AF%AD%E6%96%87_%E6%9C%9F%E6%9C%AB%E5%A4%8D%E4%B9%A0%E8%B4%A8%E9%87%8F%E6%A3%80%E6%B5%8B_%E5%A4%8D%E4%B9%A0%E8%B4%A8%E9%87%8F%E6%A3%80%E6%B5%8BD%E5%8D%B7.docx
小学,五年级,语文,试卷Word,五年级语文_期末学业质量监测_学业质量监测E卷,https://chenzhuanxin.github.io/xianning-teaching-resources/%E4%BA%A4%E4%BB%98%E7%89%A9/03_%E6%9C%9F%E6%9C%AB%E7%9C%9F%E9%A2%98%E8%AF%95%E5%8D%B7/Word_PDF/%E4%BA%94%E5%B9%B4%E7%BA%A7%E8%AF%AD%E6%96%87_%E6%9C%9F%E6%9C%AB%E5%AD%A6%E4%B8%9A%E8%B4%A8%E9%87%8F%E7%9B%91%E6%B5%8B_%E5%AD%A6%E4%B8%9A%E8%B4%A8%E9%87%8F%E7%9B%91%E6%B5%8BE%E5%8D%B7.docx
小学,五年级,语文,试卷Word,五年级语文_第一学期期末质量检测_期末质量检测A卷,https://chenzhuanxin.github.io/xianning-teaching-resources/%E4%BA%A4%E4%BB%98%E7%89%A9/03_%E6%9C%9F%E6%9C%AB%E7%9C%9F%E9%A2%98%E8%AF%95%E5%8D%B7/Word_PDF/%E4%BA%94%E5%B9%B4%E7%BA%A7%E8%AF%AD%E6%96%87_%E7%AC%AC%E4%B8%80%E5%AD%A6%E6%9C%9F%E6%9C%9F%E6%9C%AB%E8%B4%A8%E9%87%8F%E6%A3%80%E6%B5%8B_%E6%9C%9F%E6%9C%AB%E8%B4%A8%E9%87%8F%E6%A3%80%E6%B5%8BA%E5%8D%B7.docx
小学,五年级,数学,试卷Word,五年级数学_上学期期末学业水平测试_学业水平测试B卷,https://chenzhuanxin.github.io/xianning-teaching-resources/%E4%BA%A4%E4%BB%98%E7%89%A9/03_%E6%9C%9F%E6%9C%AB%E7%9C%9F%E9%A2%98%E8%AF%95%E5%8D%B7/Word_PDF/%E4%BA%94%E5%B9%B4%E7%BA%A7%E6%95%B0%E5%AD%A6_%E4%B8%8A%E5%AD%A6%E6%9C%9F%E6%9C%9F%E6%9C%AB%E5%AD%A6%E4%B8%9A%E6%B0%B4%E5%B9%B3%E6%B5%8B%E8%AF%95_%E5%AD%A6%E4%B8%9A%E6%B0%B4%E5%B9%B3%E6%B5%8B%E8%AF%95B%E5%8D%B7.docx
小学,五年级,数学,试卷Word,五年级数学_下学期期末综合检测_综合检测C卷,https://chenzhuanxin.github.io/xianning-teaching-resources/%E4%BA%A4%E4%BB%98%E7%89%A9/03_%E6%9C%9F%E6%9C%AB%E7%9C%9F%E9%A2%98%E8%AF%95%E5%8D%B7/Word_PDF/%E4%BA%94%E5%B9%B4%E7%BA%A7%E6%95%B0%E5%AD%A6_%E4%B8%8B%E5%AD%A6%E6%9C%9F%E6%9C%9F%E6%9C%AB%E7%BB%BC%E5%90%88%E6%A3%80%E6%B5%8B_%E7%BB%BC%E5%90%88%E6%A3%80%E6%B5%8BC%E5%8D%B7.docx
小学,五年级,数学,试卷Word,五年级数学_期末复习质量检测_复习质量检测D卷,https://chenzhuanxin.github.io/xianning-teaching-resources/%E4%BA%A4%E4%BB%98%E7%89%A9/03_%E6%9C%9F%E6%9C%AB%E7%9C%9F%E9%A2%98%E8%AF%95%E5%8D%B7/Word_PDF/%E4%BA%94%E5%B9%B4%E7%BA%A7%E6%95%B0%E5%AD%A6_%E6%9C%9F%E6%9C%AB%E5%A4%8D%E4%B9%A0%E8%B4%A8%E9%87%8F%E6%A3%80%E6%B5%8B_%E5%A4%8D%E4%B9%A0%E8%B4%A8%E9%87%8F%E6%A3%80%E6%B5%8BD%E5%8D%B7.docx
小学,五年级,数学,试卷Word,五年级数学_期末学业质量监测_学业质量监测E卷,https://chenzhuanxin.github.io/xianning-teaching-resources/%E4%BA%A4%E4%BB%98%E7%89%A9/03_%E6%9C%9F%E6%9C%AB%E7%9C%9F%E9%A2%98%E8%AF%95%E5%8D%B7/Word_PDF/%E4%BA%94%E5%B9%B4%E7%BA%A7%E6%95%B0%E5%AD%A6_%E6%9C%9F%E6%9C%AB%E5%AD%A6%E4%B8%9A%E8%B4%A8%E9%87%8F%E7%9B%91%E6%B5%8B_%E5%AD%A6%E4%B8%9A%E8%B4%A8%E9%87%8F%E7%9B%91%E6%B5%8BE%E5%8D%B7.docx
小学,五年级,数学,试卷Word,五年级数学_第一学期期末质量检测_期末质量检测A卷,https://chenzhuanxin.github.io/xianning-teaching-resources/%E4%BA%A4%E4%BB%98%E7%89%A9/03_%E6%9C%9F%E6%9C%AB%E7%9C%9F%E9%A2%98%E8%AF%95%E5%8D%B7/Word_PDF/%E4%BA%94%E5%B9%B4%E7%BA%A7%E6%95%B0%E5%AD%A6_%E7%AC%AC%E4%B8%80%E5%AD%A6%E6%9C%9F%E6%9C%9F%E6%9C%AB%E8%B4%A8%E9%87%8F%E6%A3%80%E6%B5%8B_%E6%9C%9F%E6%9C%AB%E8%B4%A8%E9%87%8F%E6%A3%80%E6%B5%8BA%E5%8D%B7.docx
小学,五年级,英语,试卷Word,五年级英语_上学期期末学业水平测试_学业水平测试B卷,https://chenzhuanxin.github.io/xianning-teaching-resources/%E4%BA%A4%E4%BB%98%E7%89%A9/03_%E6%9C%9F%E6%9C%AB%E7%9C%9F%E9%A2%98%E8%AF%95%E5%8D%B7/Word_PDF/%E4%BA%94%E5%B9%B4%E7%BA%A7%E8%8B%B1%E8%AF%AD_%E4%B8%8A%E5%AD%A6%E6%9C%9F%E6%9C%9F%E6%9C%AB%E5%AD%A6%E4%B8%9A%E6%B0%B4%E5%B9%B3%E6%B5%8B%E8%AF%95_%E5%AD%A6%E4%B8%9A%E6%B0%B4%E5%B9%B3%E6%B5%8B%E8%AF%95B%E5%8D%B7.docx
小学,五年级,英语,试卷Word,五年级英语_下学期期末综合检测_综合检测C卷,https://chenzhuanxin.github.io/xianning-teaching-resources/%E4%BA%A4%E4%BB%98%E7%89%A9/03_%E6%9C%9F%E6%9C%AB%E7%9C%9F%E9%A2%98%E8%AF%95%E5%8D%B7/Word_PDF/%E4%BA%94%E5%B9%B4%E7%BA%A7%E8%8B%B1%E8%AF%AD_%E4%B8%8B%E5%AD%A6%E6%9C%9F%E6%9C%9F%E6%9C%AB%E7%BB%BC%E5%90%88%E6%A3%80%E6%B5%8B_%E7%BB%BC%E5%90%88%E6%A3%80%E6%B5%8BC%E5%8D%B7.docx
小学,五年级,英语,试卷Word,五年级英语_期末复习质量检测_复习质量检测D卷,https://chenzhuanxin.github.io/xianning-teaching-resources/%E4%BA%A4%E4%BB%98%E7%89%A9/03_%E6%9C%9F%E6%9C%AB%E7%9C%9F%E9%A2%98%E8%AF%95%E5%8D%B7/Word_PDF/%E4%BA%94%E5%B9%B4%E7%BA%A7%E8%8B%B1%E8%AF%AD_%E6%9C%9F%E6%9C%AB%E5%A4%8D%E4%B9%A0%E8%B4%A8%E9%87%8F%E6%A3%80%E6%B5%8B_%E5%A4%8D%E4%B9%A0%E8%B4%A8%E9%87%8F%E6%A3%80%E6%B5%8BD%E5%8D%B7.docx
小学,五年级,英语,试卷Word,五年级英语_期末学业质量监测_学业质量监测E卷,https://chenzhuanxin.github.io/xianning-teaching-resources/%E4%BA%A4%E4%BB%98%E7%89%A9/03_%E6%9C%9F%E6%9C%AB%E7%9C%9F%E9%A2%98%E8%AF%95%E5%8D%B7/Word_PDF/%E4%BA%94%E5%B9%B4%E7%BA%A7%E8%8B%B1%E8%AF%AD_%E6%9C%9F%E6%9C%AB%E5%AD%A6%E4%B8%9A%E8%B4%A8%E9%87%8F%E7%9B%91%E6%B5%8B_%E5%AD%A6%E4%B8%9A%E8%B4%A8%E9%87%8F%E7%9B%91%E6%B5%8BE%E5%8D%B7.docx
小学,五年级,英语,试卷Word,五年级英语_第一学期期末质量检测_期末质量检测A卷,https://chenzhuanxin.github.io/xianning-teaching-resources/%E4%BA%A4%E4%BB%98%E7%89%A9/03_%E6%9C%9F%E6%9C%AB%E7%9C%9F%E9%A2%98%E8%AF%95%E5%8D%B7/Word_PDF/%E4%BA%94%E5%B9%B4%E7%BA%A7%E8%8B%B1%E8%AF%AD_%E7%AC%AC%E4%B8%80%E5%AD%A6%E6%9C%9F%E6%9C%9F%E6%9C%AB%E8%B4%A8%E9%87%8F%E6%A3%80%E6%B5%8B_%E6%9C%9F%E6%9C%AB%E8%B4%A8%E9%87%8F%E6%A3%80%E6%B5%8BA%E5%8D%B7.docx
小学,五年级,道德与法治,试卷Word,五年级道德与法治_上学期期末学业水平测试_学业水平测试B卷,https://chenzhuanxin.github.io/xianning-teaching-resources/%E4%BA%A4%E4%BB%98%E7%89%A9/03_%E6%9C%9F%E6%9C%AB%E7%9C%9F%E9%A2%98%E8%AF%95%E5%8D%B7/Word_PDF/%E4%BA%94%E5%B9%B4%E7%BA%A7%E9%81%93%E5%BE%B7%E4%B8%8E%E6%B3%95%E6%B2%BB_%E4%B8%8A%E5%AD%A6%E6%9C%9F%E6%9C%9F%E6%9C%AB%E5%AD%A6%E4%B8%9A%E6%B0%B4%E5%B9%B3%E6%B5%8B%E8%AF%95_%E5%AD%A6%E4%B8%9A%E6%B0%B4%E5%B9%B3%E6%B5%8B%E8%AF%95B%E5%8D%B7.docx
小学,五年级,道德与法治,试卷Word,五年级道德与法治_下学期期末综合检测_综合检测C卷,https://chenzhuanxin.github.io/xianning-teaching-resources/%E4%BA%A4%E4%BB%98%E7%89%A9/03_%E6%9C%9F%E6%9C%AB%E7%9C%9F%E9%A2%98%E8%AF%95%E5%8D%B7/Word_PDF/%E4%BA%94%E5%B9%B4%E7%BA%A7%E9%81%93%E5%BE%B7%E4%B8%8E%E6%B3%95%E6%B2%BB_%E4%B8%8B%E5%AD%A6%E6%9C%9F%E6%9C%9F%E6%9C%AB%E7%BB%BC%E5%90%88%E6%A3%80%E6%B5%8B_%E7%BB%BC%E5%90%88%E6%A3%80%E6%B5%8BC%E5%8D%B7.docx
小学,五年级,道德与法治,试卷Word,五年级道德与法治_期末复习质量检测_复习质量检测D卷,https://chenzhuanxin.github.io/xianning-teaching-resources/%E4%BA%A4%E4%BB%98%E7%89%A9/03_%E6%9C%9F%E6%9C%AB%E7%9C%9F%E9%A2%98%E8%AF%95%E5%8D%B7/Word_PDF/%E4%BA%94%E5%B9%B4%E7%BA%A7%E9%81%93%E5%BE%B7%E4%B8%8E%E6%B3%95%E6%B2%BB_%E6%9C%9F%E6%9C%AB%E5%A4%8D%E4%B9%A0%E8%B4%A8%E9%87%8F%E6%A3%80%E6%B5%8B_%E5%A4%8D%E4%B9%A0%E8%B4%A8%E9%87%8F%E6%A3%80%E6%B5%8BD%E5%8D%B7.docx
小学,五年级,道德与法治,试卷Word,五年级道德与法治_期末学业质量监测_学业质量监测E卷,https://chenzhuanxin.github.io/xianning-teaching-resources/%E4%BA%A4%E4%BB%98%E7%89%A9/03_%E6%9C%9F%E6%9C%AB%E7%9C%9F%E9%A2%98%E8%AF%95%E5%8D%B7/Word_PDF/%E4%BA%94%E5%B9%B4%E7%BA%A7%E9%81%93%E5%BE%B7%E4%B8%8E%E6%B3%95%E6%B2%BB_%E6%9C%9F%E6%9C%AB%E5%AD%A6%E4%B8%9A%E8%B4%A8%E9%87%8F%E7%9B%91%E6%B5%8B_%E5%AD%A6%E4%B8%9A%E8%B4%A8%E9%87%8F%E7%9B%91%E6%B5%8BE%E5%8D%B7.docx
小学,五年级,道德与法治,试卷Word,五年级道德与法治_第一学期期末质量检测_期末质量检测A卷,https://chenzhuanxin.github.io/xianning-teaching-resources/%E4%BA%A4%E4%BB%98%E7%89%A9/03_%E6%9C%9F%E6%9C%AB%E7%9C%9F%E9%A2%98%E8%AF%95%E5%8D%B7/Word_PDF/%E4%BA%94%E5%B9%B4%E7%BA%A7%E9%81%93%E5%BE%B7%E4%B8%8E%E6%B3%95%E6%B2%BB_%E7%AC%AC%E4%B8%80%E5%AD%A6%E6%9C%9F%E6%9C%9F%E6%9C%AB%E8%B4%A8%E9%87%8F%E6%A3%80%E6%B5%8B_%E6%9C%9F%E6%9C%AB%E8%B4%A8%E9%87%8F%E6%A3%80%E6%B5%8BA%E5%8D%B7.docx
小学,五年级,科学,试卷Word,五年级科学_上学期期末学业水平测试_学业水平测试B卷,https://chenzhuanxin.github.io/xianning-teaching-resources/%E4%BA%A4%E4%BB%98%E7%89%A9/03_%E6%9C%9F%E6%9C%AB%E7%9C%9F%E9%A2%98%E8%AF%95%E5%8D%B7/Word_PDF/%E4%BA%94%E5%B9%B4%E7%BA%A7%E7%A7%91%E5%AD%A6_%E4%B8%8A%E5%AD%A6%E6%9C%9F%E6%9C%9F%E6%9C%AB%E5%AD%A6%E4%B8%9A%E6%B0%B4%E5%B9%B3%E6%B5%8B%E8%AF%95_%E5%AD%A6%E4%B8%9A%E6%B0%B4%E5%B9%B3%E6%B5%8B%E8%AF%95B%E5%8D%B7.docx
小学,五年级,科学,试卷Word,五年级科学_下学期期末综合检测_综合检测C卷,https://chenzhuanxin.github.io/xianning-teaching-resources/%E4%BA%A4%E4%BB%98%E7%89%A9/03_%E6%9C%9F%E6%9C%AB%E7%9C%9F%E9%A2%98%E8%AF%95%E5%8D%B7/Word_PDF/%E4%BA%94%E5%B9%B4%E7%BA%A7%E7%A7%91%E5%AD%A6_%E4%B8%8B%E5%AD%A6%E6%9C%9F%E6%9C%9F%E6%9C%AB%E7%BB%BC%E5%90%88%E6%A3%80%E6%B5%8B_%E7%BB%BC%E5%90%88%E6%A3%80%E6%B5%8BC%E5%8D%B7.docx
小学,五年级,科学,试卷Word,五年级科学_期末复习质量检测_复习质量检测D卷,https://chenzhuanxin.github.io/xianning-teaching-resources/%E4%BA%A4%E4%BB%98%E7%89%A9/03_%E6%9C%9F%E6%9C%AB%E7%9C%9F%E9%A2%98%E8%AF%95%E5%8D%B7/Word_PDF/%E4%BA%94%E5%B9%B4%E7%BA%A7%E7%A7%91%E5%AD%A6_%E6%9C%9F%E6%9C%AB%E5%A4%8D%E4%B9%A0%E8%B4%A8%E9%87%8F%E6%A3%80%E6%B5%8B_%E5%A4%8D%E4%B9%A0%E8%B4%A8%E9%87%8F%E6%A3%80%E6%B5%8BD%E5%8D%B7.docx
小学,五年级,科学,试卷Word,五年级科学_期末学业质量监测_学业质量监测E卷,https://chenzhuanxin.github.io/xianning-teaching-resources/%E4%BA%A4%E4%BB%98%E7%89%A9/03_%E6%9C%9F%E6%9C%AB%E7%9C%9F%E9%A2%98%E8%AF%95%E5%8D%B7/Word_PDF/%E4%BA%94%E5%B9%B4%E7%BA%A7%E7%A7%91%E5%AD%A6_%E6%9C%9F%E6%9C%AB%E5%AD%A6%E4%B8%9A%E8%B4%A8%E9%87%8F%E7%9B%91%E6%B5%8B_%E5%AD%A6%E4%B8%9A%E8%B4%A8%E9%87%8F%E7%9B%91%E6%B5%8BE%E5%8D%B7.docx
小学,五年级,科学,试卷Word,五年级科学_第一学期期末质量检测_期末质量检测A卷,https://chenzhuanxin.github.io/xianning-teaching-resources/%E4%BA%A4%E4%BB%98%E7%89%A9/03_%E6%9C%9F%E6%9C%AB%E7%9C%9F%E9%A2%98%E8%AF%95%E5%8D%B7/Word_PDF/%E4%BA%94%E5%B9%B4%E7%BA%A7%E7%A7%91%E5%AD%A6_%E7%AC%AC%E4%B8%80%E5%AD%A6%E6%9C%9F%E6%9C%9F%E6%9C%AB%E8%B4%A8%E9%87%8F%E6%A3%80%E6%B5%8B_%E6%9C%9F%E6%9C%AB%E8%B4%A8%E9%87%8F%E6%A3%80%E6%B5%8BA%E5%8D%B7.docx
小学,六年级,语文,试卷Word,六年级语文_上学期期末学业水平测试_学业水平测试B卷,https://chenzhuanxin.github.io/xianning-teaching-resources/%E4%BA%A4%E4%BB%98%E7%89%A9/03_%E6%9C%9F%E6%9C%AB%E7%9C%9F%E9%A2%98%E8%AF%95%E5%8D%B7/Word_PDF/%E5%85%AD%E5%B9%B4%E7%BA%A7%E8%AF%AD%E6%96%87_%E4%B8%8A%E5%AD%A6%E6%9C%9F%E6%9C%9F%E6%9C%AB%E5%AD%A6%E4%B8%9A%E6%B0%B4%E5%B9%B3%E6%B5%8B%E8%AF%95_%E5%AD%A6%E4%B8%9A%E6%B0%B4%E5%B9%B3%E6%B5%8B%E8%AF%95B%E5%8D%B7.docx
小学,六年级,语文,试卷Word,六年级语文_下学期期末综合检测_综合检测C卷,https://chenzhuanxin.github.io/xianning-teaching-resources/%E4%BA%A4%E4%BB%98%E7%89%A9/03_%E6%9C%9F%E6%9C%AB%E7%9C%9F%E9%A2%98%E8%AF%95%E5%8D%B7/Word_PDF/%E5%85%AD%E5%B9%B4%E7%BA%A7%E8%AF%AD%E6%96%87_%E4%B8%8B%E5%AD%A6%E6%9C%9F%E6%9C%9F%E6%9C%AB%E7%BB%BC%E5%90%88%E6%A3%80%E6%B5%8B_%E7%BB%BC%E5%90%88%E6%A3%80%E6%B5%8BC%E5%8D%B7.docx
小学,六年级,语文,试卷Word,六年级语文_期末复习质量检测_复习质量检测D卷,https://chenzhuanxin.github.io/xianning-teaching-resources/%E4%BA%A4%E4%BB%98%E7%89%A9/03_%E6%9C%9F%E6%9C%AB%E7%9C%9F%E9%A2%98%E8%AF%95%E5%8D%B7/Word_PDF/%E5%85%AD%E5%B9%B4%E7%BA%A7%E8%AF%AD%E6%96%87_%E6%9C%9F%E6%9C%AB%E5%A4%8D%E4%B9%A0%E8%B4%A8%E9%87%8F%E6%A3%80%E6%B5%8B_%E5%A4%8D%E4%B9%A0%E8%B4%A8%E9%87%8F%E6%A3%80%E6%B5%8BD%E5%8D%B7.docx
小学,六年级,语文,试卷Word,六年级语文_期末学业质量监测_学业质量监测E卷,https://chenzhuanxin.github.io/xianning-teaching-resources/%E4%BA%A4%E4%BB%98%E7%89%A9/03_%E6%9C%9F%E6%9C%AB%E7%9C%9F%E9%A2%98%E8%AF%95%E5%8D%B7/Word_PDF/%E5%85%AD%E5%B9%B4%E7%BA%A7%E8%AF%AD%E6%96%87_%E6%9C%9F%E6%9C%AB%E5%AD%A6%E4%B8%9A%E8%B4%A8%E9%87%8F%E7%9B%91%E6%B5%8B_%E5%AD%A6%E4%B8%9A%E8%B4%A8%E9%87%8F%E7%9B%91%E6%B5%8BE%E5%8D%B7.docx
小学,六年级,语文,试卷Word,六年级语文_第一学期期末质量检测_期末质量检测A卷,https://chenzhuanxin.github.io/xianning-teaching-resources/%E4%BA%A4%E4%BB%98%E7%89%A9/03_%E6%9C%9F%E6%9C%AB%E7%9C%9F%E9%A2%98%E8%AF%95%E5%8D%B7/Word_PDF/%E5%85%AD%E5%B9%B4%E7%BA%A7%E8%AF%AD%E6%96%87_%E7%AC%AC%E4%B8%80%E5%AD%A6%E6%9C%9F%E6%9C%9F%E6%9C%AB%E8%B4%A8%E9%87%8F%E6%A3%80%E6%B5%8B_%E6%9C%9F%E6%9C%AB%E8%B4%A8%E9%87%8F%E6%A3%80%E6%B5%8BA%E5%8D%B7.docx
小学,六年级,数学,试卷Word,六年级数学_上学期期末学业水平测试_学业水平测试B卷,https://chenzhuanxin.github.io/xianning-teaching-resources/%E4%BA%A4%E4%BB%98%E7%89%A9/03_%E6%9C%9F%E6%9C%AB%E7%9C%9F%E9%A2%98%E8%AF%95%E5%8D%B7/Word_PDF/%E5%85%AD%E5%B9%B4%E7%BA%A7%E6%95%B0%E5%AD%A6_%E4%B8%8A%E5%AD%A6%E6%9C%9F%E6%9C%9F%E6%9C%AB%E5%AD%A6%E4%B8%9A%E6%B0%B4%E5%B9%B3%E6%B5%8B%E8%AF%95_%E5%AD%A6%E4%B8%9A%E6%B0%B4%E5%B9%B3%E6%B5%8B%E8%AF%95B%E5%8D%B7.docx
小学,六年级,数学,试卷Word,六年级数学_下学期期末综合检测_综合检测C卷,https://chenzhuanxin.github.io/xianning-teaching-resources/%E4%BA%A4%E4%BB%98%E7%89%A9/03_%E6%9C%9F%E6%9C%AB%E7%9C%9F%E9%A2%98%E8%AF%95%E5%8D%B7/Word_PDF/%E5%85%AD%E5%B9%B4%E7%BA%A7%E6%95%B0%E5%AD%A6_%E4%B8%8B%E5%AD%A6%E6%9C%9F%E6%9C%9F%E6%9C%AB%E7%BB%BC%E5%90%88%E6%A3%80%E6%B5%8B_%E7%BB%BC%E5%90%88%E6%A3%80%E6%B5%8BC%E5%8D%B7.docx
小学,六年级,数学,试卷Word,六年级数学_期末复习质量检测_复习质量检测D卷,https://chenzhuanxin.github.io/xianning-teaching-resources/%E4%BA%A4%E4%BB%98%E7%89%A9/03_%E6%9C%9F%E6%9C%AB%E7%9C%9F%E9%A2%98%E8%AF%95%E5%8D%B7/Word_PDF/%E5%85%AD%E5%B9%B4%E7%BA%A7%E6%95%B0%E5%AD%A6_%E6%9C%9F%E6%9C%AB%E5%A4%8D%E4%B9%A0%E8%B4%A8%E9%87%8F%E6%A3%80%E6%B5%8B_%E5%A4%8D%E4%B9%A0%E8%B4%A8%E9%87%8F%E6%A3%80%E6%B5%8BD%E5%8D%B7.docx
小学,六年级,数学,试卷Word,六年级数学_期末学业质量监测_学业质量监测E卷,https://chenzhuanxin.github.io/xianning-teaching-resources/%E4%BA%A4%E4%BB%98%E7%89%A9/03_%E6%9C%9F%E6%9C%AB%E7%9C%9F%E9%A2%98%E8%AF%95%E5%8D%B7/Word_PDF/%E5%85%AD%E5%B9%B4%E7%BA%A7%E6%95%B0%E5%AD%A6_%E6%9C%9F%E6%9C%AB%E5%AD%A6%E4%B8%9A%E8%B4%A8%E9%87%8F%E7%9B%91%E6%B5%8B_%E5%AD%A6%E4%B8%9A%E8%B4%A8%E9%87%8F%E7%9B%91%E6%B5%8BE%E5%8D%B7.docx
小学,六年级,数学,试卷Word,六年级数学_第一学期期末质量检测_期末质量检测A卷,https://chenzhuanxin.github.io/xianning-teaching-resources/%E4%BA%A4%E4%BB%98%E7%89%A9/03_%E6%9C%9F%E6%9C%AB%E7%9C%9F%E9%A2%98%E8%AF%95%E5%8D%B7/Word_PDF/%E5%85%AD%E5%B9%B4%E7%BA%A7%E6%95%B0%E5%AD%A6_%E7%AC%AC%E4%B8%80%E5%AD%A6%E6%9C%9F%E6%9C%9F%E6%9C%AB%E8%B4%A8%E9%87%8F%E6%A3%80%E6%B5%8B_%E6%9C%9F%E6%9C%AB%E8%B4%A8%E9%87%8F%E6%A3%80%E6%B5%8BA%E5%8D%B7.docx
小学,六年级,英语,试卷Word,六年级英语_上学期期末学业水平测试_学业水平测试B卷,https://chenzhuanxin.github.io/xianning-teaching-resources/%E4%BA%A4%E4%BB%98%E7%89%A9/03_%E6%9C%9F%E6%9C%AB%E7%9C%9F%E9%A2%98%E8%AF%95%E5%8D%B7/Word_PDF/%E5%85%AD%E5%B9%B4%E7%BA%A7%E8%8B%B1%E8%AF%AD_%E4%B8%8A%E5%AD%A6%E6%9C%9F%E6%9C%9F%E6%9C%AB%E5%AD%A6%E4%B8%9A%E6%B0%B4%E5%B9%B3%E6%B5%8B%E8%AF%95_%E5%AD%A6%E4%B8%9A%E6%B0%B4%E5%B9%B3%E6%B5%8B%E8%AF%95B%E5%8D%B7.docx
小学,六年级,英语,试卷Word,六年级英语_下学期期末综合检测_综合检测C卷,https://chenzhuanxin.github.io/xianning-teaching-resources/%E4%BA%A4%E4%BB%98%E7%89%A9/03_%E6%9C%9F%E6%9C%AB%E7%9C%9F%E9%A2%98%E8%AF%95%E5%8D%B7/Word_PDF/%E5%85%AD%E5%B9%B4%E7%BA%A7%E8%8B%B1%E8%AF%AD_%E4%B8%8B%E5%AD%A6%E6%9C%9F%E6%9C%9F%E6%9C%AB%E7%BB%BC%E5%90%88%E6%A3%80%E6%B5%8B_%E7%BB%BC%E5%90%88%E6%A3%80%E6%B5%8BC%E5%8D%B7.docx
小学,六年级,英语,试卷Word,六年级英语_期末复习质量检测_复习质量检测D卷,https://chenzhuanxin.github.io/xianning-teaching-resources/%E4%BA%A4%E4%BB%98%E7%89%A9/03_%E6%9C%9F%E6%9C%AB%E7%9C%9F%E9%A2%98%E8%AF%95%E5%8D%B7/Word_PDF/%E5%85%AD%E5%B9%B4%E7%BA%A7%E8%8B%B1%E8%AF%AD_%E6%9C%9F%E6%9C%AB%E5%A4%8D%E4%B9%A0%E8%B4%A8%E9%87%8F%E6%A3%80%E6%B5%8B_%E5%A4%8D%E4%B9%A0%E8%B4%A8%E9%87%8F%E6%A3%80%E6%B5%8BD%E5%8D%B7.docx
小学,六年级,英语,试卷Word,六年级英语_期末学业质量监测_学业质量监测E卷,https://chenzhuanxin.github.io/xianning-teaching-resources/%E4%BA%A4%E4%BB%98%E7%89%A9/03_%E6%9C%9F%E6%9C%AB%E7%9C%9F%E9%A2%98%E8%AF%95%E5%8D%B7/Word_PDF/%E5%85%AD%E5%B9%B4%E7%BA%A7%E8%8B%B1%E8%AF%AD_%E6%9C%9F%E6%9C%AB%E5%AD%A6%E4%B8%9A%E8%B4%A8%E9%87%8F%E7%9B%91%E6%B5%8B_%E5%AD%A6%E4%B8%9A%E8%B4%A8%E9%87%8F%E7%9B%91%E6%B5%8BE%E5%8D%B7.docx
小学,六年级,英语,试卷Word,六年级英语_第一学期期末质量检测_期末质量检测A卷,https://chenzhuanxin.github.io/xianning-teaching-resources/%E4%BA%A4%E4%BB%98%E7%89%A9/03_%E6%9C%9F%E6%9C%AB%E7%9C%9F%E9%A2%98%E8%AF%95%E5%8D%B7/Word_PDF/%E5%85%AD%E5%B9%B4%E7%BA%A7%E8%8B%B1%E8%AF%AD_%E7%AC%AC%E4%B8%80%E5%AD%A6%E6%9C%9F%E6%9C%9F%E6%9C%AB%E8%B4%A8%E9%87%8F%E6%A3%80%E6%B5%8B_%E6%9C%9F%E6%9C%AB%E8%B4%A8%E9%87%8F%E6%A3%80%E6%B5%8BA%E5%8D%B7.docx
小学,六年级,道德与法治,试卷Word,六年级道德与法治_上学期期末学业水平测试_学业水平测试B卷,https://chenzhuanxin.github.io/xianning-teaching-resources/%E4%BA%A4%E4%BB%98%E7%89%A9/03_%E6%9C%9F%E6%9C%AB%E7%9C%9F%E9%A2%98%E8%AF%95%E5%8D%B7/Word_PDF/%E5%85%AD%E5%B9%B4%E7%BA%A7%E9%81%93%E5%BE%B7%E4%B8%8E%E6%B3%95%E6%B2%BB_%E4%B8%8A%E5%AD%A6%E6%9C%9F%E6%9C%9F%E6%9C%AB%E5%AD%A6%E4%B8%9A%E6%B0%B4%E5%B9%B3%E6%B5%8B%E8%AF%95_%E5%AD%A6%E4%B8%9A%E6%B0%B4%E5%B9%B3%E6%B5%8B%E8%AF%95B%E5%8D%B7.docx
小学,六年级,道德与法治,试卷Word,六年级道德与法治_下学期期末综合检测_综合检测C卷,https://chenzhuanxin.github.io/xianning-teaching-resources/%E4%BA%A4%E4%BB%98%E7%89%A9/03_%E6%9C%9F%E6%9C%AB%E7%9C%9F%E9%A2%98%E8%AF%95%E5%8D%B7/Word_PDF/%E5%85%AD%E5%B9%B4%E7%BA%A7%E9%81%93%E5%BE%B7%E4%B8%8E%E6%B3%95%E6%B2%BB_%E4%B8%8B%E5%AD%A6%E6%9C%9F%E6%9C%9F%E6%9C%AB%E7%BB%BC%E5%90%88%E6%A3%80%E6%B5%8B_%E7%BB%BC%E5%90%88%E6%A3%80%E6%B5%8BC%E5%8D%B7.docx
小学,六年级,道德与法治,试卷Word,六年级道德与法治_期末复习质量检测_复习质量检测D卷,https://chenzhuanxin.github.io/xianning-teaching-resources/%E4%BA%A4%E4%BB%98%E7%89%A9/03_%E6%9C%9F%E6%9C%AB%E7%9C%9F%E9%A2%98%E8%AF%95%E5%8D%B7/Word_PDF/%E5%85%AD%E5%B9%B4%E7%BA%A7%E9%81%93%E5%BE%B7%E4%B8%8E%E6%B3%95%E6%B2%BB_%E6%9C%9F%E6%9C%AB%E5%A4%8D%E4%B9%A0%E8%B4%A8%E9%87%8F%E6%A3%80%E6%B5%8B_%E5%A4%8D%E4%B9%A0%E8%B4%A8%E9%87%8F%E6%A3%80%E6%B5%8BD%E5%8D%B7.docx
小学,六年级,道德与法治,试卷Word,六年级道德与法治_期末学业质量监测_学业质量监测E卷,https://chenzhuanxin.github.io/xianning-teaching-resources/%E4%BA%A4%E4%BB%98%E7%89%A9/03_%E6%9C%9F%E6%9C%AB%E7%9C%9F%E9%A2%98%E8%AF%95%E5%8D%B7/Word_PDF/%E5%85%AD%E5%B9%B4%E7%BA%A7%E9%81%93%E5%BE%B7%E4%B8%8E%E6%B3%95%E6%B2%BB_%E6%9C%9F%E6%9C%AB%E5%AD%A6%E4%B8%9A%E8%B4%A8%E9%87%8F%E7%9B%91%E6%B5%8B_%E5%AD%A6%E4%B8%9A%E8%B4%A8%E9%87%8F%E7%9B%91%E6%B5%8BE%E5%8D%B7.docx
小学,六年级,道德与法治,试卷Word,六年级道德与法治_第一学期期末质量检测_期末质量检测A卷,https://chenzhuanxin.github.io/xianning-teaching-resources/%E4%BA%A4%E4%BB%98%E7%89%A9/03_%E6%9C%9F%E6%9C%AB%E7%9C%9F%E9%A2%98%E8%AF%95%E5%8D%B7/Word_PDF/%E5%85%AD%E5%B9%B4%E7%BA%A7%E9%81%93%E5%BE%B7%E4%B8%8E%E6%B3%95%E6%B2%BB_%E7%AC%AC%E4%B8%80%E5%AD%A6%E6%9C%9F%E6%9C%9F%E6%9C%AB%E8%B4%A8%E9%87%8F%E6%A3%80%E6%B5%8B_%E6%9C%9F%E6%9C%AB%E8%B4%A8%E9%87%8F%E6%A3%80%E6%B5%8BA%E5%8D%B7.docx
小学,六年级,科学,试卷Word,六年级科学_上学期期末学业水平测试_学业水平测试B卷,https://chenzhuanxin.github.io/xianning-teaching-resources/%E4%BA%A4%E4%BB%98%E7%89%A9/03_%E6%9C%9F%E6%9C%AB%E7%9C%9F%E9%A2%98%E8%AF%95%E5%8D%B7/Word_PDF/%E5%85%AD%E5%B9%B4%E7%BA%A7%E7%A7%91%E5%AD%A6_%E4%B8%8A%E5%AD%A6%E6%9C%9F%E6%9C%9F%E6%9C%AB%E5%AD%A6%E4%B8%9A%E6%B0%B4%E5%B9%B3%E6%B5%8B%E8%AF%95_%E5%AD%A6%E4%B8%9A%E6%B0%B4%E5%B9%B3%E6%B5%8B%E8%AF%95B%E5%8D%B7.docx
小学,六年级,科学,试卷Word,六年级科学_下学期期末综合检测_综合检测C卷,https://chenzhuanxin.github.io/xianning-teaching-resources/%E4%BA%A4%E4%BB%98%E7%89%A9/03_%E6%9C%9F%E6%9C%AB%E7%9C%9F%E9%A2%98%E8%AF%95%E5%8D%B7/Word_PDF/%E5%85%AD%E5%B9%B4%E7%BA%A7%E7%A7%91%E5%AD%A6_%E4%B8%8B%E5%AD%A6%E6%9C%9F%E6%9C%9F%E6%9C%AB%E7%BB%BC%E5%90%88%E6%A3%80%E6%B5%8B_%E7%BB%BC%E5%90%88%E6%A3%80%E6%B5%8BC%E5%8D%B7.docx
小学,六年级,科学,试卷Word,六年级科学_期末复习质量检测_复习质量检测D卷,https://chenzhuanxin.github.io/xianning-teaching-resources/%E4%BA%A4%E4%BB%98%E7%89%A9/03_%E6%9C%9F%E6%9C%AB%E7%9C%9F%E9%A2%98%E8%AF%95%E5%8D%B7/Word_PDF/%E5%85%AD%E5%B9%B4%E7%BA%A7%E7%A7%91%E5%AD%A6_%E6%9C%9F%E6%9C%AB%E5%A4%8D%E4%B9%A0%E8%B4%A8%E9%87%8F%E6%A3%80%E6%B5%8B_%E5%A4%8D%E4%B9%A0%E8%B4%A8%E9%87%8F%E6%A3%80%E6%B5%8BD%E5%8D%B7.docx
小学,六年级,科学,试卷Word,六年级科学_期末学业质量监测_学业质量监测E卷,https://chenzhuanxin.github.io/xianning-teaching-resources/%E4%BA%A4%E4%BB%98%E7%89%A9/03_%E6%9C%9F%E6%9C%AB%E7%9C%9F%E9%A2%98%E8%AF%95%E5%8D%B7/Word_PDF/%E5%85%AD%E5%B9%B4%E7%BA%A7%E7%A7%91%E5%AD%A6_%E6%9C%9F%E6%9C%AB%E5%AD%A6%E4%B8%9A%E8%B4%A8%E9%87%8F%E7%9B%91%E6%B5%8B_%E5%AD%A6%E4%B8%9A%E8%B4%A8%E9%87%8F%E7%9B%91%E6%B5%8BE%E5%8D%B7.docx
小学,六年级,科学,试卷Word,六年级科学_第一学期期末质量检测_期末质量检测A卷,https://chenzhuanxin.github.io/xianning-teaching-resources/%E4%BA%A4%E4%BB%98%E7%89%A9/03_%E6%9C%9F%E6%9C%AB%E7%9C%9F%E9%A2%98%E8%AF%95%E5%8D%B7/Word_PDF/%E5%85%AD%E5%B9%B4%E7%BA%A7%E7%A7%91%E5%AD%A6_%E7%AC%AC%E4%B8%80%E5%AD%A6%E6%9C%9F%E6%9C%9F%E6%9C%AB%E8%B4%A8%E9%87%8F%E6%A3%80%E6%B5%8B_%E6%9C%9F%E6%9C%AB%E8%B4%A8%E9%87%8F%E6%A3%80%E6%B5%8BA%E5%8D%B7.docx
初中,七年级,语文,试卷Word,七年级语文_上学期期末学业水平测试_学业水平测试B卷,https://chenzhuanxin.github.io/xianning-teaching-resources/%E4%BA%A4%E4%BB%98%E7%89%A9/03_%E6%9C%9F%E6%9C%AB%E7%9C%9F%E9%A2%98%E8%AF%95%E5%8D%B7/Word_PDF/%E4%B8%83%E5%B9%B4%E7%BA%A7%E8%AF%AD%E6%96%87_%E4%B8%8A%E5%AD%A6%E6%9C%9F%E6%9C%9F%E6%9C%AB%E5%AD%A6%E4%B8%9A%E6%B0%B4%E5%B9%B3%E6%B5%8B%E8%AF%95_%E5%AD%A6%E4%B8%9A%E6%B0%B4%E5%B9%B3%E6%B5%8B%E8%AF%95B%E5%8D%B7.docx
初中,七年级,语文,试卷Word,七年级语文_下学期期末综合检测_综合检测C卷,https://chenzhuanxin.github.io/xianning-teaching-resources/%E4%BA%A4%E4%BB%98%E7%89%A9/03_%E6%9C%9F%E6%9C%AB%E7%9C%9F%E9%A2%98%E8%AF%95%E5%8D%B7/Word_PDF/%E4%B8%83%E5%B9%B4%E7%BA%A7%E8%AF%AD%E6%96%87_%E4%B8%8B%E5%AD%A6%E6%9C%9F%E6%9C%9F%E6%9C%AB%E7%BB%BC%E5%90%88%E6%A3%80%E6%B5%8B_%E7%BB%BC%E5%90%88%E6%A3%80%E6%B5%8BC%E5%8D%B7.docx
初中,七年级,语文,试卷Word,七年级语文_期末复习质量检测_复习质量检测D卷,https://chenzhuanxin.github.io/xianning-teaching-resources/%E4%BA%A4%E4%BB%98%E7%89%A9/03_%E6%9C%9F%E6%9C%AB%E7%9C%9F%E9%A2%98%E8%AF%95%E5%8D%B7/Word_PDF/%E4%B8%83%E5%B9%B4%E7%BA%A7%E8%AF%AD%E6%96%87_%E6%9C%9F%E6%9C%AB%E5%A4%8D%E4%B9%A0%E8%B4%A8%E9%87%8F%E6%A3%80%E6%B5%8B_%E5%A4%8D%E4%B9%A0%E8%B4%A8%E9%87%8F%E6%A3%80%E6%B5%8BD%E5%8D%B7.docx
初中,七年级,语文,试卷Word,七年级语文_期末学业质量监测_学业质量监测E卷,https://chenzhuanxin.github.io/xianning-teaching-resources/%E4%BA%A4%E4%BB%98%E7%89%A9/03_%E6%9C%9F%E6%9C%AB%E7%9C%9F%E9%A2%98%E8%AF%95%E5%8D%B7/Word_PDF/%E4%B8%83%E5%B9%B4%E7%BA%A7%E8%AF%AD%E6%96%87_%E6%9C%9F%E6%9C%AB%E5%AD%A6%E4%B8%9A%E8%B4%A8%E9%87%8F%E7%9B%91%E6%B5%8B_%E5%AD%A6%E4%B8%9A%E8%B4%A8%E9%87%8F%E7%9B%91%E6%B5%8BE%E5%8D%B7.docx
初中,七年级,语文,试卷Word,七年级语文_第一学期期末质量检测_期末质量检测A卷,https://chenzhuanxin.github.io/xianning-teaching-resources/%E4%BA%A4%E4%BB%98%E7%89%A9/03_%E6%9C%9F%E6%9C%AB%E7%9C%9F%E9%A2%98%E8%AF%95%E5%8D%B7/Word_PDF/%E4%B8%83%E5%B9%B4%E7%BA%A7%E8%AF%AD%E6%96%87_%E7%AC%AC%E4%B8%80%E5%AD%A6%E6%9C%9F%E6%9C%9F%E6%9C%AB%E8%B4%A8%E9%87%8F%E6%A3%80%E6%B5%8B_%E6%9C%9F%E6%9C%AB%E8%B4%A8%E9%87%8F%E6%A3%80%E6%B5%8BA%E5%8D%B7.docx
初中,七年级,数学,试卷Word,七年级数学_上学期期末学业水平测试_学业水平测试B卷,https://chenzhuanxin.github.io/xianning-teaching-resources/%E4%BA%A4%E4%BB%98%E7%89%A9/03_%E6%9C%9F%E6%9C%AB%E7%9C%9F%E9%A2%98%E8%AF%95%E5%8D%B7/Word_PDF/%E4%B8%83%E5%B9%B4%E7%BA%A7%E6%95%B0%E5%AD%A6_%E4%B8%8A%E5%AD%A6%E6%9C%9F%E6%9C%9F%E6%9C%AB%E5%AD%A6%E4%B8%9A%E6%B0%B4%E5%B9%B3%E6%B5%8B%E8%AF%95_%E5%AD%A6%E4%B8%9A%E6%B0%B4%E5%B9%B3%E6%B5%8B%E8%AF%95B%E5%8D%B7.docx
初中,七年级,数学,试卷Word,七年级数学_下学期期末综合检测_综合检测C卷,https://chenzhuanxin.github.io/xianning-teaching-resources/%E4%BA%A4%E4%BB%98%E7%89%A9/03_%E6%9C%9F%E6%9C%AB%E7%9C%9F%E9%A2%98%E8%AF%95%E5%8D%B7/Word_PDF/%E4%B8%83%E5%B9%B4%E7%BA%A7%E6%95%B0%E5%AD%A6_%E4%B8%8B%E5%AD%A6%E6%9C%9F%E6%9C%9F%E6%9C%AB%E7%BB%BC%E5%90%88%E6%A3%80%E6%B5%8B_%E7%BB%BC%E5%90%88%E6%A3%80%E6%B5%8BC%E5%8D%B7.docx
初中,七年级,数学,试卷Word,七年级数学_期末复习质量检测_复习质量检测D卷,https://chenzhuanxin.github.io/xianning-teaching-resources/%E4%BA%A4%E4%BB%98%E7%89%A9/03_%E6%9C%9F%E6%9C%AB%E7%9C%9F%E9%A2%98%E8%AF%95%E5%8D%B7/Word_PDF/%E4%B8%83%E5%B9%B4%E7%BA%A7%E6%95%B0%E5%AD%A6_%E6%9C%9F%E6%9C%AB%E5%A4%8D%E4%B9%A0%E8%B4%A8%E9%87%8F%E6%A3%80%E6%B5%8B_%E5%A4%8D%E4%B9%A0%E8%B4%A8%E9%87%8F%E6%A3%80%E6%B5%8BD%E5%8D%B7.docx
初中,七年级,数学,试卷Word,七年级数学_期末学业质量监测_学业质量监测E卷,https://chenzhuanxin.github.io/xianning-teaching-resources/%E4%BA%A4%E4%BB%98%E7%89%A9/03_%E6%9C%9F%E6%9C%AB%E7%9C%9F%E9%A2%98%E8%AF%95%E5%8D%B7/Word_PDF/%E4%B8%83%E5%B9%B4%E7%BA%A7%E6%95%B0%E5%AD%A6_%E6%9C%9F%E6%9C%AB%E5%AD%A6%E4%B8%9A%E8%B4%A8%E9%87%8F%E7%9B%91%E6%B5%8B_%E5%AD%A6%E4%B8%9A%E8%B4%A8%E9%87%8F%E7%9B%91%E6%B5%8BE%E5%8D%B7.docx
初中,七年级,数学,试卷Word,七年级数学_第一学期期末质量检测_期末质量检测A卷,https://chenzhuanxin.github.io/xianning-teaching-resources/%E4%BA%A4%E4%BB%98%E7%89%A9/03_%E6%9C%9F%E6%9C%AB%E7%9C%9F%E9%A2%98%E8%AF%95%E5%8D%B7/Word_PDF/%E4%B8%83%E5%B9%B4%E7%BA%A7%E6%95%B0%E5%AD%A6_%E7%AC%AC%E4%B8%80%E5%AD%A6%E6%9C%9F%E6%9C%9F%E6%9C%AB%E8%B4%A8%E9%87%8F%E6%A3%80%E6%B5%8B_%E6%9C%9F%E6%9C%AB%E8%B4%A8%E9%87%8F%E6%A3%80%E6%B5%8BA%E5%8D%B7.docx
初中,七年级,英语,试卷Word,七年级英语_上学期期末学业水平测试_学业水平测试B卷,https://chenzhuanxin.github.io/xianning-teaching-resources/%E4%BA%A4%E4%BB%98%E7%89%A9/03_%E6%9C%9F%E6%9C%AB%E7%9C%9F%E9%A2%98%E8%AF%95%E5%8D%B7/Word_PDF/%E4%B8%83%E5%B9%B4%E7%BA%A7%E8%8B%B1%E8%AF%AD_%E4%B8%8A%E5%AD%A6%E6%9C%9F%E6%9C%9F%E6%9C%AB%E5%AD%A6%E4%B8%9A%E6%B0%B4%E5%B9%B3%E6%B5%8B%E8%AF%95_%E5%AD%A6%E4%B8%9A%E6%B0%B4%E5%B9%B3%E6%B5%8B%E8%AF%95B%E5%8D%B7.docx
初中,七年级,英语,试卷Word,七年级英语_下学期期末综合检测_综合检测C卷,https://chenzhuanxin.github.io/xianning-teaching-resources/%E4%BA%A4%E4%BB%98%E7%89%A9/03_%E6%9C%9F%E6%9C%AB%E7%9C%9F%E9%A2%98%E8%AF%95%E5%8D%B7/Word_PDF/%E4%B8%83%E5%B9%B4%E7%BA%A7%E8%8B%B1%E8%AF%AD_%E4%B8%8B%E5%AD%A6%E6%9C%9F%E6%9C%9F%E6%9C%AB%E7%BB%BC%E5%90%88%E6%A3%80%E6%B5%8B_%E7%BB%BC%E5%90%88%E6%A3%80%E6%B5%8BC%E5%8D%B7.docx
初中,七年级,英语,试卷Word,七年级英语_期末复习质量检测_复习质量检测D卷,https://chenzhuanxin.github.io/xianning-teaching-resources/%E4%BA%A4%E4%BB%98%E7%89%A9/03_%E6%9C%9F%E6%9C%AB%E7%9C%9F%E9%A2%98%E8%AF%95%E5%8D%B7/Word_PDF/%E4%B8%83%E5%B9%B4%E7%BA%A7%E8%8B%B1%E8%AF%AD_%E6%9C%9F%E6%9C%AB%E5%A4%8D%E4%B9%A0%E8%B4%A8%E9%87%8F%E6%A3%80%E6%B5%8B_%E5%A4%8D%E4%B9%A0%E8%B4%A8%E9%87%8F%E6%A3%80%E6%B5%8BD%E5%8D%B7.docx
初中,七年级,英语,试卷Word,七年级英语_期末学业质量监测_学业质量监测E卷,https://chenzhuanxin.github.io/xianning-teaching-resources/%E4%BA%A4%E4%BB%98%E7%89%A9/03_%E6%9C%9F%E6%9C%AB%E7%9C%9F%E9%A2%98%E8%AF%95%E5%8D%B7/Word_PDF/%E4%B8%83%E5%B9%B4%E7%BA%A7%E8%8B%B1%E8%AF%AD_%E6%9C%9F%E6%9C%AB%E5%AD%A6%E4%B8%9A%E8%B4%A8%E9%87%8F%E7%9B%91%E6%B5%8B_%E5%AD%A6%E4%B8%9A%E8%B4%A8%E9%87%8F%E7%9B%91%E6%B5%8BE%E5%8D%B7.docx
初中,七年级,英语,试卷Word,七年级英语_第一学期期末质量检测_期末质量检测A卷,https://chenzhuanxin.github.io/xianning-teaching-resources/%E4%BA%A4%E4%BB%98%E7%89%A9/03_%E6%9C%9F%E6%9C%AB%E7%9C%9F%E9%A2%98%E8%AF%95%E5%8D%B7/Word_PDF/%E4%B8%83%E5%B9%B4%E7%BA%A7%E8%8B%B1%E8%AF%AD_%E7%AC%AC%E4%B8%80%E5%AD%A6%E6%9C%9F%E6%9C%9F%E6%9C%AB%E8%B4%A8%E9%87%8F%E6%A3%80%E6%B5%8B_%E6%9C%9F%E6%9C%AB%E8%B4%A8%E9%87%8F%E6%A3%80%E6%B5%8BA%E5%8D%B7.docx
初中,七年级,道德与法治,试卷Word,七年级道德与法治_上学期期末学业水平测试_学业水平测试B卷,https://chenzhuanxin.github.io/xianning-teaching-resources/%E4%BA%A4%E4%BB%98%E7%89%A9/03_%E6%9C%9F%E6%9C%AB%E7%9C%9F%E9%A2%98%E8%AF%95%E5%8D%B7/Word_PDF/%E4%B8%83%E5%B9%B4%E7%BA%A7%E9%81%93%E5%BE%B7%E4%B8%8E%E6%B3%95%E6%B2%BB_%E4%B8%8A%E5%AD%A6%E6%9C%9F%E6%9C%9F%E6%9C%AB%E5%AD%A6%E4%B8%9A%E6%B0%B4%E5%B9%B3%E6%B5%8B%E8%AF%95_%E5%AD%A6%E4%B8%9A%E6%B0%B4%E5%B9%B3%E6%B5%8B%E8%AF%95B%E5%8D%B7.docx
初中,七年级,道德与法治,试卷Word,七年级道德与法治_下学期期末综合检测_综合检测C卷,https://chenzhuanxin.github.io/xianning-teaching-resources/%E4%BA%A4%E4%BB%98%E7%89%A9/03_%E6%9C%9F%E6%9C%AB%E7%9C%9F%E9%A2%98%E8%AF%95%E5%8D%B7/Word_PDF/%E4%B8%83%E5%B9%B4%E7%BA%A7%E9%81%93%E5%BE%B7%E4%B8%8E%E6%B3%95%E6%B2%BB_%E4%B8%8B%E5%AD%A6%E6%9C%9F%E6%9C%9F%E6%9C%AB%E7%BB%BC%E5%90%88%E6%A3%80%E6%B5%8B_%E7%BB%BC%E5%90%88%E6%A3%80%E6%B5%8BC%E5%8D%B7.docx
初中,七年级,道德与法治,试卷Word,七年级道德与法治_期末复习质量检测_复习质量检测D卷,https://chenzhuanxin.github.io/xianning-teaching-resources/%E4%BA%A4%E4%BB%98%E7%89%A9/03_%E6%9C%9F%E6%9C%AB%E7%9C%9F%E9%A2%98%E8%AF%95%E5%8D%B7/Word_PDF/%E4%B8%83%E5%B9%B4%E7%BA%A7%E9%81%93%E5%BE%B7%E4%B8%8E%E6%B3%95%E6%B2%BB_%E6%9C%9F%E6%9C%AB%E5%A4%8D%E4%B9%A0%E8%B4%A8%E9%87%8F%E6%A3%80%E6%B5%8B_%E5%A4%8D%E4%B9%A0%E8%B4%A8%E9%87%8F%E6%A3%80%E6%B5%8BD%E5%8D%B7.docx
初中,七年级,道德与法治,试卷Word,七年级道德与法治_期末学业质量监测_学业质量监测E卷,https://chenzhuanxin.github.io/xianning-teaching-resources/%E4%BA%A4%E4%BB%98%E7%89%A9/03_%E6%9C%9F%E6%9C%AB%E7%9C%9F%E9%A2%98%E8%AF%95%E5%8D%B7/Word_PDF/%E4%B8%83%E5%B9%B4%E7%BA%A7%E9%81%93%E5%BE%B7%E4%B8%8E%E6%B3%95%E6%B2%BB_%E6%9C%9F%E6%9C%AB%E5%AD%A6%E4%B8%9A%E8%B4%A8%E9%87%8F%E7%9B%91%E6%B5%8B_%E5%AD%A6%E4%B8%9A%E8%B4%A8%E9%87%8F%E7%9B%91%E6%B5%8BE%E5%8D%B7.docx
初中,七年级,道德与法治,试卷Word,七年级道德与法治_第一学期期末质量检测_期末质量检测A卷,https://chenzhuanxin.github.io/xianning-teaching-resources/%E4%BA%A4%E4%BB%98%E7%89%A9/03_%E6%9C%9F%E6%9C%AB%E7%9C%9F%E9%A2%98%E8%AF%95%E5%8D%B7/Word_PDF/%E4%B8%83%E5%B9%B4%E7%BA%A7%E9%81%93%E5%BE%B7%E4%B8%8E%E6%B3%95%E6%B2%BB_%E7%AC%AC%E4%B8%80%E5%AD%A6%E6%9C%9F%E6%9C%9F%E6%9C%AB%E8%B4%A8%E9%87%8F%E6%A3%80%E6%B5%8B_%E6%9C%9F%E6%9C%AB%E8%B4%A8%E9%87%8F%E6%A3%80%E6%B5%8BA%E5%8D%B7.docx
初中,七年级,生物,试卷Word,七年级生物_上学期期末学业水平测试_学业水平测试B卷,https://chenzhuanxin.github.io/xianning-teaching-resources/%E4%BA%A4%E4%BB%98%E7%89%A9/03_%E6%9C%9F%E6%9C%AB%E7%9C%9F%E9%A2%98%E8%AF%95%E5%8D%B7/Word_PDF/%E4%B8%83%E5%B9%B4%E7%BA%A7%E7%94%9F%E7%89%A9_%E4%B8%8A%E5%AD%A6%E6%9C%9F%E6%9C%9F%E6%9C%AB%E5%AD%A6%E4%B8%9A%E6%B0%B4%E5%B9%B3%E6%B5%8B%E8%AF%95_%E5%AD%A6%E4%B8%9A%E6%B0%B4%E5%B9%B3%E6%B5%8B%E8%AF%95B%E5%8D%B7.docx
初中,七年级,生物,试卷Word,七年级生物_下学期期末综合检测_综合检测C卷,https://chenzhuanxin.github.io/xianning-teaching-resources/%E4%BA%A4%E4%BB%98%E7%89%A9/03_%E6%9C%9F%E6%9C%AB%E7%9C%9F%E9%A2%98%E8%AF%95%E5%8D%B7/Word_PDF/%E4%B8%83%E5%B9%B4%E7%BA%A7%E7%94%9F%E7%89%A9_%E4%B8%8B%E5%AD%A6%E6%9C%9F%E6%9C%9F%E6%9C%AB%E7%BB%BC%E5%90%88%E6%A3%80%E6%B5%8B_%E7%BB%BC%E5%90%88%E6%A3%80%E6%B5%8BC%E5%8D%B7.docx
初中,七年级,生物,试卷Word,七年级生物_期末复习质量检测_复习质量检测D卷,https://chenzhuanxin.github.io/xianning-teaching-resources/%E4%BA%A4%E4%BB%98%E7%89%A9/03_%E6%9C%9F%E6%9C%AB%E7%9C%9F%E9%A2%98%E8%AF%95%E5%8D%B7/Word_PDF/%E4%B8%83%E5%B9%B4%E7%BA%A7%E7%94%9F%E7%89%A9_%E6%9C%9F%E6%9C%AB%E5%A4%8D%E4%B9%A0%E8%B4%A8%E9%87%8F%E6%A3%80%E6%B5%8B_%E5%A4%8D%E4%B9%A0%E8%B4%A8%E9%87%8F%E6%A3%80%E6%B5%8BD%E5%8D%B7.docx
初中,七年级,生物,试卷Word,七年级生物_期末学业质量监测_学业质量监测E卷,https://chenzhuanxin.github.io/xianning-teaching-resources/%E4%BA%A4%E4%BB%98%E7%89%A9/03_%E6%9C%9F%E6%9C%AB%E7%9C%9F%E9%A2%98%E8%AF%95%E5%8D%B7/Word_PDF/%E4%B8%83%E5%B9%B4%E7%BA%A7%E7%94%9F%E7%89%A9_%E6%9C%9F%E6%9C%AB%E5%AD%A6%E4%B8%9A%E8%B4%A8%E9%87%8F%E7%9B%91%E6%B5%8B_%E5%AD%A6%E4%B8%9A%E8%B4%A8%E9%87%8F%E7%9B%91%E6%B5%8BE%E5%8D%B7.docx
初中,七年级,生物,试卷Word,七年级生物_第一学期期末质量检测_期末质量检测A卷,https://chenzhuanxin.github.io/xianning-teaching-resources/%E4%BA%A4%E4%BB%98%E7%89%A9/03_%E6%9C%9F%E6%9C%AB%E7%9C%9F%E9%A2%98%E8%AF%95%E5%8D%B7/Word_PDF/%E4%B8%83%E5%B9%B4%E7%BA%A7%E7%94%9F%E7%89%A9_%E7%AC%AC%E4%B8%80%E5%AD%A6%E6%9C%9F%E6%9C%9F%E6%9C%AB%E8%B4%A8%E9%87%8F%E6%A3%80%E6%B5%8B_%E6%9C%9F%E6%9C%AB%E8%B4%A8%E9%87%8F%E6%A3%80%E6%B5%8BA%E5%8D%B7.docx
初中,七年级,历史,试卷Word,七年级历史_上学期期末学业水平测试_学业水平测试B卷,https://chenzhuanxin.github.io/xianning-teaching-resources/%E4%BA%A4%E4%BB%98%E7%89%A9/03_%E6%9C%9F%E6%9C%AB%E7%9C%9F%E9%A2%98%E8%AF%95%E5%8D%B7/Word_PDF/%E4%B8%83%E5%B9%B4%E7%BA%A7%E5%8E%86%E5%8F%B2_%E4%B8%8A%E5%AD%A6%E6%9C%9F%E6%9C%9F%E6%9C%AB%E5%AD%A6%E4%B8%9A%E6%B0%B4%E5%B9%B3%E6%B5%8B%E8%AF%95_%E5%AD%A6%E4%B8%9A%E6%B0%B4%E5%B9%B3%E6%B5%8B%E8%AF%95B%E5%8D%B7.docx
初中,七年级,历史,试卷Word,七年级历史_下学期期末综合检测_综合检测C卷,https://chenzhuanxin.github.io/xianning-teaching-resources/%E4%BA%A4%E4%BB%98%E7%89%A9/03_%E6%9C%9F%E6%9C%AB%E7%9C%9F%E9%A2%98%E8%AF%95%E5%8D%B7/Word_PDF/%E4%B8%83%E5%B9%B4%E7%BA%A7%E5%8E%86%E5%8F%B2_%E4%B8%8B%E5%AD%A6%E6%9C%9F%E6%9C%9F%E6%9C%AB%E7%BB%BC%E5%90%88%E6%A3%80%E6%B5%8B_%E7%BB%BC%E5%90%88%E6%A3%80%E6%B5%8BC%E5%8D%B7.docx
初中,七年级,历史,试卷Word,七年级历史_期末复习质量检测_复习质量检测D卷,https://chenzhuanxin.github.io/xianning-teaching-resources/%E4%BA%A4%E4%BB%98%E7%89%A9/03_%E6%9C%9F%E6%9C%AB%E7%9C%9F%E9%A2%98%E8%AF%95%E5%8D%B7/Word_PDF/%E4%B8%83%E5%B9%B4%E7%BA%A7%E5%8E%86%E5%8F%B2_%E6%9C%9F%E6%9C%AB%E5%A4%8D%E4%B9%A0%E8%B4%A8%E9%87%8F%E6%A3%80%E6%B5%8B_%E5%A4%8D%E4%B9%A0%E8%B4%A8%E9%87%8F%E6%A3%80%E6%B5%8BD%E5%8D%B7.docx
初中,七年级,历史,试卷Word,七年级历史_期末学业质量监测_学业质量监测E卷,https://chenzhuanxin.github.io/xianning-teaching-resources/%E4%BA%A4%E4%BB%98%E7%89%A9/03_%E6%9C%9F%E6%9C%AB%E7%9C%9F%E9%A2%98%E8%AF%95%E5%8D%B7/Word_PDF/%E4%B8%83%E5%B9%B4%E7%BA%A7%E5%8E%86%E5%8F%B2_%E6%9C%9F%E6%9C%AB%E5%AD%A6%E4%B8%9A%E8%B4%A8%E9%87%8F%E7%9B%91%E6%B5%8B_%E5%AD%A6%E4%B8%9A%E8%B4%A8%E9%87%8F%E7%9B%91%E6%B5%8BE%E5%8D%B7.docx
初中,七年级,历史,试卷Word,七年级历史_第一学期期末质量检测_期末质量检测A卷,https://chenzhuanxin.github.io/xianning-teaching-resources/%E4%BA%A4%E4%BB%98%E7%89%A9/03_%E6%9C%9F%E6%9C%AB%E7%9C%9F%E9%A2%98%E8%AF%95%E5%8D%B7/Word_PDF/%E4%B8%83%E5%B9%B4%E7%BA%A7%E5%8E%86%E5%8F%B2_%E7%AC%AC%E4%B8%80%E5%AD%A6%E6%9C%9F%E6%9C%9F%E6%9C%AB%E8%B4%A8%E9%87%8F%E6%A3%80%E6%B5%8B_%E6%9C%9F%E6%9C%AB%E8%B4%A8%E9%87%8F%E6%A3%80%E6%B5%8BA%E5%8D%B7.docx
初中,七年级,地理,试卷Word,七年级地理_上学期期末学业水平测试_学业水平测试B卷,https://chenzhuanxin.github.io/xianning-teaching-resources/%E4%BA%A4%E4%BB%98%E7%89%A9/03_%E6%9C%9F%E6%9C%AB%E7%9C%9F%E9%A2%98%E8%AF%95%E5%8D%B7/Word_PDF/%E4%B8%83%E5%B9%B4%E7%BA%A7%E5%9C%B0%E7%90%86_%E4%B8%8A%E5%AD%A6%E6%9C%9F%E6%9C%9F%E6%9C%AB%E5%AD%A6%E4%B8%9A%E6%B0%B4%E5%B9%B3%E6%B5%8B%E8%AF%95_%E5%AD%A6%E4%B8%9A%E6%B0%B4%E5%B9%B3%E6%B5%8B%E8%AF%95B%E5%8D%B7.docx
初中,七年级,地理,试卷Word,七年级地理_下学期期末综合检测_综合检测C卷,https://chenzhuanxin.github.io/xianning-teaching-resources/%E4%BA%A4%E4%BB%98%E7%89%A9/03_%E6%9C%9F%E6%9C%AB%E7%9C%9F%E9%A2%98%E8%AF%95%E5%8D%B7/Word_PDF/%E4%B8%83%E5%B9%B4%E7%BA%A7%E5%9C%B0%E7%90%86_%E4%B8%8B%E5%AD%A6%E6%9C%9F%E6%9C%9F%E6%9C%AB%E7%BB%BC%E5%90%88%E6%A3%80%E6%B5%8B_%E7%BB%BC%E5%90%88%E6%A3%80%E6%B5%8BC%E5%8D%B7.docx
初中,七年级,地理,试卷Word,七年级地理_期末复习质量检测_复习质量检测D卷,https://chenzhuanxin.github.io/xianning-teaching-resources/%E4%BA%A4%E4%BB%98%E7%89%A9/03_%E6%9C%9F%E6%9C%AB%E7%9C%9F%E9%A2%98%E8%AF%95%E5%8D%B7/Word_PDF/%E4%B8%83%E5%B9%B4%E7%BA%A7%E5%9C%B0%E7%90%86_%E6%9C%9F%E6%9C%AB%E5%A4%8D%E4%B9%A0%E8%B4%A8%E9%87%8F%E6%A3%80%E6%B5%8B_%E5%A4%8D%E4%B9%A0%E8%B4%A8%E9%87%8F%E6%A3%80%E6%B5%8BD%E5%8D%B7.docx
初中,七年级,地理,试卷Word,七年级地理_期末学业质量监测_学业质量监测E卷,https://chenzhuanxin.github.io/xianning-teaching-resources/%E4%BA%A4%E4%BB%98%E7%89%A9/03_%E6%9C%9F%E6%9C%AB%E7%9C%9F%E9%A2%98%E8%AF%95%E5%8D%B7/Word_PDF/%E4%B8%83%E5%B9%B4%E7%BA%A7%E5%9C%B0%E7%90%86_%E6%9C%9F%E6%9C%AB%E5%AD%A6%E4%B8%9A%E8%B4%A8%E9%87%8F%E7%9B%91%E6%B5%8B_%E5%AD%A6%E4%B8%9A%E8%B4%A8%E9%87%8F%E7%9B%91%E6%B5%8BE%E5%8D%B7.docx
初中,七年级,地理,试卷Word,七年级地理_第一学期期末质量检测_期末质量检测A卷,https://chenzhuanxin.github.io/xianning-teaching-resources/%E4%BA%A4%E4%BB%98%E7%89%A9/03_%E6%9C%9F%E6%9C%AB%E7%9C%9F%E9%A2%98%E8%AF%95%E5%8D%B7/Word_PDF/%E4%B8%83%E5%B9%B4%E7%BA%A7%E5%9C%B0%E7%90%86_%E7%AC%AC%E4%B8%80%E5%AD%A6%E6%9C%9F%E6%9C%9F%E6%9C%AB%E8%B4%A8%E9%87%8F%E6%A3%80%E6%B5%8B_%E6%9C%9F%E6%9C%AB%E8%B4%A8%E9%87%8F%E6%A3%80%E6%B5%8BA%E5%8D%B7.docx
初中,八年级,语文,试卷Word,八年级语文_期末学业质量综合评价_综合评价E卷,https://chenzhuanxin.github.io/xianning-teaching-resources/%E4%BA%A4%E4%BB%98%E7%89%A9/03_%E6%9C%9F%E6%9C%AB%E7%9C%9F%E9%A2%98%E8%AF%95%E5%8D%B7/Word_PDF/%E5%85%AB%E5%B9%B4%E7%BA%A7%E8%AF%AD%E6%96%87_%E6%9C%9F%E6%9C%AB%E5%AD%A6%E4%B8%9A%E8%B4%A8%E9%87%8F%E7%BB%BC%E5%90%88%E8%AF%84%E4%BB%B7_%E7%BB%BC%E5%90%88%E8%AF%84%E4%BB%B7E%E5%8D%B7.docx
初中,八年级,语文,试卷Word,八年级语文_期末综合能力提升测试_能力提升C卷,https://chenzhuanxin.github.io/xianning-teaching-resources/%E4%BA%A4%E4%BB%98%E7%89%A9/03_%E6%9C%9F%E6%9C%AB%E7%9C%9F%E9%A2%98%E8%AF%95%E5%8D%B7/Word_PDF/%E5%85%AB%E5%B9%B4%E7%BA%A7%E8%AF%AD%E6%96%87_%E6%9C%9F%E6%9C%AB%E7%BB%BC%E5%90%88%E8%83%BD%E5%8A%9B%E6%8F%90%E5%8D%87%E6%B5%8B%E8%AF%95_%E8%83%BD%E5%8A%9B%E6%8F%90%E5%8D%87C%E5%8D%B7.docx
初中,八年级,语文,试卷Word,八年级语文_第一学期期末质量检测_期末质量检测A卷,https://chenzhuanxin.github.io/xianning-teaching-resources/%E4%BA%A4%E4%BB%98%E7%89%A9/03_%E6%9C%9F%E6%9C%AB%E7%9C%9F%E9%A2%98%E8%AF%95%E5%8D%B7/Word_PDF/%E5%85%AB%E5%B9%B4%E7%BA%A7%E8%AF%AD%E6%96%87_%E7%AC%AC%E4%B8%80%E5%AD%A6%E6%9C%9F%E6%9C%9F%E6%9C%AB%E8%B4%A8%E9%87%8F%E6%A3%80%E6%B5%8B_%E6%9C%9F%E6%9C%AB%E8%B4%A8%E9%87%8F%E6%A3%80%E6%B5%8BA%E5%8D%B7.docx
初中,八年级,语文,试卷Word,八年级语文_第二学期期末学业水平测试_学业水平测试B卷,https://chenzhuanxin.github.io/xianning-teaching-resources/%E4%BA%A4%E4%BB%98%E7%89%A9/03_%E6%9C%9F%E6%9C%AB%E7%9C%9F%E9%A2%98%E8%AF%95%E5%8D%B7/Word_PDF/%E5%85%AB%E5%B9%B4%E7%BA%A7%E8%AF%AD%E6%96%87_%E7%AC%AC%E4%BA%8C%E5%AD%A6%E6%9C%9F%E6%9C%9F%E6%9C%AB%E5%AD%A6%E4%B8%9A%E6%B0%B4%E5%B9%B3%E6%B5%8B%E8%AF%95_%E5%AD%A6%E4%B8%9A%E6%B0%B4%E5%B9%B3%E6%B5%8B%E8%AF%95B%E5%8D%B7.docx
初中,八年级,语文,试卷Word,八年级语文_第二学期期末教学质量监测_质量监测D卷,https://chenzhuanxin.github.io/xianning-teaching-resources/%E4%BA%A4%E4%BB%98%E7%89%A9/03_%E6%9C%9F%E6%9C%AB%E7%9C%9F%E9%A2%98%E8%AF%95%E5%8D%B7/Word_PDF/%E5%85%AB%E5%B9%B4%E7%BA%A7%E8%AF%AD%E6%96%87_%E7%AC%AC%E4%BA%8C%E5%AD%A6%E6%9C%9F%E6%9C%9F%E6%9C%AB%E6%95%99%E5%AD%A6%E8%B4%A8%E9%87%8F%E7%9B%91%E6%B5%8B_%E8%B4%A8%E9%87%8F%E7%9B%91%E6%B5%8BD%E5%8D%B7.docx
初中,八年级,数学,试卷Word,八年级数学_期末综合能力提升测试_能力提升C卷,https://chenzhuanxin.github.io/xianning-teaching-resources/%E4%BA%A4%E4%BB%98%E7%89%A9/03_%E6%9C%9F%E6%9C%AB%E7%9C%9F%E9%A2%98%E8%AF%95%E5%8D%B7/Word_PDF/%E5%85%AB%E5%B9%B4%E7%BA%A7%E6%95%B0%E5%AD%A6_%E6%9C%9F%E6%9C%AB%E7%BB%BC%E5%90%88%E8%83%BD%E5%8A%9B%E6%8F%90%E5%8D%87%E6%B5%8B%E8%AF%95_%E8%83%BD%E5%8A%9B%E6%8F%90%E5%8D%87C%E5%8D%B7.docx
初中,八年级,数学,试卷Word,八年级数学_第一学期期末学业质量综合评价_综合评价E卷,https://chenzhuanxin.github.io/xianning-teaching-resources/%E4%BA%A4%E4%BB%98%E7%89%A9/03_%E6%9C%9F%E6%9C%AB%E7%9C%9F%E9%A2%98%E8%AF%95%E5%8D%B7/Word_PDF/%E5%85%AB%E5%B9%B4%E7%BA%A7%E6%95%B0%E5%AD%A6_%E7%AC%AC%E4%B8%80%E5%AD%A6%E6%9C%9F%E6%9C%9F%E6%9C%AB%E5%AD%A6%E4%B8%9A%E8%B4%A8%E9%87%8F%E7%BB%BC%E5%90%88%E8%AF%84%E4%BB%B7_%E7%BB%BC%E5%90%88%E8%AF%84%E4%BB%B7E%E5%8D%B7.docx
初中,八年级,数学,试卷Word,八年级数学_第一学期期末质量检测_期末质量检测A卷,https://chenzhuanxin.github.io/xianning-teaching-resources/%E4%BA%A4%E4%BB%98%E7%89%A9/03_%E6%9C%9F%E6%9C%AB%E7%9C%9F%E9%A2%98%E8%AF%95%E5%8D%B7/Word_PDF/%E5%85%AB%E5%B9%B4%E7%BA%A7%E6%95%B0%E5%AD%A6_%E7%AC%AC%E4%B8%80%E5%AD%A6%E6%9C%9F%E6%9C%9F%E6%9C%AB%E8%B4%A8%E9%87%8F%E6%A3%80%E6%B5%8B_%E6%9C%9F%E6%9C%AB%E8%B4%A8%E9%87%8F%E6%A3%80%E6%B5%8BA%E5%8D%B7.docx
初中,八年级,数学,试卷Word,八年级数学_第二学期期末学业水平测试_学业水平测试B卷,https://chenzhuanxin.github.io/xianning-teaching-resources/%E4%BA%A4%E4%BB%98%E7%89%A9/03_%E6%9C%9F%E6%9C%AB%E7%9C%9F%E9%A2%98%E8%AF%95%E5%8D%B7/Word_PDF/%E5%85%AB%E5%B9%B4%E7%BA%A7%E6%95%B0%E5%AD%A6_%E7%AC%AC%E4%BA%8C%E5%AD%A6%E6%9C%9F%E6%9C%9F%E6%9C%AB%E5%AD%A6%E4%B8%9A%E6%B0%B4%E5%B9%B3%E6%B5%8B%E8%AF%95_%E5%AD%A6%E4%B8%9A%E6%B0%B4%E5%B9%B3%E6%B5%8B%E8%AF%95B%E5%8D%B7.docx
初中,八年级,数学,试卷Word,八年级数学_第二学期期末教学质量监测_质量监测D卷,https://chenzhuanxin.github.io/xianning-teaching-resources/%E4%BA%A4%E4%BB%98%E7%89%A9/03_%E6%9C%9F%E6%9C%AB%E7%9C%9F%E9%A2%98%E8%AF%95%E5%8D%B7/Word_PDF/%E5%85%AB%E5%B9%B4%E7%BA%A7%E6%95%B0%E5%AD%A6_%E7%AC%AC%E4%BA%8C%E5%AD%A6%E6%9C%9F%E6%9C%9F%E6%9C%AB%E6%95%99%E5%AD%A6%E8%B4%A8%E9%87%8F%E7%9B%91%E6%B5%8B_%E8%B4%A8%E9%87%8F%E7%9B%91%E6%B5%8BD%E5%8D%B7.docx
初中,八年级,英语,试卷Word,八年级英语_期末综合能力提升测试_能力提升C卷,https://chenzhuanxin.github.io/xianning-teaching-resources/%E4%BA%A4%E4%BB%98%E7%89%A9/03_%E6%9C%9F%E6%9C%AB%E7%9C%9F%E9%A2%98%E8%AF%95%E5%8D%B7/Word_PDF/%E5%85%AB%E5%B9%B4%E7%BA%A7%E8%8B%B1%E8%AF%AD_%E6%9C%9F%E6%9C%AB%E7%BB%BC%E5%90%88%E8%83%BD%E5%8A%9B%E6%8F%90%E5%8D%87%E6%B5%8B%E8%AF%95_%E8%83%BD%E5%8A%9B%E6%8F%90%E5%8D%87C%E5%8D%B7.docx
初中,八年级,英语,试卷Word,八年级英语_第一学期期末学业质量综合评价_综合评价E卷,https://chenzhuanxin.github.io/xianning-teaching-resources/%E4%BA%A4%E4%BB%98%E7%89%A9/03_%E6%9C%9F%E6%9C%AB%E7%9C%9F%E9%A2%98%E8%AF%95%E5%8D%B7/Word_PDF/%E5%85%AB%E5%B9%B4%E7%BA%A7%E8%8B%B1%E8%AF%AD_%E7%AC%AC%E4%B8%80%E5%AD%A6%E6%9C%9F%E6%9C%9F%E6%9C%AB%E5%AD%A6%E4%B8%9A%E8%B4%A8%E9%87%8F%E7%BB%BC%E5%90%88%E8%AF%84%E4%BB%B7_%E7%BB%BC%E5%90%88%E8%AF%84%E4%BB%B7E%E5%8D%B7.docx
初中,八年级,英语,试卷Word,八年级英语_第一学期期末质量检测_期末质量检测A卷,https://chenzhuanxin.github.io/xianning-teaching-resources/%E4%BA%A4%E4%BB%98%E7%89%A9/03_%E6%9C%9F%E6%9C%AB%E7%9C%9F%E9%A2%98%E8%AF%95%E5%8D%B7/Word_PDF/%E5%85%AB%E5%B9%B4%E7%BA%A7%E8%8B%B1%E8%AF%AD_%E7%AC%AC%E4%B8%80%E5%AD%A6%E6%9C%9F%E6%9C%9F%E6%9C%AB%E8%B4%A8%E9%87%8F%E6%A3%80%E6%B5%8B_%E6%9C%9F%E6%9C%AB%E8%B4%A8%E9%87%8F%E6%A3%80%E6%B5%8BA%E5%8D%B7.docx
初中,八年级,英语,试卷Word,八年级英语_第二学期期末学业水平测试_学业水平测试B卷,https://chenzhuanxin.github.io/xianning-teaching-resources/%E4%BA%A4%E4%BB%98%E7%89%A9/03_%E6%9C%9F%E6%9C%AB%E7%9C%9F%E9%A2%98%E8%AF%95%E5%8D%B7/Word_PDF/%E5%85%AB%E5%B9%B4%E7%BA%A7%E8%8B%B1%E8%AF%AD_%E7%AC%AC%E4%BA%8C%E5%AD%A6%E6%9C%9F%E6%9C%9F%E6%9C%AB%E5%AD%A6%E4%B8%9A%E6%B0%B4%E5%B9%B3%E6%B5%8B%E8%AF%95_%E5%AD%A6%E4%B8%9A%E6%B0%B4%E5%B9%B3%E6%B5%8B%E8%AF%95B%E5%8D%B7.docx
初中,八年级,英语,试卷Word,八年级英语_第二学期期末教学质量监测_质量监测D卷,https://chenzhuanxin.github.io/xianning-teaching-resources/%E4%BA%A4%E4%BB%98%E7%89%A9/03_%E6%9C%9F%E6%9C%AB%E7%9C%9F%E9%A2%98%E8%AF%95%E5%8D%B7/Word_PDF/%E5%85%AB%E5%B9%B4%E7%BA%A7%E8%8B%B1%E8%AF%AD_%E7%AC%AC%E4%BA%8C%E5%AD%A6%E6%9C%9F%E6%9C%9F%E6%9C%AB%E6%95%99%E5%AD%A6%E8%B4%A8%E9%87%8F%E7%9B%91%E6%B5%8B_%E8%B4%A8%E9%87%8F%E7%9B%91%E6%B5%8BD%E5%8D%B7.docx
初中,八年级,道德与法治,试卷Word,八年级道德与法治_期末综合能力提升测试_能力提升C卷,https://chenzhuanxin.github.io/xianning-teaching-resources/%E4%BA%A4%E4%BB%98%E7%89%A9/03_%E6%9C%9F%E6%9C%AB%E7%9C%9F%E9%A2%98%E8%AF%95%E5%8D%B7/Word_PDF/%E5%85%AB%E5%B9%B4%E7%BA%A7%E9%81%93%E5%BE%B7%E4%B8%8E%E6%B3%95%E6%B2%BB_%E6%9C%9F%E6%9C%AB%E7%BB%BC%E5%90%88%E8%83%BD%E5%8A%9B%E6%8F%90%E5%8D%87%E6%B5%8B%E8%AF%95_%E8%83%BD%E5%8A%9B%E6%8F%90%E5%8D%87C%E5%8D%B7.docx
初中,八年级,道德与法治,试卷Word,八年级道德与法治_第一学期期末学业质量综合评价_综合评价E卷,https://chenzhuanxin.github.io/xianning-teaching-resources/%E4%BA%A4%E4%BB%98%E7%89%A9/03_%E6%9C%9F%E6%9C%AB%E7%9C%9F%E9%A2%98%E8%AF%95%E5%8D%B7/Word_PDF/%E5%85%AB%E5%B9%B4%E7%BA%A7%E9%81%93%E5%BE%B7%E4%B8%8E%E6%B3%95%E6%B2%BB_%E7%AC%AC%E4%B8%80%E5%AD%A6%E6%9C%9F%E6%9C%9F%E6%9C%AB%E5%AD%A6%E4%B8%9A%E8%B4%A8%E9%87%8F%E7%BB%BC%E5%90%88%E8%AF%84%E4%BB%B7_%E7%BB%BC%E5%90%88%E8%AF%84%E4%BB%B7E%E5%8D%B7.docx
初中,八年级,道德与法治,试卷Word,八年级道德与法治_第一学期期末质量检测_期末质量检测A卷,https://chenzhuanxin.github.io/xianning-teaching-resources/%E4%BA%A4%E4%BB%98%E7%89%A9/03_%E6%9C%9F%E6%9C%AB%E7%9C%9F%E9%A2%98%E8%AF%95%E5%8D%B7/Word_PDF/%E5%85%AB%E5%B9%B4%E7%BA%A7%E9%81%93%E5%BE%B7%E4%B8%8E%E6%B3%95%E6%B2%BB_%E7%AC%AC%E4%B8%80%E5%AD%A6%E6%9C%9F%E6%9C%9F%E6%9C%AB%E8%B4%A8%E9%87%8F%E6%A3%80%E6%B5%8B_%E6%9C%9F%E6%9C%AB%E8%B4%A8%E9%87%8F%E6%A3%80%E6%B5%8BA%E5%8D%B7.docx
初中,八年级,道德与法治,试卷Word,八年级道德与法治_第二学期期末学业水平测试_学业水平测试B卷,https://chenzhuanxin.github.io/xianning-teaching-resources/%E4%BA%A4%E4%BB%98%E7%89%A9/03_%E6%9C%9F%E6%9C%AB%E7%9C%9F%E9%A2%98%E8%AF%95%E5%8D%B7/Word_PDF/%E5%85%AB%E5%B9%B4%E7%BA%A7%E9%81%93%E5%BE%B7%E4%B8%8E%E6%B3%95%E6%B2%BB_%E7%AC%AC%E4%BA%8C%E5%AD%A6%E6%9C%9F%E6%9C%9F%E6%9C%AB%E5%AD%A6%E4%B8%9A%E6%B0%B4%E5%B9%B3%E6%B5%8B%E8%AF%95_%E5%AD%A6%E4%B8%9A%E6%B0%B4%E5%B9%B3%E6%B5%8B%E8%AF%95B%E5%8D%B7.docx
初中,八年级,道德与法治,试卷Word,八年级道德与法治_第二学期期末教学质量监测_质量监测D卷,https://chenzhuanxin.github.io/xianning-teaching-resources/%E4%BA%A4%E4%BB%98%E7%89%A9/03_%E6%9C%9F%E6%9C%AB%E7%9C%9F%E9%A2%98%E8%AF%95%E5%8D%B7/Word_PDF/%E5%85%AB%E5%B9%B4%E7%BA%A7%E9%81%93%E5%BE%B7%E4%B8%8E%E6%B3%95%E6%B2%BB_%E7%AC%AC%E4%BA%8C%E5%AD%A6%E6%9C%9F%E6%9C%9F%E6%9C%AB%E6%95%99%E5%AD%A6%E8%B4%A8%E9%87%8F%E7%9B%91%E6%B5%8B_%E8%B4%A8%E9%87%8F%E7%9B%91%E6%B5%8BD%E5%8D%B7.docx
初中,八年级,物理,试卷Word,八年级物理_期末综合能力提升测试_能力提升C卷,https://chenzhuanxin.github.io/xianning-teaching-resources/%E4%BA%A4%E4%BB%98%E7%89%A9/03_%E6%9C%9F%E6%9C%AB%E7%9C%9F%E9%A2%98%E8%AF%95%E5%8D%B7/Word_PDF/%E5%85%AB%E5%B9%B4%E7%BA%A7%E7%89%A9%E7%90%86_%E6%9C%9F%E6%9C%AB%E7%BB%BC%E5%90%88%E8%83%BD%E5%8A%9B%E6%8F%90%E5%8D%87%E6%B5%8B%E8%AF%95_%E8%83%BD%E5%8A%9B%E6%8F%90%E5%8D%87C%E5%8D%B7.docx
初中,八年级,物理,试卷Word,八年级物理_第一学期期末学业质量综合评价_综合评价E卷,https://chenzhuanxin.github.io/xianning-teaching-resources/%E4%BA%A4%E4%BB%98%E7%89%A9/03_%E6%9C%9F%E6%9C%AB%E7%9C%9F%E9%A2%98%E8%AF%95%E5%8D%B7/Word_PDF/%E5%85%AB%E5%B9%B4%E7%BA%A7%E7%89%A9%E7%90%86_%E7%AC%AC%E4%B8%80%E5%AD%A6%E6%9C%9F%E6%9C%9F%E6%9C%AB%E5%AD%A6%E4%B8%9A%E8%B4%A8%E9%87%8F%E7%BB%BC%E5%90%88%E8%AF%84%E4%BB%B7_%E7%BB%BC%E5%90%88%E8%AF%84%E4%BB%B7E%E5%8D%B7.docx
初中,八年级,物理,试卷Word,八年级物理_第一学期期末质量检测_期末质量检测A卷,https://chenzhuanxin.github.io/xianning-teaching-resources/%E4%BA%A4%E4%BB%98%E7%89%A9/03_%E6%9C%9F%E6%9C%AB%E7%9C%9F%E9%A2%98%E8%AF%95%E5%8D%B7/Word_PDF/%E5%85%AB%E5%B9%B4%E7%BA%A7%E7%89%A9%E7%90%86_%E7%AC%AC%E4%B8%80%E5%AD%A6%E6%9C%9F%E6%9C%9F%E6%9C%AB%E8%B4%A8%E9%87%8F%E6%A3%80%E6%B5%8B_%E6%9C%9F%E6%9C%AB%E8%B4%A8%E9%87%8F%E6%A3%80%E6%B5%8BA%E5%8D%B7.docx
初中,八年级,物理,试卷Word,八年级物理_第二学期期末学业水平测试_学业水平测试B卷,https://chenzhuanxin.github.io/xianning-teaching-resources/%E4%BA%A4%E4%BB%98%E7%89%A9/03_%E6%9C%9F%E6%9C%AB%E7%9C%9F%E9%A2%98%E8%AF%95%E5%8D%B7/Word_PDF/%E5%85%AB%E5%B9%B4%E7%BA%A7%E7%89%A9%E7%90%86_%E7%AC%AC%E4%BA%8C%E5%AD%A6%E6%9C%9F%E6%9C%9F%E6%9C%AB%E5%AD%A6%E4%B8%9A%E6%B0%B4%E5%B9%B3%E6%B5%8B%E8%AF%95_%E5%AD%A6%E4%B8%9A%E6%B0%B4%E5%B9%B3%E6%B5%8B%E8%AF%95B%E5%8D%B7.docx
初中,八年级,物理,试卷Word,八年级物理_第二学期期末教学质量监测_质量监测D卷,https://chenzhuanxin.github.io/xianning-teaching-resources/%E4%BA%A4%E4%BB%98%E7%89%A9/03_%E6%9C%9F%E6%9C%AB%E7%9C%9F%E9%A2%98%E8%AF%95%E5%8D%B7/Word_PDF/%E5%85%AB%E5%B9%B4%E7%BA%A7%E7%89%A9%E7%90%86_%E7%AC%AC%E4%BA%8C%E5%AD%A6%E6%9C%9F%E6%9C%9F%E6%9C%AB%E6%95%99%E5%AD%A6%E8%B4%A8%E9%87%8F%E7%9B%91%E6%B5%8B_%E8%B4%A8%E9%87%8F%E7%9B%91%E6%B5%8BD%E5%8D%B7.docx
初中,八年级,生物,试卷Word,八年级生物_期末综合能力提升测试_能力提升C卷,https://chenzhuanxin.github.io/xianning-teaching-resources/%E4%BA%A4%E4%BB%98%E7%89%A9/03_%E6%9C%9F%E6%9C%AB%E7%9C%9F%E9%A2%98%E8%AF%95%E5%8D%B7/Word_PDF/%E5%85%AB%E5%B9%B4%E7%BA%A7%E7%94%9F%E7%89%A9_%E6%9C%9F%E6%9C%AB%E7%BB%BC%E5%90%88%E8%83%BD%E5%8A%9B%E6%8F%90%E5%8D%87%E6%B5%8B%E8%AF%95_%E8%83%BD%E5%8A%9B%E6%8F%90%E5%8D%87C%E5%8D%B7.docx
初中,八年级,生物,试卷Word,八年级生物_第一学期期末学业质量综合评价_综合评价E卷,https://chenzhuanxin.github.io/xianning-teaching-resources/%E4%BA%A4%E4%BB%98%E7%89%A9/03_%E6%9C%9F%E6%9C%AB%E7%9C%9F%E9%A2%98%E8%AF%95%E5%8D%B7/Word_PDF/%E5%85%AB%E5%B9%B4%E7%BA%A7%E7%94%9F%E7%89%A9_%E7%AC%AC%E4%B8%80%E5%AD%A6%E6%9C%9F%E6%9C%9F%E6%9C%AB%E5%AD%A6%E4%B8%9A%E8%B4%A8%E9%87%8F%E7%BB%BC%E5%90%88%E8%AF%84%E4%BB%B7_%E7%BB%BC%E5%90%88%E8%AF%84%E4%BB%B7E%E5%8D%B7.docx
初中,八年级,生物,试卷Word,八年级生物_第一学期期末质量检测_期末质量检测A卷,https://chenzhuanxin.github.io/xianning-teaching-resources/%E4%BA%A4%E4%BB%98%E7%89%A9/03_%E6%9C%9F%E6%9C%AB%E7%9C%9F%E9%A2%98%E8%AF%95%E5%8D%B7/Word_PDF/%E5%85%AB%E5%B9%B4%E7%BA%A7%E7%94%9F%E7%89%A9_%E7%AC%AC%E4%B8%80%E5%AD%A6%E6%9C%9F%E6%9C%9F%E6%9C%AB%E8%B4%A8%E9%87%8F%E6%A3%80%E6%B5%8B_%E6%9C%9F%E6%9C%AB%E8%B4%A8%E9%87%8F%E6%A3%80%E6%B5%8BA%E5%8D%B7.docx
初中,八年级,生物,试卷Word,八年级生物_第二学期期末学业水平测试_学业水平测试B卷,https://chenzhuanxin.github.io/xianning-teaching-resources/%E4%BA%A4%E4%BB%98%E7%89%A9/03_%E6%9C%9F%E6%9C%AB%E7%9C%9F%E9%A2%98%E8%AF%95%E5%8D%B7/Word_PDF/%E5%85%AB%E5%B9%B4%E7%BA%A7%E7%94%9F%E7%89%A9_%E7%AC%AC%E4%BA%8C%E5%AD%A6%E6%9C%9F%E6%9C%9F%E6%9C%AB%E5%AD%A6%E4%B8%9A%E6%B0%B4%E5%B9%B3%E6%B5%8B%E8%AF%95_%E5%AD%A6%E4%B8%9A%E6%B0%B4%E5%B9%B3%E6%B5%8B%E8%AF%95B%E5%8D%B7.docx
初中,八年级,生物,试卷Word,八年级生物_第二学期期末教学质量监测_质量监测D卷,https://chenzhuanxin.github.io/xianning-teaching-resources/%E4%BA%A4%E4%BB%98%E7%89%A9/03_%E6%9C%9F%E6%9C%AB%E7%9C%9F%E9%A2%98%E8%AF%95%E5%8D%B7/Word_PDF/%E5%85%AB%E5%B9%B4%E7%BA%A7%E7%94%9F%E7%89%A9_%E7%AC%AC%E4%BA%8C%E5%AD%A6%E6%9C%9F%E6%9C%9F%E6%9C%AB%E6%95%99%E5%AD%A6%E8%B4%A8%E9%87%8F%E7%9B%91%E6%B5%8B_%E8%B4%A8%E9%87%8F%E7%9B%91%E6%B5%8BD%E5%8D%B7.docx
初中,八年级,历史,试卷Word,八年级历史_期末综合能力提升测试_能力提升C卷,https://chenzhuanxin.github.io/xianning-teaching-resources/%E4%BA%A4%E4%BB%98%E7%89%A9/03_%E6%9C%9F%E6%9C%AB%E7%9C%9F%E9%A2%98%E8%AF%95%E5%8D%B7/Word_PDF/%E5%85%AB%E5%B9%B4%E7%BA%A7%E5%8E%86%E5%8F%B2_%E6%9C%9F%E6%9C%AB%E7%BB%BC%E5%90%88%E8%83%BD%E5%8A%9B%E6%8F%90%E5%8D%87%E6%B5%8B%E8%AF%95_%E8%83%BD%E5%8A%9B%E6%8F%90%E5%8D%87C%E5%8D%B7.docx
初中,八年级,历史,试卷Word,八年级历史_第一学期期末学业质量综合评价_综合评价E卷,https://chenzhuanxin.github.io/xianning-teaching-resources/%E4%BA%A4%E4%BB%98%E7%89%A9/03_%E6%9C%9F%E6%9C%AB%E7%9C%9F%E9%A2%98%E8%AF%95%E5%8D%B7/Word_PDF/%E5%85%AB%E5%B9%B4%E7%BA%A7%E5%8E%86%E5%8F%B2_%E7%AC%AC%E4%B8%80%E5%AD%A6%E6%9C%9F%E6%9C%9F%E6%9C%AB%E5%AD%A6%E4%B8%9A%E8%B4%A8%E9%87%8F%E7%BB%BC%E5%90%88%E8%AF%84%E4%BB%B7_%E7%BB%BC%E5%90%88%E8%AF%84%E4%BB%B7E%E5%8D%B7.docx
初中,八年级,历史,试卷Word,八年级历史_第一学期期末质量检测_期末质量检测A卷,https://chenzhuanxin.github.io/xianning-teaching-resources/%E4%BA%A4%E4%BB%98%E7%89%A9/03_%E6%9C%9F%E6%9C%AB%E7%9C%9F%E9%A2%98%E8%AF%95%E5%8D%B7/Word_PDF/%E5%85%AB%E5%B9%B4%E7%BA%A7%E5%8E%86%E5%8F%B2_%E7%AC%AC%E4%B8%80%E5%AD%A6%E6%9C%9F%E6%9C%9F%E6%9C%AB%E8%B4%A8%E9%87%8F%E6%A3%80%E6%B5%8B_%E6%9C%9F%E6%9C%AB%E8%B4%A8%E9%87%8F%E6%A3%80%E6%B5%8BA%E5%8D%B7.docx
初中,八年级,历史,试卷Word,八年级历史_第二学期期末学业水平测试_学业水平测试B卷,https://chenzhuanxin.github.io/xianning-teaching-resources/%E4%BA%A4%E4%BB%98%E7%89%A9/03_%E6%9C%9F%E6%9C%AB%E7%9C%9F%E9%A2%98%E8%AF%95%E5%8D%B7/Word_PDF/%E5%85%AB%E5%B9%B4%E7%BA%A7%E5%8E%86%E5%8F%B2_%E7%AC%AC%E4%BA%8C%E5%AD%A6%E6%9C%9F%E6%9C%9F%E6%9C%AB%E5%AD%A6%E4%B8%9A%E6%B0%B4%E5%B9%B3%E6%B5%8B%E8%AF%95_%E5%AD%A6%E4%B8%9A%E6%B0%B4%E5%B9%B3%E6%B5%8B%E8%AF%95B%E5%8D%B7.docx
初中,八年级,历史,试卷Word,八年级历史_第二学期期末教学质量监测_质量监测D卷,https://chenzhuanxin.github.io/xianning-teaching-resources/%E4%BA%A4%E4%BB%98%E7%89%A9/03_%E6%9C%9F%E6%9C%AB%E7%9C%9F%E9%A2%98%E8%AF%95%E5%8D%B7/Word_PDF/%E5%85%AB%E5%B9%B4%E7%BA%A7%E5%8E%86%E5%8F%B2_%E7%AC%AC%E4%BA%8C%E5%AD%A6%E6%9C%9F%E6%9C%9F%E6%9C%AB%E6%95%99%E5%AD%A6%E8%B4%A8%E9%87%8F%E7%9B%91%E6%B5%8B_%E8%B4%A8%E9%87%8F%E7%9B%91%E6%B5%8BD%E5%8D%B7.docx
初中,八年级,地理,试卷Word,八年级地理_期末综合能力提升测试_能力提升C卷,https://chenzhuanxin.github.io/xianning-teaching-resources/%E4%BA%A4%E4%BB%98%E7%89%A9/03_%E6%9C%9F%E6%9C%AB%E7%9C%9F%E9%A2%98%E8%AF%95%E5%8D%B7/Word_PDF/%E5%85%AB%E5%B9%B4%E7%BA%A7%E5%9C%B0%E7%90%86_%E6%9C%9F%E6%9C%AB%E7%BB%BC%E5%90%88%E8%83%BD%E5%8A%9B%E6%8F%90%E5%8D%87%E6%B5%8B%E8%AF%95_%E8%83%BD%E5%8A%9B%E6%8F%90%E5%8D%87C%E5%8D%B7.docx
初中,八年级,地理,试卷Word,八年级地理_第一学期期末学业质量综合评价_综合评价E卷,https://chenzhuanxin.github.io/xianning-teaching-resources/%E4%BA%A4%E4%BB%98%E7%89%A9/03_%E6%9C%9F%E6%9C%AB%E7%9C%9F%E9%A2%98%E8%AF%95%E5%8D%B7/Word_PDF/%E5%85%AB%E5%B9%B4%E7%BA%A7%E5%9C%B0%E7%90%86_%E7%AC%AC%E4%B8%80%E5%AD%A6%E6%9C%9F%E6%9C%9F%E6%9C%AB%E5%AD%A6%E4%B8%9A%E8%B4%A8%E9%87%8F%E7%BB%BC%E5%90%88%E8%AF%84%E4%BB%B7_%E7%BB%BC%E5%90%88%E8%AF%84%E4%BB%B7E%E5%8D%B7.docx
初中,八年级,地理,试卷Word,八年级地理_第一学期期末质量检测_期末质量检测A卷,https://chenzhuanxin.github.io/xianning-teaching-resources/%E4%BA%A4%E4%BB%98%E7%89%A9/03_%E6%9C%9F%E6%9C%AB%E7%9C%9F%E9%A2%98%E8%AF%95%E5%8D%B7/Word_PDF/%E5%85%AB%E5%B9%B4%E7%BA%A7%E5%9C%B0%E7%90%86_%E7%AC%AC%E4%B8%80%E5%AD%A6%E6%9C%9F%E6%9C%9F%E6%9C%AB%E8%B4%A8%E9%87%8F%E6%A3%80%E6%B5%8B_%E6%9C%9F%E6%9C%AB%E8%B4%A8%E9%87%8F%E6%A3%80%E6%B5%8BA%E5%8D%B7.docx
初中,八年级,地理,试卷Word,八年级地理_第二学期期末学业水平测试_学业水平测试B卷,https://chenzhuanxin.github.io/xianning-teaching-resources/%E4%BA%A4%E4%BB%98%E7%89%A9/03_%E6%9C%9F%E6%9C%AB%E7%9C%9F%E9%A2%98%E8%AF%95%E5%8D%B7/Word_PDF/%E5%85%AB%E5%B9%B4%E7%BA%A7%E5%9C%B0%E7%90%86_%E7%AC%AC%E4%BA%8C%E5%AD%A6%E6%9C%9F%E6%9C%9F%E6%9C%AB%E5%AD%A6%E4%B8%9A%E6%B0%B4%E5%B9%B3%E6%B5%8B%E8%AF%95_%E5%AD%A6%E4%B8%9A%E6%B0%B4%E5%B9%B3%E6%B5%8B%E8%AF%95B%E5%8D%B7.docx
初中,八年级,地理,试卷Word,八年级地理_第二学期期末教学质量监测_质量监测D卷,https://chenzhuanxin.github.io/xianning-teaching-resources/%E4%BA%A4%E4%BB%98%E7%89%A9/03_%E6%9C%9F%E6%9C%AB%E7%9C%9F%E9%A2%98%E8%AF%95%E5%8D%B7/Word_PDF/%E5%85%AB%E5%B9%B4%E7%BA%A7%E5%9C%B0%E7%90%86_%E7%AC%AC%E4%BA%8C%E5%AD%A6%E6%9C%9F%E6%9C%9F%E6%9C%AB%E6%95%99%E5%AD%A6%E8%B4%A8%E9%87%8F%E7%9B%91%E6%B5%8B_%E8%B4%A8%E9%87%8F%E7%9B%91%E6%B5%8BD%E5%8D%B7.docx
初中,九年级,语文,试卷Word,九年级语文_中考学业水平模拟考试_学业水平E卷,https://chenzhuanxin.github.io/xianning-teaching-resources/%E4%BA%A4%E4%BB%98%E7%89%A9/03_%E6%9C%9F%E6%9C%AB%E7%9C%9F%E9%A2%98%E8%AF%95%E5%8D%B7/Word_PDF/%E4%B9%9D%E5%B9%B4%E7%BA%A7%E8%AF%AD%E6%96%87_%E4%B8%AD%E8%80%83%E5%AD%A6%E4%B8%9A%E6%B0%B4%E5%B9%B3%E6%A8%A1%E6%8B%9F%E8%80%83%E8%AF%95_%E5%AD%A6%E4%B8%9A%E6%B0%B4%E5%B9%B3E%E5%8D%B7.docx
初中,九年级,语文,试卷Word,九年级语文_中考语文综合能力测试_综合能力C卷,https://chenzhuanxin.github.io/xianning-teaching-resources/%E4%BA%A4%E4%BB%98%E7%89%A9/03_%E6%9C%9F%E6%9C%AB%E7%9C%9F%E9%A2%98%E8%AF%95%E5%8D%B7/Word_PDF/%E4%B9%9D%E5%B9%B4%E7%BA%A7%E8%AF%AD%E6%96%87_%E4%B8%AD%E8%80%83%E8%AF%AD%E6%96%87%E7%BB%BC%E5%90%88%E8%83%BD%E5%8A%9B%E6%B5%8B%E8%AF%95_%E7%BB%BC%E5%90%88%E8%83%BD%E5%8A%9BC%E5%8D%B7.docx
初中,九年级,语文,试卷Word,九年级语文_第一学期期末质量检测_期末质量检测A卷,https://chenzhuanxin.github.io/xianning-teaching-resources/%E4%BA%A4%E4%BB%98%E7%89%A9/03_%E6%9C%9F%E6%9C%AB%E7%9C%9F%E9%A2%98%E8%AF%95%E5%8D%B7/Word_PDF/%E4%B9%9D%E5%B9%B4%E7%BA%A7%E8%AF%AD%E6%96%87_%E7%AC%AC%E4%B8%80%E5%AD%A6%E6%9C%9F%E6%9C%9F%E6%9C%AB%E8%B4%A8%E9%87%8F%E6%A3%80%E6%B5%8B_%E6%9C%9F%E6%9C%AB%E8%B4%A8%E9%87%8F%E6%A3%80%E6%B5%8BA%E5%8D%B7.docx
初中,九年级,语文,试卷Word,九年级语文_第二学期中考模拟测试_中考模拟测试B卷,https://chenzhuanxin.github.io/xianning-teaching-resources/%E4%BA%A4%E4%BB%98%E7%89%A9/03_%E6%9C%9F%E6%9C%AB%E7%9C%9F%E9%A2%98%E8%AF%95%E5%8D%B7/Word_PDF/%E4%B9%9D%E5%B9%B4%E7%BA%A7%E8%AF%AD%E6%96%87_%E7%AC%AC%E4%BA%8C%E5%AD%A6%E6%9C%9F%E4%B8%AD%E8%80%83%E6%A8%A1%E6%8B%9F%E6%B5%8B%E8%AF%95_%E4%B8%AD%E8%80%83%E6%A8%A1%E6%8B%9F%E6%B5%8B%E8%AF%95B%E5%8D%B7.docx
初中,九年级,语文,试卷Word,九年级语文_第二学期期末教学质量监测_质量监测D卷,https://chenzhuanxin.github.io/xianning-teaching-resources/%E4%BA%A4%E4%BB%98%E7%89%A9/03_%E6%9C%9F%E6%9C%AB%E7%9C%9F%E9%A2%98%E8%AF%95%E5%8D%B7/Word_PDF/%E4%B9%9D%E5%B9%B4%E7%BA%A7%E8%AF%AD%E6%96%87_%E7%AC%AC%E4%BA%8C%E5%AD%A6%E6%9C%9F%E6%9C%9F%E6%9C%AB%E6%95%99%E5%AD%A6%E8%B4%A8%E9%87%8F%E7%9B%91%E6%B5%8B_%E8%B4%A8%E9%87%8F%E7%9B%91%E6%B5%8BD%E5%8D%B7.docx
初中,九年级,数学,试卷Word,九年级数学_中考学业水平模拟考试_学业水平E卷,https://chenzhuanxin.github.io/xianning-teaching-resources/%E4%BA%A4%E4%BB%98%E7%89%A9/03_%E6%9C%9F%E6%9C%AB%E7%9C%9F%E9%A2%98%E8%AF%95%E5%8D%B7/Word_PDF/%E4%B9%9D%E5%B9%B4%E7%BA%A7%E6%95%B0%E5%AD%A6_%E4%B8%AD%E8%80%83%E5%AD%A6%E4%B8%9A%E6%B0%B4%E5%B9%B3%E6%A8%A1%E6%8B%9F%E8%80%83%E8%AF%95_%E5%AD%A6%E4%B8%9A%E6%B0%B4%E5%B9%B3E%E5%8D%B7.docx
初中,九年级,数学,试卷Word,九年级数学_中考数学综合能力测试_综合能力C卷,https://chenzhuanxin.github.io/xianning-teaching-resources/%E4%BA%A4%E4%BB%98%E7%89%A9/03_%E6%9C%9F%E6%9C%AB%E7%9C%9F%E9%A2%98%E8%AF%95%E5%8D%B7/Word_PDF/%E4%B9%9D%E5%B9%B4%E7%BA%A7%E6%95%B0%E5%AD%A6_%E4%B8%AD%E8%80%83%E6%95%B0%E5%AD%A6%E7%BB%BC%E5%90%88%E8%83%BD%E5%8A%9B%E6%B5%8B%E8%AF%95_%E7%BB%BC%E5%90%88%E8%83%BD%E5%8A%9BC%E5%8D%B7.docx
初中,九年级,数学,试卷Word,九年级数学_第一学期期末质量检测_期末质量检测A卷,https://chenzhuanxin.github.io/xianning-teaching-resources/%E4%BA%A4%E4%BB%98%E7%89%A9/03_%E6%9C%9F%E6%9C%AB%E7%9C%9F%E9%A2%98%E8%AF%95%E5%8D%B7/Word_PDF/%E4%B9%9D%E5%B9%B4%E7%BA%A7%E6%95%B0%E5%AD%A6_%E7%AC%AC%E4%B8%80%E5%AD%A6%E6%9C%9F%E6%9C%9F%E6%9C%AB%E8%B4%A8%E9%87%8F%E6%A3%80%E6%B5%8B_%E6%9C%9F%E6%9C%AB%E8%B4%A8%E9%87%8F%E6%A3%80%E6%B5%8BA%E5%8D%B7.docx
初中,九年级,数学,试卷Word,九年级数学_第二学期中考模拟测试_中考模拟测试B卷,https://chenzhuanxin.github.io/xianning-teaching-resources/%E4%BA%A4%E4%BB%98%E7%89%A9/03_%E6%9C%9F%E6%9C%AB%E7%9C%9F%E9%A2%98%E8%AF%95%E5%8D%B7/Word_PDF/%E4%B9%9D%E5%B9%B4%E7%BA%A7%E6%95%B0%E5%AD%A6_%E7%AC%AC%E4%BA%8C%E5%AD%A6%E6%9C%9F%E4%B8%AD%E8%80%83%E6%A8%A1%E6%8B%9F%E6%B5%8B%E8%AF%95_%E4%B8%AD%E8%80%83%E6%A8%A1%E6%8B%9F%E6%B5%8B%E8%AF%95B%E5%8D%B7.docx
初中,九年级,数学,试卷Word,九年级数学_第二学期期末教学质量监测_质量监测D卷,https://chenzhuanxin.github.io/xianning-teaching-resources/%E4%BA%A4%E4%BB%98%E7%89%A9/03_%E6%9C%9F%E6%9C%AB%E7%9C%9F%E9%A2%98%E8%AF%95%E5%8D%B7/Word_PDF/%E4%B9%9D%E5%B9%B4%E7%BA%A7%E6%95%B0%E5%AD%A6_%E7%AC%AC%E4%BA%8C%E5%AD%A6%E6%9C%9F%E6%9C%9F%E6%9C%AB%E6%95%99%E5%AD%A6%E8%B4%A8%E9%87%8F%E7%9B%91%E6%B5%8B_%E8%B4%A8%E9%87%8F%E7%9B%91%E6%B5%8BD%E5%8D%B7.docx
初中,九年级,英语,试卷Word,九年级英语_中考学业水平模拟考试_学业水平E卷,https://chenzhuanxin.github.io/xianning-teaching-resources/%E4%BA%A4%E4%BB%98%E7%89%A9/03_%E6%9C%9F%E6%9C%AB%E7%9C%9F%E9%A2%98%E8%AF%95%E5%8D%B7/Word_PDF/%E4%B9%9D%E5%B9%B4%E7%BA%A7%E8%8B%B1%E8%AF%AD_%E4%B8%AD%E8%80%83%E5%AD%A6%E4%B8%9A%E6%B0%B4%E5%B9%B3%E6%A8%A1%E6%8B%9F%E8%80%83%E8%AF%95_%E5%AD%A6%E4%B8%9A%E6%B0%B4%E5%B9%B3E%E5%8D%B7.docx
初中,九年级,英语,试卷Word,九年级英语_中考英语综合能力测试_综合能力C卷,https://chenzhuanxin.github.io/xianning-teaching-resources/%E4%BA%A4%E4%BB%98%E7%89%A9/03_%E6%9C%9F%E6%9C%AB%E7%9C%9F%E9%A2%98%E8%AF%95%E5%8D%B7/Word_PDF/%E4%B9%9D%E5%B9%B4%E7%BA%A7%E8%8B%B1%E8%AF%AD_%E4%B8%AD%E8%80%83%E8%8B%B1%E8%AF%AD%E7%BB%BC%E5%90%88%E8%83%BD%E5%8A%9B%E6%B5%8B%E8%AF%95_%E7%BB%BC%E5%90%88%E8%83%BD%E5%8A%9BC%E5%8D%B7.docx
初中,九年级,英语,试卷Word,九年级英语_第一学期期末质量检测_期末质量检测A卷,https://chenzhuanxin.github.io/xianning-teaching-resources/%E4%BA%A4%E4%BB%98%E7%89%A9/03_%E6%9C%9F%E6%9C%AB%E7%9C%9F%E9%A2%98%E8%AF%95%E5%8D%B7/Word_PDF/%E4%B9%9D%E5%B9%B4%E7%BA%A7%E8%8B%B1%E8%AF%AD_%E7%AC%AC%E4%B8%80%E5%AD%A6%E6%9C%9F%E6%9C%9F%E6%9C%AB%E8%B4%A8%E9%87%8F%E6%A3%80%E6%B5%8B_%E6%9C%9F%E6%9C%AB%E8%B4%A8%E9%87%8F%E6%A3%80%E6%B5%8BA%E5%8D%B7.docx
初中,九年级,英语,试卷Word,九年级英语_第二学期中考模拟测试_中考模拟测试B卷,https://chenzhuanxin.github.io/xianning-teaching-resources/%E4%BA%A4%E4%BB%98%E7%89%A9/03_%E6%9C%9F%E6%9C%AB%E7%9C%9F%E9%A2%98%E8%AF%95%E5%8D%B7/Word_PDF/%E4%B9%9D%E5%B9%B4%E7%BA%A7%E8%8B%B1%E8%AF%AD_%E7%AC%AC%E4%BA%8C%E5%AD%A6%E6%9C%9F%E4%B8%AD%E8%80%83%E6%A8%A1%E6%8B%9F%E6%B5%8B%E8%AF%95_%E4%B8%AD%E8%80%83%E6%A8%A1%E6%8B%9F%E6%B5%8B%E8%AF%95B%E5%8D%B7.docx
初中,九年级,英语,试卷Word,九年级英语_第二学期期末教学质量监测_质量监测D卷,https://chenzhuanxin.github.io/xianning-teaching-resources/%E4%BA%A4%E4%BB%98%E7%89%A9/03_%E6%9C%9F%E6%9C%AB%E7%9C%9F%E9%A2%98%E8%AF%95%E5%8D%B7/Word_PDF/%E4%B9%9D%E5%B9%B4%E7%BA%A7%E8%8B%B1%E8%AF%AD_%E7%AC%AC%E4%BA%8C%E5%AD%A6%E6%9C%9F%E6%9C%9F%E6%9C%AB%E6%95%99%E5%AD%A6%E8%B4%A8%E9%87%8F%E7%9B%91%E6%B5%8B_%E8%B4%A8%E9%87%8F%E7%9B%91%E6%B5%8BD%E5%8D%B7.docx
初中,九年级,道德与法治,试卷Word,九年级道德与法治_中考学业水平模拟考试_学业水平E卷,https://chenzhuanxin.github.io/xianning-teaching-resources/%E4%BA%A4%E4%BB%98%E7%89%A9/03_%E6%9C%9F%E6%9C%AB%E7%9C%9F%E9%A2%98%E8%AF%95%E5%8D%B7/Word_PDF/%E4%B9%9D%E5%B9%B4%E7%BA%A7%E9%81%93%E5%BE%B7%E4%B8%8E%E6%B3%95%E6%B2%BB_%E4%B8%AD%E8%80%83%E5%AD%A6%E4%B8%9A%E6%B0%B4%E5%B9%B3%E6%A8%A1%E6%8B%9F%E8%80%83%E8%AF%95_%E5%AD%A6%E4%B8%9A%E6%B0%B4%E5%B9%B3E%E5%8D%B7.docx
初中,九年级,道德与法治,试卷Word,九年级道德与法治_中考道法综合能力测试_综合能力C卷,https://chenzhuanxin.github.io/xianning-teaching-resources/%E4%BA%A4%E4%BB%98%E7%89%A9/03_%E6%9C%9F%E6%9C%AB%E7%9C%9F%E9%A2%98%E8%AF%95%E5%8D%B7/Word_PDF/%E4%B9%9D%E5%B9%B4%E7%BA%A7%E9%81%93%E5%BE%B7%E4%B8%8E%E6%B3%95%E6%B2%BB_%E4%B8%AD%E8%80%83%E9%81%93%E6%B3%95%E7%BB%BC%E5%90%88%E8%83%BD%E5%8A%9B%E6%B5%8B%E8%AF%95_%E7%BB%BC%E5%90%88%E8%83%BD%E5%8A%9BC%E5%8D%B7.docx
初中,九年级,道德与法治,试卷Word,九年级道德与法治_第一学期期末质量检测_期末质量检测A卷,https://chenzhuanxin.github.io/xianning-teaching-resources/%E4%BA%A4%E4%BB%98%E7%89%A9/03_%E6%9C%9F%E6%9C%AB%E7%9C%9F%E9%A2%98%E8%AF%95%E5%8D%B7/Word_PDF/%E4%B9%9D%E5%B9%B4%E7%BA%A7%E9%81%93%E5%BE%B7%E4%B8%8E%E6%B3%95%E6%B2%BB_%E7%AC%AC%E4%B8%80%E5%AD%A6%E6%9C%9F%E6%9C%9F%E6%9C%AB%E8%B4%A8%E9%87%8F%E6%A3%80%E6%B5%8B_%E6%9C%9F%E6%9C%AB%E8%B4%A8%E9%87%8F%E6%A3%80%E6%B5%8BA%E5%8D%B7.docx
初中,九年级,道德与法治,试卷Word,九年级道德与法治_第二学期中考模拟测试_中考模拟测试B卷,https://chenzhuanxin.github.io/xianning-teaching-resources/%E4%BA%A4%E4%BB%98%E7%89%A9/03_%E6%9C%9F%E6%9C%AB%E7%9C%9F%E9%A2%98%E8%AF%95%E5%8D%B7/Word_PDF/%E4%B9%9D%E5%B9%B4%E7%BA%A7%E9%81%93%E5%BE%B7%E4%B8%8E%E6%B3%95%E6%B2%BB_%E7%AC%AC%E4%BA%8C%E5%AD%A6%E6%9C%9F%E4%B8%AD%E8%80%83%E6%A8%A1%E6%8B%9F%E6%B5%8B%E8%AF%95_%E4%B8%AD%E8%80%83%E6%A8%A1%E6%8B%9F%E6%B5%8B%E8%AF%95B%E5%8D%B7.docx
初中,九年级,道德与法治,试卷Word,九年级道德与法治_第二学期期末教学质量监测_质量监测D卷,https://chenzhuanxin.github.io/xianning-teaching-resources/%E4%BA%A4%E4%BB%98%E7%89%A9/03_%E6%9C%9F%E6%9C%AB%E7%9C%9F%E9%A2%98%E8%AF%95%E5%8D%B7/Word_PDF/%E4%B9%9D%E5%B9%B4%E7%BA%A7%E9%81%93%E5%BE%B7%E4%B8%8E%E6%B3%95%E6%B2%BB_%E7%AC%AC%E4%BA%8C%E5%AD%A6%E6%9C%9F%E6%9C%9F%E6%9C%AB%E6%95%99%E5%AD%A6%E8%B4%A8%E9%87%8F%E7%9B%91%E6%B5%8B_%E8%B4%A8%E9%87%8F%E7%9B%91%E6%B5%8BD%E5%8D%B7.docx
初中,九年级,物理,试卷Word,九年级物理_中考学业水平模拟考试_学业水平E卷,https://chenzhuanxin.github.io/xianning-teaching-resources/%E4%BA%A4%E4%BB%98%E7%89%A9/03_%E6%9C%9F%E6%9C%AB%E7%9C%9F%E9%A2%98%E8%AF%95%E5%8D%B7/Word_PDF/%E4%B9%9D%E5%B9%B4%E7%BA%A7%E7%89%A9%E7%90%86_%E4%B8%AD%E8%80%83%E5%AD%A6%E4%B8%9A%E6%B0%B4%E5%B9%B3%E6%A8%A1%E6%8B%9F%E8%80%83%E8%AF%95_%E5%AD%A6%E4%B8%9A%E6%B0%B4%E5%B9%B3E%E5%8D%B7.docx
初中,九年级,物理,试卷Word,九年级物理_中考物理综合能力测试_综合能力C卷,https://chenzhuanxin.github.io/xianning-teaching-resources/%E4%BA%A4%E4%BB%98%E7%89%A9/03_%E6%9C%9F%E6%9C%AB%E7%9C%9F%E9%A2%98%E8%AF%95%E5%8D%B7/Word_PDF/%E4%B9%9D%E5%B9%B4%E7%BA%A7%E7%89%A9%E7%90%86_%E4%B8%AD%E8%80%83%E7%89%A9%E7%90%86%E7%BB%BC%E5%90%88%E8%83%BD%E5%8A%9B%E6%B5%8B%E8%AF%95_%E7%BB%BC%E5%90%88%E8%83%BD%E5%8A%9BC%E5%8D%B7.docx
初中,九年级,物理,试卷Word,九年级物理_第一学期期末质量检测_期末质量检测A卷,https://chenzhuanxin.github.io/xianning-teaching-resources/%E4%BA%A4%E4%BB%98%E7%89%A9/03_%E6%9C%9F%E6%9C%AB%E7%9C%9F%E9%A2%98%E8%AF%95%E5%8D%B7/Word_PDF/%E4%B9%9D%E5%B9%B4%E7%BA%A7%E7%89%A9%E7%90%86_%E7%AC%AC%E4%B8%80%E5%AD%A6%E6%9C%9F%E6%9C%9F%E6%9C%AB%E8%B4%A8%E9%87%8F%E6%A3%80%E6%B5%8B_%E6%9C%9F%E6%9C%AB%E8%B4%A8%E9%87%8F%E6%A3%80%E6%B5%8BA%E5%8D%B7.docx
初中,九年级,物理,试卷Word,九年级物理_第二学期中考模拟测试_中考模拟测试B卷,https://chenzhuanxin.github.io/xianning-teaching-resources/%E4%BA%A4%E4%BB%98%E7%89%A9/03_%E6%9C%9F%E6%9C%AB%E7%9C%9F%E9%A2%98%E8%AF%95%E5%8D%B7/Word_PDF/%E4%B9%9D%E5%B9%B4%E7%BA%A7%E7%89%A9%E7%90%86_%E7%AC%AC%E4%BA%8C%E5%AD%A6%E6%9C%9F%E4%B8%AD%E8%80%83%E6%A8%A1%E6%8B%9F%E6%B5%8B%E8%AF%95_%E4%B8%AD%E8%80%83%E6%A8%A1%E6%8B%9F%E6%B5%8B%E8%AF%95B%E5%8D%B7.docx
初中,九年级,物理,试卷Word,九年级物理_第二学期期末教学质量监测_质量监测D卷,https://chenzhuanxin.github.io/xianning-teaching-resources/%E4%BA%A4%E4%BB%98%E7%89%A9/03_%E6%9C%9F%E6%9C%AB%E7%9C%9F%E9%A2%98%E8%AF%95%E5%8D%B7/Word_PDF/%E4%B9%9D%E5%B9%B4%E7%BA%A7%E7%89%A9%E7%90%86_%E7%AC%AC%E4%BA%8C%E5%AD%A6%E6%9C%9F%E6%9C%9F%E6%9C%AB%E6%95%99%E5%AD%A6%E8%B4%A8%E9%87%8F%E7%9B%91%E6%B5%8B_%E8%B4%A8%E9%87%8F%E7%9B%91%E6%B5%8BD%E5%8D%B7.docx
初中,九年级,化学,试卷Word,九年级化学_中考化学综合能力测试_综合能力C卷,https://chenzhuanxin.github.io/xianning-teaching-resources/%E4%BA%A4%E4%BB%98%E7%89%A9/03_%E6%9C%9F%E6%9C%AB%E7%9C%9F%E9%A2%98%E8%AF%95%E5%8D%B7/Word_PDF/%E4%B9%9D%E5%B9%B4%E7%BA%A7%E5%8C%96%E5%AD%A6_%E4%B8%AD%E8%80%83%E5%8C%96%E5%AD%A6%E7%BB%BC%E5%90%88%E8%83%BD%E5%8A%9B%E6%B5%8B%E8%AF%95_%E7%BB%BC%E5%90%88%E8%83%BD%E5%8A%9BC%E5%8D%B7.docx
初中,九年级,化学,试卷Word,九年级化学_中考学业水平模拟考试_学业水平E卷,https://chenzhuanxin.github.io/xianning-teaching-resources/%E4%BA%A4%E4%BB%98%E7%89%A9/03_%E6%9C%9F%E6%9C%AB%E7%9C%9F%E9%A2%98%E8%AF%95%E5%8D%B7/Word_PDF/%E4%B9%9D%E5%B9%B4%E7%BA%A7%E5%8C%96%E5%AD%A6_%E4%B8%AD%E8%80%83%E5%AD%A6%E4%B8%9A%E6%B0%B4%E5%B9%B3%E6%A8%A1%E6%8B%9F%E8%80%83%E8%AF%95_%E5%AD%A6%E4%B8%9A%E6%B0%B4%E5%B9%B3E%E5%8D%B7.docx
初中,九年级,化学,试卷Word,九年级化学_第一学期期末质量检测_期末质量检测A卷,https://chenzhuanxin.github.io/xianning-teaching-resources/%E4%BA%A4%E4%BB%98%E7%89%A9/03_%E6%9C%9F%E6%9C%AB%E7%9C%9F%E9%A2%98%E8%AF%95%E5%8D%B7/Word_PDF/%E4%B9%9D%E5%B9%B4%E7%BA%A7%E5%8C%96%E5%AD%A6_%E7%AC%AC%E4%B8%80%E5%AD%A6%E6%9C%9F%E6%9C%9F%E6%9C%AB%E8%B4%A8%E9%87%8F%E6%A3%80%E6%B5%8B_%E6%9C%9F%E6%9C%AB%E8%B4%A8%E9%87%8F%E6%A3%80%E6%B5%8BA%E5%8D%B7.docx
初中,九年级,化学,试卷Word,九年级化学_第二学期中考模拟测试_中考模拟测试B卷,https://chenzhuanxin.github.io/xianning-teaching-resources/%E4%BA%A4%E4%BB%98%E7%89%A9/03_%E6%9C%9F%E6%9C%AB%E7%9C%9F%E9%A2%98%E8%AF%95%E5%8D%B7/Word_PDF/%E4%B9%9D%E5%B9%B4%E7%BA%A7%E5%8C%96%E5%AD%A6_%E7%AC%AC%E4%BA%8C%E5%AD%A6%E6%9C%9F%E4%B8%AD%E8%80%83%E6%A8%A1%E6%8B%9F%E6%B5%8B%E8%AF%95_%E4%B8%AD%E8%80%83%E6%A8%A1%E6%8B%9F%E6%B5%8B%E8%AF%95B%E5%8D%B7.docx
初中,九年级,化学,试卷Word,九年级化学_第二学期期末教学质量监测_质量监测D卷,https://chenzhuanxin.github.io/xianning-teaching-resources/%E4%BA%A4%E4%BB%98%E7%89%A9/03_%E6%9C%9F%E6%9C%AB%E7%9C%9F%E9%A2%98%E8%AF%95%E5%8D%B7/Word_PDF/%E4%B9%9D%E5%B9%B4%E7%BA%A7%E5%8C%96%E5%AD%A6_%E7%AC%AC%E4%BA%8C%E5%AD%A6%E6%9C%9F%E6%9C%9F%E6%9C%AB%E6%95%99%E5%AD%A6%E8%B4%A8%E9%87%8F%E7%9B%91%E6%B5%8B_%E8%B4%A8%E9%87%8F%E7%9B%91%E6%B5%8BD%E5%8D%B7.docx
初中,九年级,历史,试卷Word,九年级历史_中考历史综合能力测试_综合能力C卷,https://chenzhuanxin.github.io/xianning-teaching-resources/%E4%BA%A4%E4%BB%98%E7%89%A9/03_%E6%9C%9F%E6%9C%AB%E7%9C%9F%E9%A2%98%E8%AF%95%E5%8D%B7/Word_PDF/%E4%B9%9D%E5%B9%B4%E7%BA%A7%E5%8E%86%E5%8F%B2_%E4%B8%AD%E8%80%83%E5%8E%86%E5%8F%B2%E7%BB%BC%E5%90%88%E8%83%BD%E5%8A%9B%E6%B5%8B%E8%AF%95_%E7%BB%BC%E5%90%88%E8%83%BD%E5%8A%9BC%E5%8D%B7.docx
初中,九年级,历史,试卷Word,九年级历史_中考学业水平模拟考试_学业水平E卷,https://chenzhuanxin.github.io/xianning-teaching-resources/%E4%BA%A4%E4%BB%98%E7%89%A9/03_%E6%9C%9F%E6%9C%AB%E7%9C%9F%E9%A2%98%E8%AF%95%E5%8D%B7/Word_PDF/%E4%B9%9D%E5%B9%B4%E7%BA%A7%E5%8E%86%E5%8F%B2_%E4%B8%AD%E8%80%83%E5%AD%A6%E4%B8%9A%E6%B0%B4%E5%B9%B3%E6%A8%A1%E6%8B%9F%E8%80%83%E8%AF%95_%E5%AD%A6%E4%B8%9A%E6%B0%B4%E5%B9%B3E%E5%8D%B7.docx
初中,九年级,历史,试卷Word,九年级历史_第一学期期末质量检测_期末质量检测A卷,https://chenzhuanxin.github.io/xianning-teaching-resources/%E4%BA%A4%E4%BB%98%E7%89%A9/03_%E6%9C%9F%E6%9C%AB%E7%9C%9F%E9%A2%98%E8%AF%95%E5%8D%B7/Word_PDF/%E4%B9%9D%E5%B9%B4%E7%BA%A7%E5%8E%86%E5%8F%B2_%E7%AC%AC%E4%B8%80%E5%AD%A6%E6%9C%9F%E6%9C%9F%E6%9C%AB%E8%B4%A8%E9%87%8F%E6%A3%80%E6%B5%8B_%E6%9C%9F%E6%9C%AB%E8%B4%A8%E9%87%8F%E6%A3%80%E6%B5%8BA%E5%8D%B7.docx
初中,九年级,历史,试卷Word,九年级历史_第二学期中考模拟测试_中考模拟测试B卷,https://chenzhuanxin.github.io/xianning-teaching-resources/%E4%BA%A4%E4%BB%98%E7%89%A9/03_%E6%9C%9F%E6%9C%AB%E7%9C%9F%E9%A2%98%E8%AF%95%E5%8D%B7/Word_PDF/%E4%B9%9D%E5%B9%B4%E7%BA%A7%E5%8E%86%E5%8F%B2_%E7%AC%AC%E4%BA%8C%E5%AD%A6%E6%9C%9F%E4%B8%AD%E8%80%83%E6%A8%A1%E6%8B%9F%E6%B5%8B%E8%AF%95_%E4%B8%AD%E8%80%83%E6%A8%A1%E6%8B%9F%E6%B5%8B%E8%AF%95B%E5%8D%B7.docx
初中,九年级,历史,试卷Word,九年级历史_第二学期期末教学质量监测_质量监测D卷,https://chenzhuanxin.github.io/xianning-teaching-resources/%E4%BA%A4%E4%BB%98%E7%89%A9/03_%E6%9C%9F%E6%9C%AB%E7%9C%9F%E9%A2%98%E8%AF%95%E5%8D%B7/Word_PDF/%E4%B9%9D%E5%B9%B4%E7%BA%A7%E5%8E%86%E5%8F%B2_%E7%AC%AC%E4%BA%8C%E5%AD%A6%E6%9C%9F%E6%9C%9F%E6%9C%AB%E6%95%99%E5%AD%A6%E8%B4%A8%E9%87%8F%E7%9B%91%E6%B5%8B_%E8%B4%A8%E9%87%8F%E7%9B%91%E6%B5%8BD%E5%8D%B7.docx
高中,高一,语文,试卷Word,高一语文_学年度期末学业水平测试_学业水平E卷,https://chenzhuanxin.github.io/xianning-teaching-resources/%E4%BA%A4%E4%BB%98%E7%89%A9/03_%E6%9C%9F%E6%9C%AB%E7%9C%9F%E9%A2%98%E8%AF%95%E5%8D%B7/Word_PDF/%E9%AB%98%E4%B8%80%E8%AF%AD%E6%96%87_%E5%AD%A6%E5%B9%B4%E5%BA%A6%E6%9C%9F%E6%9C%AB%E5%AD%A6%E4%B8%9A%E6%B0%B4%E5%B9%B3%E6%B5%8B%E8%AF%95_%E5%AD%A6%E4%B8%9A%E6%B0%B4%E5%B9%B3E%E5%8D%B7.docx
高中,高一,语文,试卷Word,高一语文_第一学期期末教学质量监测_质量监测B卷,https://chenzhuanxin.github.io/xianning-teaching-resources/%E4%BA%A4%E4%BB%98%E7%89%A9/03_%E6%9C%9F%E6%9C%AB%E7%9C%9F%E9%A2%98%E8%AF%95%E5%8D%B7/Word_PDF/%E9%AB%98%E4%B8%80%E8%AF%AD%E6%96%87_%E7%AC%AC%E4%B8%80%E5%AD%A6%E6%9C%9F%E6%9C%9F%E6%9C%AB%E6%95%99%E5%AD%A6%E8%B4%A8%E9%87%8F%E7%9B%91%E6%B5%8B_%E8%B4%A8%E9%87%8F%E7%9B%91%E6%B5%8BB%E5%8D%B7.docx
高中,高一,语文,试卷Word,高一语文_第一学期期末质量检测_期末质量检测A卷,https://chenzhuanxin.github.io/xianning-teaching-resources/%E4%BA%A4%E4%BB%98%E7%89%A9/03_%E6%9C%9F%E6%9C%AB%E7%9C%9F%E9%A2%98%E8%AF%95%E5%8D%B7/Word_PDF/%E9%AB%98%E4%B8%80%E8%AF%AD%E6%96%87_%E7%AC%AC%E4%B8%80%E5%AD%A6%E6%9C%9F%E6%9C%9F%E6%9C%AB%E8%B4%A8%E9%87%8F%E6%A3%80%E6%B5%8B_%E6%9C%9F%E6%9C%AB%E8%B4%A8%E9%87%8F%E6%A3%80%E6%B5%8BA%E5%8D%B7.docx
高中,高一,语文,试卷Word,高一语文_第二学期期末综合能力测试_综合能力D卷,https://chenzhuanxin.github.io/xianning-teaching-resources/%E4%BA%A4%E4%BB%98%E7%89%A9/03_%E6%9C%9F%E6%9C%AB%E7%9C%9F%E9%A2%98%E8%AF%95%E5%8D%B7/Word_PDF/%E9%AB%98%E4%B8%80%E8%AF%AD%E6%96%87_%E7%AC%AC%E4%BA%8C%E5%AD%A6%E6%9C%9F%E6%9C%9F%E6%9C%AB%E7%BB%BC%E5%90%88%E8%83%BD%E5%8A%9B%E6%B5%8B%E8%AF%95_%E7%BB%BC%E5%90%88%E8%83%BD%E5%8A%9BD%E5%8D%B7.docx
高中,高一,语文,试卷Word,高一语文_第二学期期末质量检测_期末质量检测C卷,https://chenzhuanxin.github.io/xianning-teaching-resources/%E4%BA%A4%E4%BB%98%E7%89%A9/03_%E6%9C%9F%E6%9C%AB%E7%9C%9F%E9%A2%98%E8%AF%95%E5%8D%B7/Word_PDF/%E9%AB%98%E4%B8%80%E8%AF%AD%E6%96%87_%E7%AC%AC%E4%BA%8C%E5%AD%A6%E6%9C%9F%E6%9C%9F%E6%9C%AB%E8%B4%A8%E9%87%8F%E6%A3%80%E6%B5%8B_%E6%9C%9F%E6%9C%AB%E8%B4%A8%E9%87%8F%E6%A3%80%E6%B5%8BC%E5%8D%B7.docx
高中,高一,数学,试卷Word,高一数学_学年度期末学业水平测试_学业水平E卷,https://chenzhuanxin.github.io/xianning-teaching-resources/%E4%BA%A4%E4%BB%98%E7%89%A9/03_%E6%9C%9F%E6%9C%AB%E7%9C%9F%E9%A2%98%E8%AF%95%E5%8D%B7/Word_PDF/%E9%AB%98%E4%B8%80%E6%95%B0%E5%AD%A6_%E5%AD%A6%E5%B9%B4%E5%BA%A6%E6%9C%9F%E6%9C%AB%E5%AD%A6%E4%B8%9A%E6%B0%B4%E5%B9%B3%E6%B5%8B%E8%AF%95_%E5%AD%A6%E4%B8%9A%E6%B0%B4%E5%B9%B3E%E5%8D%B7.docx
高中,高一,数学,试卷Word,高一数学_第一学期期末教学质量监测_质量监测B卷,https://chenzhuanxin.github.io/xianning-teaching-resources/%E4%BA%A4%E4%BB%98%E7%89%A9/03_%E6%9C%9F%E6%9C%AB%E7%9C%9F%E9%A2%98%E8%AF%95%E5%8D%B7/Word_PDF/%E9%AB%98%E4%B8%80%E6%95%B0%E5%AD%A6_%E7%AC%AC%E4%B8%80%E5%AD%A6%E6%9C%9F%E6%9C%9F%E6%9C%AB%E6%95%99%E5%AD%A6%E8%B4%A8%E9%87%8F%E7%9B%91%E6%B5%8B_%E8%B4%A8%E9%87%8F%E7%9B%91%E6%B5%8BB%E5%8D%B7.docx
高中,高一,数学,试卷Word,高一数学_第一学期期末质量检测_期末质量检测A卷,https://chenzhuanxin.github.io/xianning-teaching-resources/%E4%BA%A4%E4%BB%98%E7%89%A9/03_%E6%9C%9F%E6%9C%AB%E7%9C%9F%E9%A2%98%E8%AF%95%E5%8D%B7/Word_PDF/%E9%AB%98%E4%B8%80%E6%95%B0%E5%AD%A6_%E7%AC%AC%E4%B8%80%E5%AD%A6%E6%9C%9F%E6%9C%9F%E6%9C%AB%E8%B4%A8%E9%87%8F%E6%A3%80%E6%B5%8B_%E6%9C%9F%E6%9C%AB%E8%B4%A8%E9%87%8F%E6%A3%80%E6%B5%8BA%E5%8D%B7.docx
高中,高一,数学,试卷Word,高一数学_第二学期期末综合能力测试_综合能力D卷,https://chenzhuanxin.github.io/xianning-teaching-resources/%E4%BA%A4%E4%BB%98%E7%89%A9/03_%E6%9C%9F%E6%9C%AB%E7%9C%9F%E9%A2%98%E8%AF%95%E5%8D%B7/Word_PDF/%E9%AB%98%E4%B8%80%E6%95%B0%E5%AD%A6_%E7%AC%AC%E4%BA%8C%E5%AD%A6%E6%9C%9F%E6%9C%9F%E6%9C%AB%E7%BB%BC%E5%90%88%E8%83%BD%E5%8A%9B%E6%B5%8B%E8%AF%95_%E7%BB%BC%E5%90%88%E8%83%BD%E5%8A%9BD%E5%8D%B7.docx
高中,高一,数学,试卷Word,高一数学_第二学期期末质量检测_期末质量检测C卷,https://chenzhuanxin.github.io/xianning-teaching-resources/%E4%BA%A4%E4%BB%98%E7%89%A9/03_%E6%9C%9F%E6%9C%AB%E7%9C%9F%E9%A2%98%E8%AF%95%E5%8D%B7/Word_PDF/%E9%AB%98%E4%B8%80%E6%95%B0%E5%AD%A6_%E7%AC%AC%E4%BA%8C%E5%AD%A6%E6%9C%9F%E6%9C%9F%E6%9C%AB%E8%B4%A8%E9%87%8F%E6%A3%80%E6%B5%8B_%E6%9C%9F%E6%9C%AB%E8%B4%A8%E9%87%8F%E6%A3%80%E6%B5%8BC%E5%8D%B7.docx
高中,高一,英语,试卷Word,高一英语_学年度期末学业水平测试_学业水平E卷,https://chenzhuanxin.github.io/xianning-teaching-resources/%E4%BA%A4%E4%BB%98%E7%89%A9/03_%E6%9C%9F%E6%9C%AB%E7%9C%9F%E9%A2%98%E8%AF%95%E5%8D%B7/Word_PDF/%E9%AB%98%E4%B8%80%E8%8B%B1%E8%AF%AD_%E5%AD%A6%E5%B9%B4%E5%BA%A6%E6%9C%9F%E6%9C%AB%E5%AD%A6%E4%B8%9A%E6%B0%B4%E5%B9%B3%E6%B5%8B%E8%AF%95_%E5%AD%A6%E4%B8%9A%E6%B0%B4%E5%B9%B3E%E5%8D%B7.docx
高中,高一,英语,试卷Word,高一英语_第一学期期末教学质量监测_质量监测B卷,https://chenzhuanxin.github.io/xianning-teaching-resources/%E4%BA%A4%E4%BB%98%E7%89%A9/03_%E6%9C%9F%E6%9C%AB%E7%9C%9F%E9%A2%98%E8%AF%95%E5%8D%B7/Word_PDF/%E9%AB%98%E4%B8%80%E8%8B%B1%E8%AF%AD_%E7%AC%AC%E4%B8%80%E5%AD%A6%E6%9C%9F%E6%9C%9F%E6%9C%AB%E6%95%99%E5%AD%A6%E8%B4%A8%E9%87%8F%E7%9B%91%E6%B5%8B_%E8%B4%A8%E9%87%8F%E7%9B%91%E6%B5%8BB%E5%8D%B7.docx
高中,高一,英语,试卷Word,高一英语_第一学期期末质量检测_期末质量检测A卷,https://chenzhuanxin.github.io/xianning-teaching-resources/%E4%BA%A4%E4%BB%98%E7%89%A9/03_%E6%9C%9F%E6%9C%AB%E7%9C%9F%E9%A2%98%E8%AF%95%E5%8D%B7/Word_PDF/%E9%AB%98%E4%B8%80%E8%8B%B1%E8%AF%AD_%E7%AC%AC%E4%B8%80%E5%AD%A6%E6%9C%9F%E6%9C%9F%E6%9C%AB%E8%B4%A8%E9%87%8F%E6%A3%80%E6%B5%8B_%E6%9C%9F%E6%9C%AB%E8%B4%A8%E9%87%8F%E6%A3%80%E6%B5%8BA%E5%8D%B7.docx
高中,高一,英语,试卷Word,高一英语_第二学期期末综合能力测试_综合能力D卷,https://chenzhuanxin.github.io/xianning-teaching-resources/%E4%BA%A4%E4%BB%98%E7%89%A9/03_%E6%9C%9F%E6%9C%AB%E7%9C%9F%E9%A2%98%E8%AF%95%E5%8D%B7/Word_PDF/%E9%AB%98%E4%B8%80%E8%8B%B1%E8%AF%AD_%E7%AC%AC%E4%BA%8C%E5%AD%A6%E6%9C%9F%E6%9C%9F%E6%9C%AB%E7%BB%BC%E5%90%88%E8%83%BD%E5%8A%9B%E6%B5%8B%E8%AF%95_%E7%BB%BC%E5%90%88%E8%83%BD%E5%8A%9BD%E5%8D%B7.docx
高中,高一,英语,试卷Word,高一英语_第二学期期末质量检测_期末质量检测C卷,https://chenzhuanxin.github.io/xianning-teaching-resources/%E4%BA%A4%E4%BB%98%E7%89%A9/03_%E6%9C%9F%E6%9C%AB%E7%9C%9F%E9%A2%98%E8%AF%95%E5%8D%B7/Word_PDF/%E9%AB%98%E4%B8%80%E8%8B%B1%E8%AF%AD_%E7%AC%AC%E4%BA%8C%E5%AD%A6%E6%9C%9F%E6%9C%9F%E6%9C%AB%E8%B4%A8%E9%87%8F%E6%A3%80%E6%B5%8B_%E6%9C%9F%E6%9C%AB%E8%B4%A8%E9%87%8F%E6%A3%80%E6%B5%8BC%E5%8D%B7.docx
高中,高一,思想政治,试卷Word,高一思想政治_学年度期末学业水平测试_学业水平E卷,https://chenzhuanxin.github.io/xianning-teaching-resources/%E4%BA%A4%E4%BB%98%E7%89%A9/03_%E6%9C%9F%E6%9C%AB%E7%9C%9F%E9%A2%98%E8%AF%95%E5%8D%B7/Word_PDF/%E9%AB%98%E4%B8%80%E6%80%9D%E6%83%B3%E6%94%BF%E6%B2%BB_%E5%AD%A6%E5%B9%B4%E5%BA%A6%E6%9C%9F%E6%9C%AB%E5%AD%A6%E4%B8%9A%E6%B0%B4%E5%B9%B3%E6%B5%8B%E8%AF%95_%E5%AD%A6%E4%B8%9A%E6%B0%B4%E5%B9%B3E%E5%8D%B7.docx
高中,高一,思想政治,试卷Word,高一思想政治_第一学期期末教学质量监测_质量监测B卷,https://chenzhuanxin.github.io/xianning-teaching-resources/%E4%BA%A4%E4%BB%98%E7%89%A9/03_%E6%9C%9F%E6%9C%AB%E7%9C%9F%E9%A2%98%E8%AF%95%E5%8D%B7/Word_PDF/%E9%AB%98%E4%B8%80%E6%80%9D%E6%83%B3%E6%94%BF%E6%B2%BB_%E7%AC%AC%E4%B8%80%E5%AD%A6%E6%9C%9F%E6%9C%9F%E6%9C%AB%E6%95%99%E5%AD%A6%E8%B4%A8%E9%87%8F%E7%9B%91%E6%B5%8B_%E8%B4%A8%E9%87%8F%E7%9B%91%E6%B5%8BB%E5%8D%B7.docx
高中,高一,思想政治,试卷Word,高一思想政治_第一学期期末质量检测_期末质量检测A卷,https://chenzhuanxin.github.io/xianning-teaching-resources/%E4%BA%A4%E4%BB%98%E7%89%A9/03_%E6%9C%9F%E6%9C%AB%E7%9C%9F%E9%A2%98%E8%AF%95%E5%8D%B7/Word_PDF/%E9%AB%98%E4%B8%80%E6%80%9D%E6%83%B3%E6%94%BF%E6%B2%BB_%E7%AC%AC%E4%B8%80%E5%AD%A6%E6%9C%9F%E6%9C%9F%E6%9C%AB%E8%B4%A8%E9%87%8F%E6%A3%80%E6%B5%8B_%E6%9C%9F%E6%9C%AB%E8%B4%A8%E9%87%8F%E6%A3%80%E6%B5%8BA%E5%8D%B7.docx
高中,高一,思想政治,试卷Word,高一思想政治_第二学期期末综合能力测试_综合能力D卷,https://chenzhuanxin.github.io/xianning-teaching-resources/%E4%BA%A4%E4%BB%98%E7%89%A9/03_%E6%9C%9F%E6%9C%AB%E7%9C%9F%E9%A2%98%E8%AF%95%E5%8D%B7/Word_PDF/%E9%AB%98%E4%B8%80%E6%80%9D%E6%83%B3%E6%94%BF%E6%B2%BB_%E7%AC%AC%E4%BA%8C%E5%AD%A6%E6%9C%9F%E6%9C%9F%E6%9C%AB%E7%BB%BC%E5%90%88%E8%83%BD%E5%8A%9B%E6%B5%8B%E8%AF%95_%E7%BB%BC%E5%90%88%E8%83%BD%E5%8A%9BD%E5%8D%B7.docx
高中,高一,思想政治,试卷Word,高一思想政治_第二学期期末质量检测_期末质量检测C卷,https://chenzhuanxin.github.io/xianning-teaching-resources/%E4%BA%A4%E4%BB%98%E7%89%A9/03_%E6%9C%9F%E6%9C%AB%E7%9C%9F%E9%A2%98%E8%AF%95%E5%8D%B7/Word_PDF/%E9%AB%98%E4%B8%80%E6%80%9D%E6%83%B3%E6%94%BF%E6%B2%BB_%E7%AC%AC%E4%BA%8C%E5%AD%A6%E6%9C%9F%E6%9C%9F%E6%9C%AB%E8%B4%A8%E9%87%8F%E6%A3%80%E6%B5%8B_%E6%9C%9F%E6%9C%AB%E8%B4%A8%E9%87%8F%E6%A3%80%E6%B5%8BC%E5%8D%B7.docx
高中,高一,物理,试卷Word,高一物理_学年度期末学业水平测试_学业水平E卷,https://chenzhuanxin.github.io/xianning-teaching-resources/%E4%BA%A4%E4%BB%98%E7%89%A9/03_%E6%9C%9F%E6%9C%AB%E7%9C%9F%E9%A2%98%E8%AF%95%E5%8D%B7/Word_PDF/%E9%AB%98%E4%B8%80%E7%89%A9%E7%90%86_%E5%AD%A6%E5%B9%B4%E5%BA%A6%E6%9C%9F%E6%9C%AB%E5%AD%A6%E4%B8%9A%E6%B0%B4%E5%B9%B3%E6%B5%8B%E8%AF%95_%E5%AD%A6%E4%B8%9A%E6%B0%B4%E5%B9%B3E%E5%8D%B7.docx
高中,高一,物理,试卷Word,高一物理_第一学期期末教学质量监测_质量监测B卷,https://chenzhuanxin.github.io/xianning-teaching-resources/%E4%BA%A4%E4%BB%98%E7%89%A9/03_%E6%9C%9F%E6%9C%AB%E7%9C%9F%E9%A2%98%E8%AF%95%E5%8D%B7/Word_PDF/%E9%AB%98%E4%B8%80%E7%89%A9%E7%90%86_%E7%AC%AC%E4%B8%80%E5%AD%A6%E6%9C%9F%E6%9C%9F%E6%9C%AB%E6%95%99%E5%AD%A6%E8%B4%A8%E9%87%8F%E7%9B%91%E6%B5%8B_%E8%B4%A8%E9%87%8F%E7%9B%91%E6%B5%8BB%E5%8D%B7.docx
高中,高一,物理,试卷Word,高一物理_第一学期期末质量检测_期末质量检测A卷,https://chenzhuanxin.github.io/xianning-teaching-resources/%E4%BA%A4%E4%BB%98%E7%89%A9/03_%E6%9C%9F%E6%9C%AB%E7%9C%9F%E9%A2%98%E8%AF%95%E5%8D%B7/Word_PDF/%E9%AB%98%E4%B8%80%E7%89%A9%E7%90%86_%E7%AC%AC%E4%B8%80%E5%AD%A6%E6%9C%9F%E6%9C%9F%E6%9C%AB%E8%B4%A8%E9%87%8F%E6%A3%80%E6%B5%8B_%E6%9C%9F%E6%9C%AB%E8%B4%A8%E9%87%8F%E6%A3%80%E6%B5%8BA%E5%8D%B7.docx
高中,高一,物理,试卷Word,高一物理_第二学期期末综合能力测试_综合能力D卷,https://chenzhuanxin.github.io/xianning-teaching-resources/%E4%BA%A4%E4%BB%98%E7%89%A9/03_%E6%9C%9F%E6%9C%AB%E7%9C%9F%E9%A2%98%E8%AF%95%E5%8D%B7/Word_PDF/%E9%AB%98%E4%B8%80%E7%89%A9%E7%90%86_%E7%AC%AC%E4%BA%8C%E5%AD%A6%E6%9C%9F%E6%9C%9F%E6%9C%AB%E7%BB%BC%E5%90%88%E8%83%BD%E5%8A%9B%E6%B5%8B%E8%AF%95_%E7%BB%BC%E5%90%88%E8%83%BD%E5%8A%9BD%E5%8D%B7.docx
高中,高一,物理,试卷Word,高一物理_第二学期期末质量检测_期末质量检测C卷,https://chenzhuanxin.github.io/xianning-teaching-resources/%E4%BA%A4%E4%BB%98%E7%89%A9/03_%E6%9C%9F%E6%9C%AB%E7%9C%9F%E9%A2%98%E8%AF%95%E5%8D%B7/Word_PDF/%E9%AB%98%E4%B8%80%E7%89%A9%E7%90%86_%E7%AC%AC%E4%BA%8C%E5%AD%A6%E6%9C%9F%E6%9C%9F%E6%9C%AB%E8%B4%A8%E9%87%8F%E6%A3%80%E6%B5%8B_%E6%9C%9F%E6%9C%AB%E8%B4%A8%E9%87%8F%E6%A3%80%E6%B5%8BC%E5%8D%B7.docx
高中,高一,化学,试卷Word,高一化学_学年度期末学业水平测试_学业水平E卷,https://chenzhuanxin.github.io/xianning-teaching-resources/%E4%BA%A4%E4%BB%98%E7%89%A9/03_%E6%9C%9F%E6%9C%AB%E7%9C%9F%E9%A2%98%E8%AF%95%E5%8D%B7/Word_PDF/%E9%AB%98%E4%B8%80%E5%8C%96%E5%AD%A6_%E5%AD%A6%E5%B9%B4%E5%BA%A6%E6%9C%9F%E6%9C%AB%E5%AD%A6%E4%B8%9A%E6%B0%B4%E5%B9%B3%E6%B5%8B%E8%AF%95_%E5%AD%A6%E4%B8%9A%E6%B0%B4%E5%B9%B3E%E5%8D%B7.docx
高中,高一,化学,试卷Word,高一化学_第一学期期末教学质量监测_质量监测B卷,https://chenzhuanxin.github.io/xianning-teaching-resources/%E4%BA%A4%E4%BB%98%E7%89%A9/03_%E6%9C%9F%E6%9C%AB%E7%9C%9F%E9%A2%98%E8%AF%95%E5%8D%B7/Word_PDF/%E9%AB%98%E4%B8%80%E5%8C%96%E5%AD%A6_%E7%AC%AC%E4%B8%80%E5%AD%A6%E6%9C%9F%E6%9C%9F%E6%9C%AB%E6%95%99%E5%AD%A6%E8%B4%A8%E9%87%8F%E7%9B%91%E6%B5%8B_%E8%B4%A8%E9%87%8F%E7%9B%91%E6%B5%8BB%E5%8D%B7.docx
高中,高一,化学,试卷Word,高一化学_第一学期期末质量检测_期末质量检测A卷,https://chenzhuanxin.github.io/xianning-teaching-resources/%E4%BA%A4%E4%BB%98%E7%89%A9/03_%E6%9C%9F%E6%9C%AB%E7%9C%9F%E9%A2%98%E8%AF%95%E5%8D%B7/Word_PDF/%E9%AB%98%E4%B8%80%E5%8C%96%E5%AD%A6_%E7%AC%AC%E4%B8%80%E5%AD%A6%E6%9C%9F%E6%9C%9F%E6%9C%AB%E8%B4%A8%E9%87%8F%E6%A3%80%E6%B5%8B_%E6%9C%9F%E6%9C%AB%E8%B4%A8%E9%87%8F%E6%A3%80%E6%B5%8BA%E5%8D%B7.docx
高中,高一,化学,试卷Word,高一化学_第二学期期末综合能力测试_综合能力D卷,https://chenzhuanxin.github.io/xianning-teaching-resources/%E4%BA%A4%E4%BB%98%E7%89%A9/03_%E6%9C%9F%E6%9C%AB%E7%9C%9F%E9%A2%98%E8%AF%95%E5%8D%B7/Word_PDF/%E9%AB%98%E4%B8%80%E5%8C%96%E5%AD%A6_%E7%AC%AC%E4%BA%8C%E5%AD%A6%E6%9C%9F%E6%9C%9F%E6%9C%AB%E7%BB%BC%E5%90%88%E8%83%BD%E5%8A%9B%E6%B5%8B%E8%AF%95_%E7%BB%BC%E5%90%88%E8%83%BD%E5%8A%9BD%E5%8D%B7.docx
高中,高一,化学,试卷Word,高一化学_第二学期期末质量检测_期末质量检测C卷,https://chenzhuanxin.github.io/xianning-teaching-resources/%E4%BA%A4%E4%BB%98%E7%89%A9/03_%E6%9C%9F%E6%9C%AB%E7%9C%9F%E9%A2%98%E8%AF%95%E5%8D%B7/Word_PDF/%E9%AB%98%E4%B8%80%E5%8C%96%E5%AD%A6_%E7%AC%AC%E4%BA%8C%E5%AD%A6%E6%9C%9F%E6%9C%9F%E6%9C%AB%E8%B4%A8%E9%87%8F%E6%A3%80%E6%B5%8B_%E6%9C%9F%E6%9C%AB%E8%B4%A8%E9%87%8F%E6%A3%80%E6%B5%8BC%E5%8D%B7.docx
高中,高一,生物,试卷Word,高一生物_学年度期末学业水平测试_学业水平E卷,https://chenzhuanxin.github.io/xianning-teaching-resources/%E4%BA%A4%E4%BB%98%E7%89%A9/03_%E6%9C%9F%E6%9C%AB%E7%9C%9F%E9%A2%98%E8%AF%95%E5%8D%B7/Word_PDF/%E9%AB%98%E4%B8%80%E7%94%9F%E7%89%A9_%E5%AD%A6%E5%B9%B4%E5%BA%A6%E6%9C%9F%E6%9C%AB%E5%AD%A6%E4%B8%9A%E6%B0%B4%E5%B9%B3%E6%B5%8B%E8%AF%95_%E5%AD%A6%E4%B8%9A%E6%B0%B4%E5%B9%B3E%E5%8D%B7.docx
高中,高一,生物,试卷Word,高一生物_第一学期期末教学质量监测_质量监测B卷,https://chenzhuanxin.github.io/xianning-teaching-resources/%E4%BA%A4%E4%BB%98%E7%89%A9/03_%E6%9C%9F%E6%9C%AB%E7%9C%9F%E9%A2%98%E8%AF%95%E5%8D%B7/Word_PDF/%E9%AB%98%E4%B8%80%E7%94%9F%E7%89%A9_%E7%AC%AC%E4%B8%80%E5%AD%A6%E6%9C%9F%E6%9C%9F%E6%9C%AB%E6%95%99%E5%AD%A6%E8%B4%A8%E9%87%8F%E7%9B%91%E6%B5%8B_%E8%B4%A8%E9%87%8F%E7%9B%91%E6%B5%8BB%E5%8D%B7.docx
高中,高一,生物,试卷Word,高一生物_第一学期期末质量检测_期末质量检测A卷,https://chenzhuanxin.github.io/xianning-teaching-resources/%E4%BA%A4%E4%BB%98%E7%89%A9/03_%E6%9C%9F%E6%9C%AB%E7%9C%9F%E9%A2%98%E8%AF%95%E5%8D%B7/Word_PDF/%E9%AB%98%E4%B8%80%E7%94%9F%E7%89%A9_%E7%AC%AC%E4%B8%80%E5%AD%A6%E6%9C%9F%E6%9C%9F%E6%9C%AB%E8%B4%A8%E9%87%8F%E6%A3%80%E6%B5%8B_%E6%9C%9F%E6%9C%AB%E8%B4%A8%E9%87%8F%E6%A3%80%E6%B5%8BA%E5%8D%B7.docx
高中,高一,生物,试卷Word,高一生物_第二学期期末综合能力测试_综合能力D卷,https://chenzhuanxin.github.io/xianning-teaching-resources/%E4%BA%A4%E4%BB%98%E7%89%A9/03_%E6%9C%9F%E6%9C%AB%E7%9C%9F%E9%A2%98%E8%AF%95%E5%8D%B7/Word_PDF/%E9%AB%98%E4%B8%80%E7%94%9F%E7%89%A9_%E7%AC%AC%E4%BA%8C%E5%AD%A6%E6%9C%9F%E6%9C%9F%E6%9C%AB%E7%BB%BC%E5%90%88%E8%83%BD%E5%8A%9B%E6%B5%8B%E8%AF%95_%E7%BB%BC%E5%90%88%E8%83%BD%E5%8A%9BD%E5%8D%B7.docx
高中,高一,生物,试卷Word,高一生物_第二学期期末质量检测_期末质量检测C卷,https://chenzhuanxin.github.io/xianning-teaching-resources/%E4%BA%A4%E4%BB%98%E7%89%A9/03_%E6%9C%9F%E6%9C%AB%E7%9C%9F%E9%A2%98%E8%AF%95%E5%8D%B7/Word_PDF/%E9%AB%98%E4%B8%80%E7%94%9F%E7%89%A9_%E7%AC%AC%E4%BA%8C%E5%AD%A6%E6%9C%9F%E6%9C%9F%E6%9C%AB%E8%B4%A8%E9%87%8F%E6%A3%80%E6%B5%8B_%E6%9C%9F%E6%9C%AB%E8%B4%A8%E9%87%8F%E6%A3%80%E6%B5%8BC%E5%8D%B7.docx
高中,高一,历史,试卷Word,高一历史_学年度期末学业水平测试_学业水平E卷,https://chenzhuanxin.github.io/xianning-teaching-resources/%E4%BA%A4%E4%BB%98%E7%89%A9/03_%E6%9C%9F%E6%9C%AB%E7%9C%9F%E9%A2%98%E8%AF%95%E5%8D%B7/Word_PDF/%E9%AB%98%E4%B8%80%E5%8E%86%E5%8F%B2_%E5%AD%A6%E5%B9%B4%E5%BA%A6%E6%9C%9F%E6%9C%AB%E5%AD%A6%E4%B8%9A%E6%B0%B4%E5%B9%B3%E6%B5%8B%E8%AF%95_%E5%AD%A6%E4%B8%9A%E6%B0%B4%E5%B9%B3E%E5%8D%B7.docx
高中,高一,历史,试卷Word,高一历史_第一学期期末教学质量监测_质量监测B卷,https://chenzhuanxin.github.io/xianning-teaching-resources/%E4%BA%A4%E4%BB%98%E7%89%A9/03_%E6%9C%9F%E6%9C%AB%E7%9C%9F%E9%A2%98%E8%AF%95%E5%8D%B7/Word_PDF/%E9%AB%98%E4%B8%80%E5%8E%86%E5%8F%B2_%E7%AC%AC%E4%B8%80%E5%AD%A6%E6%9C%9F%E6%9C%9F%E6%9C%AB%E6%95%99%E5%AD%A6%E8%B4%A8%E9%87%8F%E7%9B%91%E6%B5%8B_%E8%B4%A8%E9%87%8F%E7%9B%91%E6%B5%8BB%E5%8D%B7.docx
高中,高一,历史,试卷Word,高一历史_第一学期期末质量检测_期末质量检测A卷,https://chenzhuanxin.github.io/xianning-teaching-resources/%E4%BA%A4%E4%BB%98%E7%89%A9/03_%E6%9C%9F%E6%9C%AB%E7%9C%9F%E9%A2%98%E8%AF%95%E5%8D%B7/Word_PDF/%E9%AB%98%E4%B8%80%E5%8E%86%E5%8F%B2_%E7%AC%AC%E4%B8%80%E5%AD%A6%E6%9C%9F%E6%9C%9F%E6%9C%AB%E8%B4%A8%E9%87%8F%E6%A3%80%E6%B5%8B_%E6%9C%9F%E6%9C%AB%E8%B4%A8%E9%87%8F%E6%A3%80%E6%B5%8BA%E5%8D%B7.docx
高中,高一,历史,试卷Word,高一历史_第二学期期末综合能力测试_综合能力D卷,https://chenzhuanxin.github.io/xianning-teaching-resources/%E4%BA%A4%E4%BB%98%E7%89%A9/03_%E6%9C%9F%E6%9C%AB%E7%9C%9F%E9%A2%98%E8%AF%95%E5%8D%B7/Word_PDF/%E9%AB%98%E4%B8%80%E5%8E%86%E5%8F%B2_%E7%AC%AC%E4%BA%8C%E5%AD%A6%E6%9C%9F%E6%9C%9F%E6%9C%AB%E7%BB%BC%E5%90%88%E8%83%BD%E5%8A%9B%E6%B5%8B%E8%AF%95_%E7%BB%BC%E5%90%88%E8%83%BD%E5%8A%9BD%E5%8D%B7.docx
高中,高一,历史,试卷Word,高一历史_第二学期期末质量检测_期末质量检测C卷,https://chenzhuanxin.github.io/xianning-teaching-resources/%E4%BA%A4%E4%BB%98%E7%89%A9/03_%E6%9C%9F%E6%9C%AB%E7%9C%9F%E9%A2%98%E8%AF%95%E5%8D%B7/Word_PDF/%E9%AB%98%E4%B8%80%E5%8E%86%E5%8F%B2_%E7%AC%AC%E4%BA%8C%E5%AD%A6%E6%9C%9F%E6%9C%9F%E6%9C%AB%E8%B4%A8%E9%87%8F%E6%A3%80%E6%B5%8B_%E6%9C%9F%E6%9C%AB%E8%B4%A8%E9%87%8F%E6%A3%80%E6%B5%8BC%E5%8D%B7.docx
高中,高一,地理,试卷Word,高一地理_学年度期末学业水平测试_学业水平E卷,https://chenzhuanxin.github.io/xianning-teaching-resources/%E4%BA%A4%E4%BB%98%E7%89%A9/03_%E6%9C%9F%E6%9C%AB%E7%9C%9F%E9%A2%98%E8%AF%95%E5%8D%B7/Word_PDF/%E9%AB%98%E4%B8%80%E5%9C%B0%E7%90%86_%E5%AD%A6%E5%B9%B4%E5%BA%A6%E6%9C%9F%E6%9C%AB%E5%AD%A6%E4%B8%9A%E6%B0%B4%E5%B9%B3%E6%B5%8B%E8%AF%95_%E5%AD%A6%E4%B8%9A%E6%B0%B4%E5%B9%B3E%E5%8D%B7.docx
高中,高一,地理,试卷Word,高一地理_第一学期期末教学质量监测_质量监测B卷,https://chenzhuanxin.github.io/xianning-teaching-resources/%E4%BA%A4%E4%BB%98%E7%89%A9/03_%E6%9C%9F%E6%9C%AB%E7%9C%9F%E9%A2%98%E8%AF%95%E5%8D%B7/Word_PDF/%E9%AB%98%E4%B8%80%E5%9C%B0%E7%90%86_%E7%AC%AC%E4%B8%80%E5%AD%A6%E6%9C%9F%E6%9C%9F%E6%9C%AB%E6%95%99%E5%AD%A6%E8%B4%A8%E9%87%8F%E7%9B%91%E6%B5%8B_%E8%B4%A8%E9%87%8F%E7%9B%91%E6%B5%8BB%E5%8D%B7.docx
高中,高一,地理,试卷Word,高一地理_第一学期期末质量检测_期末质量检测A卷,https://chenzhuanxin.github.io/xianning-teaching-resources/%E4%BA%A4%E4%BB%98%E7%89%A9/03_%E6%9C%9F%E6%9C%AB%E7%9C%9F%E9%A2%98%E8%AF%95%E5%8D%B7/Word_PDF/%E9%AB%98%E4%B8%80%E5%9C%B0%E7%90%86_%E7%AC%AC%E4%B8%80%E5%AD%A6%E6%9C%9F%E6%9C%9F%E6%9C%AB%E8%B4%A8%E9%87%8F%E6%A3%80%E6%B5%8B_%E6%9C%9F%E6%9C%AB%E8%B4%A8%E9%87%8F%E6%A3%80%E6%B5%8BA%E5%8D%B7.docx
高中,高一,地理,试卷Word,高一地理_第二学期期末综合能力测试_综合能力D卷,https://chenzhuanxin.github.io/xianning-teaching-resources/%E4%BA%A4%E4%BB%98%E7%89%A9/03_%E6%9C%9F%E6%9C%AB%E7%9C%9F%E9%A2%98%E8%AF%95%E5%8D%B7/Word_PDF/%E9%AB%98%E4%B8%80%E5%9C%B0%E7%90%86_%E7%AC%AC%E4%BA%8C%E5%AD%A6%E6%9C%9F%E6%9C%9F%E6%9C%AB%E7%BB%BC%E5%90%88%E8%83%BD%E5%8A%9B%E6%B5%8B%E8%AF%95_%E7%BB%BC%E5%90%88%E8%83%BD%E5%8A%9BD%E5%8D%B7.docx
高中,高一,地理,试卷Word,高一地理_第二学期期末质量检测_期末质量检测C卷,https://chenzhuanxin.github.io/xianning-teaching-resources/%E4%BA%A4%E4%BB%98%E7%89%A9/03_%E6%9C%9F%E6%9C%AB%E7%9C%9F%E9%A2%98%E8%AF%95%E5%8D%B7/Word_PDF/%E9%AB%98%E4%B8%80%E5%9C%B0%E7%90%86_%E7%AC%AC%E4%BA%8C%E5%AD%A6%E6%9C%9F%E6%9C%9F%E6%9C%AB%E8%B4%A8%E9%87%8F%E6%A3%80%E6%B5%8B_%E6%9C%9F%E6%9C%AB%E8%B4%A8%E9%87%8F%E6%A3%80%E6%B5%8BC%E5%8D%B7.docx
高中,高二,语文,试卷Word,高二语文_学年度期末学业水平测试_学业水平E卷,https://chenzhuanxin.github.io/xianning-teaching-resources/%E4%BA%A4%E4%BB%98%E7%89%A9/03_%E6%9C%9F%E6%9C%AB%E7%9C%9F%E9%A2%98%E8%AF%95%E5%8D%B7/Word_PDF/%E9%AB%98%E4%BA%8C%E8%AF%AD%E6%96%87_%E5%AD%A6%E5%B9%B4%E5%BA%A6%E6%9C%9F%E6%9C%AB%E5%AD%A6%E4%B8%9A%E6%B0%B4%E5%B9%B3%E6%B5%8B%E8%AF%95_%E5%AD%A6%E4%B8%9A%E6%B0%B4%E5%B9%B3E%E5%8D%B7.docx
高中,高二,语文,试卷Word,高二语文_第一学期期末教学质量监测_质量监测B卷,https://chenzhuanxin.github.io/xianning-teaching-resources/%E4%BA%A4%E4%BB%98%E7%89%A9/03_%E6%9C%9F%E6%9C%AB%E7%9C%9F%E9%A2%98%E8%AF%95%E5%8D%B7/Word_PDF/%E9%AB%98%E4%BA%8C%E8%AF%AD%E6%96%87_%E7%AC%AC%E4%B8%80%E5%AD%A6%E6%9C%9F%E6%9C%9F%E6%9C%AB%E6%95%99%E5%AD%A6%E8%B4%A8%E9%87%8F%E7%9B%91%E6%B5%8B_%E8%B4%A8%E9%87%8F%E7%9B%91%E6%B5%8BB%E5%8D%B7.docx
高中,高二,语文,试卷Word,高二语文_第一学期期末质量检测_期末质量检测A卷,https://chenzhuanxin.github.io/xianning-teaching-resources/%E4%BA%A4%E4%BB%98%E7%89%A9/03_%E6%9C%9F%E6%9C%AB%E7%9C%9F%E9%A2%98%E8%AF%95%E5%8D%B7/Word_PDF/%E9%AB%98%E4%BA%8C%E8%AF%AD%E6%96%87_%E7%AC%AC%E4%B8%80%E5%AD%A6%E6%9C%9F%E6%9C%9F%E6%9C%AB%E8%B4%A8%E9%87%8F%E6%A3%80%E6%B5%8B_%E6%9C%9F%E6%9C%AB%E8%B4%A8%E9%87%8F%E6%A3%80%E6%B5%8BA%E5%8D%B7.docx
高中,高二,语文,试卷Word,高二语文_第二学期期末综合能力测试_综合能力D卷,https://chenzhuanxin.github.io/xianning-teaching-resources/%E4%BA%A4%E4%BB%98%E7%89%A9/03_%E6%9C%9F%E6%9C%AB%E7%9C%9F%E9%A2%98%E8%AF%95%E5%8D%B7/Word_PDF/%E9%AB%98%E4%BA%8C%E8%AF%AD%E6%96%87_%E7%AC%AC%E4%BA%8C%E5%AD%A6%E6%9C%9F%E6%9C%9F%E6%9C%AB%E7%BB%BC%E5%90%88%E8%83%BD%E5%8A%9B%E6%B5%8B%E8%AF%95_%E7%BB%BC%E5%90%88%E8%83%BD%E5%8A%9BD%E5%8D%B7.docx
高中,高二,语文,试卷Word,高二语文_第二学期期末质量检测_期末质量检测C卷,https://chenzhuanxin.github.io/xianning-teaching-resources/%E4%BA%A4%E4%BB%98%E7%89%A9/03_%E6%9C%9F%E6%9C%AB%E7%9C%9F%E9%A2%98%E8%AF%95%E5%8D%B7/Word_PDF/%E9%AB%98%E4%BA%8C%E8%AF%AD%E6%96%87_%E7%AC%AC%E4%BA%8C%E5%AD%A6%E6%9C%9F%E6%9C%9F%E6%9C%AB%E8%B4%A8%E9%87%8F%E6%A3%80%E6%B5%8B_%E6%9C%9F%E6%9C%AB%E8%B4%A8%E9%87%8F%E6%A3%80%E6%B5%8BC%E5%8D%B7.docx
高中,高二,数学,试卷Word,高二数学_学年度期末学业水平测试_学业水平E卷,https://chenzhuanxin.github.io/xianning-teaching-resources/%E4%BA%A4%E4%BB%98%E7%89%A9/03_%E6%9C%9F%E6%9C%AB%E7%9C%9F%E9%A2%98%E8%AF%95%E5%8D%B7/Word_PDF/%E9%AB%98%E4%BA%8C%E6%95%B0%E5%AD%A6_%E5%AD%A6%E5%B9%B4%E5%BA%A6%E6%9C%9F%E6%9C%AB%E5%AD%A6%E4%B8%9A%E6%B0%B4%E5%B9%B3%E6%B5%8B%E8%AF%95_%E5%AD%A6%E4%B8%9A%E6%B0%B4%E5%B9%B3E%E5%8D%B7.docx
高中,高二,数学,试卷Word,高二数学_第一学期期末教学质量监测_质量监测B卷,https://chenzhuanxin.github.io/xianning-teaching-resources/%E4%BA%A4%E4%BB%98%E7%89%A9/03_%E6%9C%9F%E6%9C%AB%E7%9C%9F%E9%A2%98%E8%AF%95%E5%8D%B7/Word_PDF/%E9%AB%98%E4%BA%8C%E6%95%B0%E5%AD%A6_%E7%AC%AC%E4%B8%80%E5%AD%A6%E6%9C%9F%E6%9C%9F%E6%9C%AB%E6%95%99%E5%AD%A6%E8%B4%A8%E9%87%8F%E7%9B%91%E6%B5%8B_%E8%B4%A8%E9%87%8F%E7%9B%91%E6%B5%8BB%E5%8D%B7.docx
高中,高二,数学,试卷Word,高二数学_第一学期期末质量检测_期末质量检测A卷,https://chenzhuanxin.github.io/xianning-teaching-resources/%E4%BA%A4%E4%BB%98%E7%89%A9/03_%E6%9C%9F%E6%9C%AB%E7%9C%9F%E9%A2%98%E8%AF%95%E5%8D%B7/Word_PDF/%E9%AB%98%E4%BA%8C%E6%95%B0%E5%AD%A6_%E7%AC%AC%E4%B8%80%E5%AD%A6%E6%9C%9F%E6%9C%9F%E6%9C%AB%E8%B4%A8%E9%87%8F%E6%A3%80%E6%B5%8B_%E6%9C%9F%E6%9C%AB%E8%B4%A8%E9%87%8F%E6%A3%80%E6%B5%8BA%E5%8D%B7.docx
高中,高二,数学,试卷Word,高二数学_第二学期期末综合能力测试_综合能力D卷,https://chenzhuanxin.github.io/xianning-teaching-resources/%E4%BA%A4%E4%BB%98%E7%89%A9/03_%E6%9C%9F%E6%9C%AB%E7%9C%9F%E9%A2%98%E8%AF%95%E5%8D%B7/Word_PDF/%E9%AB%98%E4%BA%8C%E6%95%B0%E5%AD%A6_%E7%AC%AC%E4%BA%8C%E5%AD%A6%E6%9C%9F%E6%9C%9F%E6%9C%AB%E7%BB%BC%E5%90%88%E8%83%BD%E5%8A%9B%E6%B5%8B%E8%AF%95_%E7%BB%BC%E5%90%88%E8%83%BD%E5%8A%9BD%E5%8D%B7.docx
高中,高二,数学,试卷Word,高二数学_第二学期期末质量检测_期末质量检测C卷,https://chenzhuanxin.github.io/xianning-teaching-resources/%E4%BA%A4%E4%BB%98%E7%89%A9/03_%E6%9C%9F%E6%9C%AB%E7%9C%9F%E9%A2%98%E8%AF%95%E5%8D%B7/Word_PDF/%E9%AB%98%E4%BA%8C%E6%95%B0%E5%AD%A6_%E7%AC%AC%E4%BA%8C%E5%AD%A6%E6%9C%9F%E6%9C%9F%E6%9C%AB%E8%B4%A8%E9%87%8F%E6%A3%80%E6%B5%8B_%E6%9C%9F%E6%9C%AB%E8%B4%A8%E9%87%8F%E6%A3%80%E6%B5%8BC%E5%8D%B7.docx
高中,高二,英语,试卷Word,高二英语_学年度期末学业水平测试_学业水平E卷,https://chenzhuanxin.github.io/xianning-teaching-resources/%E4%BA%A4%E4%BB%98%E7%89%A9/03_%E6%9C%9F%E6%9C%AB%E7%9C%9F%E9%A2%98%E8%AF%95%E5%8D%B7/Word_PDF/%E9%AB%98%E4%BA%8C%E8%8B%B1%E8%AF%AD_%E5%AD%A6%E5%B9%B4%E5%BA%A6%E6%9C%9F%E6%9C%AB%E5%AD%A6%E4%B8%9A%E6%B0%B4%E5%B9%B3%E6%B5%8B%E8%AF%95_%E5%AD%A6%E4%B8%9A%E6%B0%B4%E5%B9%B3E%E5%8D%B7.docx
高中,高二,英语,试卷Word,高二英语_第一学期期末教学质量监测_质量监测B卷,https://chenzhuanxin.github.io/xianning-teaching-resources/%E4%BA%A4%E4%BB%98%E7%89%A9/03_%E6%9C%9F%E6%9C%AB%E7%9C%9F%E9%A2%98%E8%AF%95%E5%8D%B7/Word_PDF/%E9%AB%98%E4%BA%8C%E8%8B%B1%E8%AF%AD_%E7%AC%AC%E4%B8%80%E5%AD%A6%E6%9C%9F%E6%9C%9F%E6%9C%AB%E6%95%99%E5%AD%A6%E8%B4%A8%E9%87%8F%E7%9B%91%E6%B5%8B_%E8%B4%A8%E9%87%8F%E7%9B%91%E6%B5%8BB%E5%8D%B7.docx
高中,高二,英语,试卷Word,高二英语_第一学期期末质量检测_期末质量检测A卷,https://chenzhuanxin.github.io/xianning-teaching-resources/%E4%BA%A4%E4%BB%98%E7%89%A9/03_%E6%9C%9F%E6%9C%AB%E7%9C%9F%E9%A2%98%E8%AF%95%E5%8D%B7/Word_PDF/%E9%AB%98%E4%BA%8C%E8%8B%B1%E8%AF%AD_%E7%AC%AC%E4%B8%80%E5%AD%A6%E6%9C%9F%E6%9C%9F%E6%9C%AB%E8%B4%A8%E9%87%8F%E6%A3%80%E6%B5%8B_%E6%9C%9F%E6%9C%AB%E8%B4%A8%E9%87%8F%E6%A3%80%E6%B5%8BA%E5%8D%B7.docx
高中,高二,英语,试卷Word,高二英语_第二学期期末综合能力测试_综合能力D卷,https://chenzhuanxin.github.io/xianning-teaching-resources/%E4%BA%A4%E4%BB%98%E7%89%A9/03_%E6%9C%9F%E6%9C%AB%E7%9C%9F%E9%A2%98%E8%AF%95%E5%8D%B7/Word_PDF/%E9%AB%98%E4%BA%8C%E8%8B%B1%E8%AF%AD_%E7%AC%AC%E4%BA%8C%E5%AD%A6%E6%9C%9F%E6%9C%9F%E6%9C%AB%E7%BB%BC%E5%90%88%E8%83%BD%E5%8A%9B%E6%B5%8B%E8%AF%95_%E7%BB%BC%E5%90%88%E8%83%BD%E5%8A%9BD%E5%8D%B7.docx
高中,高二,英语,试卷Word,高二英语_第二学期期末质量检测_期末质量检测C卷,https://chenzhuanxin.github.io/xianning-teaching-resources/%E4%BA%A4%E4%BB%98%E7%89%A9/03_%E6%9C%9F%E6%9C%AB%E7%9C%9F%E9%A2%98%E8%AF%95%E5%8D%B7/Word_PDF/%E9%AB%98%E4%BA%8C%E8%8B%B1%E8%AF%AD_%E7%AC%AC%E4%BA%8C%E5%AD%A6%E6%9C%9F%E6%9C%9F%E6%9C%AB%E8%B4%A8%E9%87%8F%E6%A3%80%E6%B5%8B_%E6%9C%9F%E6%9C%AB%E8%B4%A8%E9%87%8F%E6%A3%80%E6%B5%8BC%E5%8D%B7.docx
高中,高二,思想政治,试卷Word,高二思想政治_学年度期末学业水平测试_学业水平E卷,https://chenzhuanxin.github.io/xianning-teaching-resources/%E4%BA%A4%E4%BB%98%E7%89%A9/03_%E6%9C%9F%E6%9C%AB%E7%9C%9F%E9%A2%98%E8%AF%95%E5%8D%B7/Word_PDF/%E9%AB%98%E4%BA%8C%E6%80%9D%E6%83%B3%E6%94%BF%E6%B2%BB_%E5%AD%A6%E5%B9%B4%E5%BA%A6%E6%9C%9F%E6%9C%AB%E5%AD%A6%E4%B8%9A%E6%B0%B4%E5%B9%B3%E6%B5%8B%E8%AF%95_%E5%AD%A6%E4%B8%9A%E6%B0%B4%E5%B9%B3E%E5%8D%B7.docx
高中,高二,思想政治,试卷Word,高二思想政治_第一学期期末教学质量监测_质量监测B卷,https://chenzhuanxin.github.io/xianning-teaching-resources/%E4%BA%A4%E4%BB%98%E7%89%A9/03_%E6%9C%9F%E6%9C%AB%E7%9C%9F%E9%A2%98%E8%AF%95%E5%8D%B7/Word_PDF/%E9%AB%98%E4%BA%8C%E6%80%9D%E6%83%B3%E6%94%BF%E6%B2%BB_%E7%AC%AC%E4%B8%80%E5%AD%A6%E6%9C%9F%E6%9C%9F%E6%9C%AB%E6%95%99%E5%AD%A6%E8%B4%A8%E9%87%8F%E7%9B%91%E6%B5%8B_%E8%B4%A8%E9%87%8F%E7%9B%91%E6%B5%8BB%E5%8D%B7.docx
高中,高二,思想政治,试卷Word,高二思想政治_第一学期期末质量检测_期末质量检测A卷,https://chenzhuanxin.github.io/xianning-teaching-resources/%E4%BA%A4%E4%BB%98%E7%89%A9/03_%E6%9C%9F%E6%9C%AB%E7%9C%9F%E9%A2%98%E8%AF%95%E5%8D%B7/Word_PDF/%E9%AB%98%E4%BA%8C%E6%80%9D%E6%83%B3%E6%94%BF%E6%B2%BB_%E7%AC%AC%E4%B8%80%E5%AD%A6%E6%9C%9F%E6%9C%9F%E6%9C%AB%E8%B4%A8%E9%87%8F%E6%A3%80%E6%B5%8B_%E6%9C%9F%E6%9C%AB%E8%B4%A8%E9%87%8F%E6%A3%80%E6%B5%8BA%E5%8D%B7.docx
高中,高二,思想政治,试卷Word,高二思想政治_第二学期期末综合能力测试_综合能力D卷,https://chenzhuanxin.github.io/xianning-teaching-resources/%E4%BA%A4%E4%BB%98%E7%89%A9/03_%E6%9C%9F%E6%9C%AB%E7%9C%9F%E9%A2%98%E8%AF%95%E5%8D%B7/Word_PDF/%E9%AB%98%E4%BA%8C%E6%80%9D%E6%83%B3%E6%94%BF%E6%B2%BB_%E7%AC%AC%E4%BA%8C%E5%AD%A6%E6%9C%9F%E6%9C%9F%E6%9C%AB%E7%BB%BC%E5%90%88%E8%83%BD%E5%8A%9B%E6%B5%8B%E8%AF%95_%E7%BB%BC%E5%90%88%E8%83%BD%E5%8A%9BD%E5%8D%B7.docx
高中,高二,思想政治,试卷Word,高二思想政治_第二学期期末质量检测_期末质量检测C卷,https://chenzhuanxin.github.io/xianning-teaching-resources/%E4%BA%A4%E4%BB%98%E7%89%A9/03_%E6%9C%9F%E6%9C%AB%E7%9C%9F%E9%A2%98%E8%AF%95%E5%8D%B7/Word_PDF/%E9%AB%98%E4%BA%8C%E6%80%9D%E6%83%B3%E6%94%BF%E6%B2%BB_%E7%AC%AC%E4%BA%8C%E5%AD%A6%E6%9C%9F%E6%9C%9F%E6%9C%AB%E8%B4%A8%E9%87%8F%E6%A3%80%E6%B5%8B_%E6%9C%9F%E6%9C%AB%E8%B4%A8%E9%87%8F%E6%A3%80%E6%B5%8BC%E5%8D%B7.docx
高中,高二,物理,试卷Word,高二物理_学年度期末学业水平测试_学业水平E卷,https://chenzhuanxin.github.io/xianning-teaching-resources/%E4%BA%A4%E4%BB%98%E7%89%A9/03_%E6%9C%9F%E6%9C%AB%E7%9C%9F%E9%A2%98%E8%AF%95%E5%8D%B7/Word_PDF/%E9%AB%98%E4%BA%8C%E7%89%A9%E7%90%86_%E5%AD%A6%E5%B9%B4%E5%BA%A6%E6%9C%9F%E6%9C%AB%E5%AD%A6%E4%B8%9A%E6%B0%B4%E5%B9%B3%E6%B5%8B%E8%AF%95_%E5%AD%A6%E4%B8%9A%E6%B0%B4%E5%B9%B3E%E5%8D%B7.docx
高中,高二,物理,试卷Word,高二物理_第一学期期末教学质量监测_质量监测B卷,https://chenzhuanxin.github.io/xianning-teaching-resources/%E4%BA%A4%E4%BB%98%E7%89%A9/03_%E6%9C%9F%E6%9C%AB%E7%9C%9F%E9%A2%98%E8%AF%95%E5%8D%B7/Word_PDF/%E9%AB%98%E4%BA%8C%E7%89%A9%E7%90%86_%E7%AC%AC%E4%B8%80%E5%AD%A6%E6%9C%9F%E6%9C%9F%E6%9C%AB%E6%95%99%E5%AD%A6%E8%B4%A8%E9%87%8F%E7%9B%91%E6%B5%8B_%E8%B4%A8%E9%87%8F%E7%9B%91%E6%B5%8BB%E5%8D%B7.docx
高中,高二,物理,试卷Word,高二物理_第一学期期末质量检测_期末质量检测A卷,https://chenzhuanxin.github.io/xianning-teaching-resources/%E4%BA%A4%E4%BB%98%E7%89%A9/03_%E6%9C%9F%E6%9C%AB%E7%9C%9F%E9%A2%98%E8%AF%95%E5%8D%B7/Word_PDF/%E9%AB%98%E4%BA%8C%E7%89%A9%E7%90%86_%E7%AC%AC%E4%B8%80%E5%AD%A6%E6%9C%9F%E6%9C%9F%E6%9C%AB%E8%B4%A8%E9%87%8F%E6%A3%80%E6%B5%8B_%E6%9C%9F%E6%9C%AB%E8%B4%A8%E9%87%8F%E6%A3%80%E6%B5%8BA%E5%8D%B7.docx
高中,高二,物理,试卷Word,高二物理_第二学期期末综合能力测试_综合能力D卷,https://chenzhuanxin.github.io/xianning-teaching-resources/%E4%BA%A4%E4%BB%98%E7%89%A9/03_%E6%9C%9F%E6%9C%AB%E7%9C%9F%E9%A2%98%E8%AF%95%E5%8D%B7/Word_PDF/%E9%AB%98%E4%BA%8C%E7%89%A9%E7%90%86_%E7%AC%AC%E4%BA%8C%E5%AD%A6%E6%9C%9F%E6%9C%9F%E6%9C%AB%E7%BB%BC%E5%90%88%E8%83%BD%E5%8A%9B%E6%B5%8B%E8%AF%95_%E7%BB%BC%E5%90%88%E8%83%BD%E5%8A%9BD%E5%8D%B7.docx
高中,高二,物理,试卷Word,高二物理_第二学期期末质量检测_期末质量检测C卷,https://chenzhuanxin.github.io/xianning-teaching-resources/%E4%BA%A4%E4%BB%98%E7%89%A9/03_%E6%9C%9F%E6%9C%AB%E7%9C%9F%E9%A2%98%E8%AF%95%E5%8D%B7/Word_PDF/%E9%AB%98%E4%BA%8C%E7%89%A9%E7%90%86_%E7%AC%AC%E4%BA%8C%E5%AD%A6%E6%9C%9F%E6%9C%9F%E6%9C%AB%E8%B4%A8%E9%87%8F%E6%A3%80%E6%B5%8B_%E6%9C%9F%E6%9C%AB%E8%B4%A8%E9%87%8F%E6%A3%80%E6%B5%8BC%E5%8D%B7.docx
高中,高二,化学,试卷Word,高二化学_学年度期末学业水平测试_学业水平E卷,https://chenzhuanxin.github.io/xianning-teaching-resources/%E4%BA%A4%E4%BB%98%E7%89%A9/03_%E6%9C%9F%E6%9C%AB%E7%9C%9F%E9%A2%98%E8%AF%95%E5%8D%B7/Word_PDF/%E9%AB%98%E4%BA%8C%E5%8C%96%E5%AD%A6_%E5%AD%A6%E5%B9%B4%E5%BA%A6%E6%9C%9F%E6%9C%AB%E5%AD%A6%E4%B8%9A%E6%B0%B4%E5%B9%B3%E6%B5%8B%E8%AF%95_%E5%AD%A6%E4%B8%9A%E6%B0%B4%E5%B9%B3E%E5%8D%B7.docx
高中,高二,化学,试卷Word,高二化学_第一学期期末教学质量监测_质量监测B卷,https://chenzhuanxin.github.io/xianning-teaching-resources/%E4%BA%A4%E4%BB%98%E7%89%A9/03_%E6%9C%9F%E6%9C%AB%E7%9C%9F%E9%A2%98%E8%AF%95%E5%8D%B7/Word_PDF/%E9%AB%98%E4%BA%8C%E5%8C%96%E5%AD%A6_%E7%AC%AC%E4%B8%80%E5%AD%A6%E6%9C%9F%E6%9C%9F%E6%9C%AB%E6%95%99%E5%AD%A6%E8%B4%A8%E9%87%8F%E7%9B%91%E6%B5%8B_%E8%B4%A8%E9%87%8F%E7%9B%91%E6%B5%8BB%E5%8D%B7.docx
高中,高二,化学,试卷Word,高二化学_第一学期期末质量检测_期末质量检测A卷,https://chenzhuanxin.github.io/xianning-teaching-resources/%E4%BA%A4%E4%BB%98%E7%89%A9/03_%E6%9C%9F%E6%9C%AB%E7%9C%9F%E9%A2%98%E8%AF%95%E5%8D%B7/Word_PDF/%E9%AB%98%E4%BA%8C%E5%8C%96%E5%AD%A6_%E7%AC%AC%E4%B8%80%E5%AD%A6%E6%9C%9F%E6%9C%9F%E6%9C%AB%E8%B4%A8%E9%87%8F%E6%A3%80%E6%B5%8B_%E6%9C%9F%E6%9C%AB%E8%B4%A8%E9%87%8F%E6%A3%80%E6%B5%8BA%E5%8D%B7.docx
高中,高二,化学,试卷Word,高二化学_第二学期期末综合能力测试_综合能力D卷,https://chenzhuanxin.github.io/xianning-teaching-resources/%E4%BA%A4%E4%BB%98%E7%89%A9/03_%E6%9C%9F%E6%9C%AB%E7%9C%9F%E9%A2%98%E8%AF%95%E5%8D%B7/Word_PDF/%E9%AB%98%E4%BA%8C%E5%8C%96%E5%AD%A6_%E7%AC%AC%E4%BA%8C%E5%AD%A6%E6%9C%9F%E6%9C%9F%E6%9C%AB%E7%BB%BC%E5%90%88%E8%83%BD%E5%8A%9B%E6%B5%8B%E8%AF%95_%E7%BB%BC%E5%90%88%E8%83%BD%E5%8A%9BD%E5%8D%B7.docx
高中,高二,化学,试卷Word,高二化学_第二学期期末质量检测_期末质量检测C卷,https://chenzhuanxin.github.io/xianning-teaching-resources/%E4%BA%A4%E4%BB%98%E7%89%A9/03_%E6%9C%9F%E6%9C%AB%E7%9C%9F%E9%A2%98%E8%AF%95%E5%8D%B7/Word_PDF/%E9%AB%98%E4%BA%8C%E5%8C%96%E5%AD%A6_%E7%AC%AC%E4%BA%8C%E5%AD%A6%E6%9C%9F%E6%9C%9F%E6%9C%AB%E8%B4%A8%E9%87%8F%E6%A3%80%E6%B5%8B_%E6%9C%9F%E6%9C%AB%E8%B4%A8%E9%87%8F%E6%A3%80%E6%B5%8BC%E5%8D%B7.docx
高中,高二,生物,试卷Word,高二生物_学年度期末学业水平测试_学业水平E卷,https://chenzhuanxin.github.io/xianning-teaching-resources/%E4%BA%A4%E4%BB%98%E7%89%A9/03_%E6%9C%9F%E6%9C%AB%E7%9C%9F%E9%A2%98%E8%AF%95%E5%8D%B7/Word_PDF/%E9%AB%98%E4%BA%8C%E7%94%9F%E7%89%A9_%E5%AD%A6%E5%B9%B4%E5%BA%A6%E6%9C%9F%E6%9C%AB%E5%AD%A6%E4%B8%9A%E6%B0%B4%E5%B9%B3%E6%B5%8B%E8%AF%95_%E5%AD%A6%E4%B8%9A%E6%B0%B4%E5%B9%B3E%E5%8D%B7.docx
高中,高二,生物,试卷Word,高二生物_第一学期期末教学质量监测_质量监测B卷,https://chenzhuanxin.github.io/xianning-teaching-resources/%E4%BA%A4%E4%BB%98%E7%89%A9/03_%E6%9C%9F%E6%9C%AB%E7%9C%9F%E9%A2%98%E8%AF%95%E5%8D%B7/Word_PDF/%E9%AB%98%E4%BA%8C%E7%94%9F%E7%89%A9_%E7%AC%AC%E4%B8%80%E5%AD%A6%E6%9C%9F%E6%9C%9F%E6%9C%AB%E6%95%99%E5%AD%A6%E8%B4%A8%E9%87%8F%E7%9B%91%E6%B5%8B_%E8%B4%A8%E9%87%8F%E7%9B%91%E6%B5%8BB%E5%8D%B7.docx
高中,高二,生物,试卷Word,高二生物_第一学期期末质量检测_期末质量检测A卷,https://chenzhuanxin.github.io/xianning-teaching-resources/%E4%BA%A4%E4%BB%98%E7%89%A9/03_%E6%9C%9F%E6%9C%AB%E7%9C%9F%E9%A2%98%E8%AF%95%E5%8D%B7/Word_PDF/%E9%AB%98%E4%BA%8C%E7%94%9F%E7%89%A9_%E7%AC%AC%E4%B8%80%E5%AD%A6%E6%9C%9F%E6%9C%9F%E6%9C%AB%E8%B4%A8%E9%87%8F%E6%A3%80%E6%B5%8B_%E6%9C%9F%E6%9C%AB%E8%B4%A8%E9%87%8F%E6%A3%80%E6%B5%8BA%E5%8D%B7.docx
高中,高二,生物,试卷Word,高二生物_第二学期期末综合能力测试_综合能力D卷,https://chenzhuanxin.github.io/xianning-teaching-resources/%E4%BA%A4%E4%BB%98%E7%89%A9/03_%E6%9C%9F%E6%9C%AB%E7%9C%9F%E9%A2%98%E8%AF%95%E5%8D%B7/Word_PDF/%E9%AB%98%E4%BA%8C%E7%94%9F%E7%89%A9_%E7%AC%AC%E4%BA%8C%E5%AD%A6%E6%9C%9F%E6%9C%9F%E6%9C%AB%E7%BB%BC%E5%90%88%E8%83%BD%E5%8A%9B%E6%B5%8B%E8%AF%95_%E7%BB%BC%E5%90%88%E8%83%BD%E5%8A%9BD%E5%8D%B7.docx
高中,高二,生物,试卷Word,高二生物_第二学期期末质量检测_期末质量检测C卷,https://chenzhuanxin.github.io/xianning-teaching-resources/%E4%BA%A4%E4%BB%98%E7%89%A9/03_%E6%9C%9F%E6%9C%AB%E7%9C%9F%E9%A2%98%E8%AF%95%E5%8D%B7/Word_PDF/%E9%AB%98%E4%BA%8C%E7%94%9F%E7%89%A9_%E7%AC%AC%E4%BA%8C%E5%AD%A6%E6%9C%9F%E6%9C%9F%E6%9C%AB%E8%B4%A8%E9%87%8F%E6%A3%80%E6%B5%8B_%E6%9C%9F%E6%9C%AB%E8%B4%A8%E9%87%8F%E6%A3%80%E6%B5%8BC%E5%8D%B7.docx
高中,高二,历史,试卷Word,高二历史_学年度期末学业水平测试_学业水平E卷,https://chenzhuanxin.github.io/xianning-teaching-resources/%E4%BA%A4%E4%BB%98%E7%89%A9/03_%E6%9C%9F%E6%9C%AB%E7%9C%9F%E9%A2%98%E8%AF%95%E5%8D%B7/Word_PDF/%E9%AB%98%E4%BA%8C%E5%8E%86%E5%8F%B2_%E5%AD%A6%E5%B9%B4%E5%BA%A6%E6%9C%9F%E6%9C%AB%E5%AD%A6%E4%B8%9A%E6%B0%B4%E5%B9%B3%E6%B5%8B%E8%AF%95_%E5%AD%A6%E4%B8%9A%E6%B0%B4%E5%B9%B3E%E5%8D%B7.docx
高中,高二,历史,试卷Word,高二历史_第一学期期末教学质量监测_质量监测B卷,https://chenzhuanxin.github.io/xianning-teaching-resources/%E4%BA%A4%E4%BB%98%E7%89%A9/03_%E6%9C%9F%E6%9C%AB%E7%9C%9F%E9%A2%98%E8%AF%95%E5%8D%B7/Word_PDF/%E9%AB%98%E4%BA%8C%E5%8E%86%E5%8F%B2_%E7%AC%AC%E4%B8%80%E5%AD%A6%E6%9C%9F%E6%9C%9F%E6%9C%AB%E6%95%99%E5%AD%A6%E8%B4%A8%E9%87%8F%E7%9B%91%E6%B5%8B_%E8%B4%A8%E9%87%8F%E7%9B%91%E6%B5%8BB%E5%8D%B7.docx
高中,高二,历史,试卷Word,高二历史_第一学期期末质量检测_期末质量检测A卷,https://chenzhuanxin.github.io/xianning-teaching-resources/%E4%BA%A4%E4%BB%98%E7%89%A9/03_%E6%9C%9F%E6%9C%AB%E7%9C%9F%E9%A2%98%E8%AF%95%E5%8D%B7/Word_PDF/%E9%AB%98%E4%BA%8C%E5%8E%86%E5%8F%B2_%E7%AC%AC%E4%B8%80%E5%AD%A6%E6%9C%9F%E6%9C%9F%E6%9C%AB%E8%B4%A8%E9%87%8F%E6%A3%80%E6%B5%8B_%E6%9C%9F%E6%9C%AB%E8%B4%A8%E9%87%8F%E6%A3%80%E6%B5%8BA%E5%8D%B7.docx
高中,高二,历史,试卷Word,高二历史_第二学期期末综合能力测试_综合能力D卷,https://chenzhuanxin.github.io/xianning-teaching-resources/%E4%BA%A4%E4%BB%98%E7%89%A9/03_%E6%9C%9F%E6%9C%AB%E7%9C%9F%E9%A2%98%E8%AF%95%E5%8D%B7/Word_PDF/%E9%AB%98%E4%BA%8C%E5%8E%86%E5%8F%B2_%E7%AC%AC%E4%BA%8C%E5%AD%A6%E6%9C%9F%E6%9C%9F%E6%9C%AB%E7%BB%BC%E5%90%88%E8%83%BD%E5%8A%9B%E6%B5%8B%E8%AF%95_%E7%BB%BC%E5%90%88%E8%83%BD%E5%8A%9BD%E5%8D%B7.docx
高中,高二,历史,试卷Word,高二历史_第二学期期末质量检测_期末质量检测C卷,https://chenzhuanxin.github.io/xianning-teaching-resources/%E4%BA%A4%E4%BB%98%E7%89%A9/03_%E6%9C%9F%E6%9C%AB%E7%9C%9F%E9%A2%98%E8%AF%95%E5%8D%B7/Word_PDF/%E9%AB%98%E4%BA%8C%E5%8E%86%E5%8F%B2_%E7%AC%AC%E4%BA%8C%E5%AD%A6%E6%9C%9F%E6%9C%9F%E6%9C%AB%E8%B4%A8%E9%87%8F%E6%A3%80%E6%B5%8B_%E6%9C%9F%E6%9C%AB%E8%B4%A8%E9%87%8F%E6%A3%80%E6%B5%8BC%E5%8D%B7.docx
高中,高二,地理,试卷Word,高二地理_学年度期末学业水平测试_学业水平E卷,https://chenzhuanxin.github.io/xianning-teaching-resources/%E4%BA%A4%E4%BB%98%E7%89%A9/03_%E6%9C%9F%E6%9C%AB%E7%9C%9F%E9%A2%98%E8%AF%95%E5%8D%B7/Word_PDF/%E9%AB%98%E4%BA%8C%E5%9C%B0%E7%90%86_%E5%AD%A6%E5%B9%B4%E5%BA%A6%E6%9C%9F%E6%9C%AB%E5%AD%A6%E4%B8%9A%E6%B0%B4%E5%B9%B3%E6%B5%8B%E8%AF%95_%E5%AD%A6%E4%B8%9A%E6%B0%B4%E5%B9%B3E%E5%8D%B7.docx
高中,高二,地理,试卷Word,高二地理_第一学期期末教学质量监测_质量监测B卷,https://chenzhuanxin.github.io/xianning-teaching-resources/%E4%BA%A4%E4%BB%98%E7%89%A9/03_%E6%9C%9F%E6%9C%AB%E7%9C%9F%E9%A2%98%E8%AF%95%E5%8D%B7/Word_PDF/%E9%AB%98%E4%BA%8C%E5%9C%B0%E7%90%86_%E7%AC%AC%E4%B8%80%E5%AD%A6%E6%9C%9F%E6%9C%9F%E6%9C%AB%E6%95%99%E5%AD%A6%E8%B4%A8%E9%87%8F%E7%9B%91%E6%B5%8B_%E8%B4%A8%E9%87%8F%E7%9B%91%E6%B5%8BB%E5%8D%B7.docx
高中,高二,地理,试卷Word,高二地理_第一学期期末质量检测_期末质量检测A卷,https://chenzhuanxin.github.io/xianning-teaching-resources/%E4%BA%A4%E4%BB%98%E7%89%A9/03_%E6%9C%9F%E6%9C%AB%E7%9C%9F%E9%A2%98%E8%AF%95%E5%8D%B7/Word_PDF/%E9%AB%98%E4%BA%8C%E5%9C%B0%E7%90%86_%E7%AC%AC%E4%B8%80%E5%AD%A6%E6%9C%9F%E6%9C%9F%E6%9C%AB%E8%B4%A8%E9%87%8F%E6%A3%80%E6%B5%8B_%E6%9C%9F%E6%9C%AB%E8%B4%A8%E9%87%8F%E6%A3%80%E6%B5%8BA%E5%8D%B7.docx
高中,高二,地理,试卷Word,高二地理_第二学期期末综合能力测试_综合能力D卷,https://chenzhuanxin.github.io/xianning-teaching-resources/%E4%BA%A4%E4%BB%98%E7%89%A9/03_%E6%9C%9F%E6%9C%AB%E7%9C%9F%E9%A2%98%E8%AF%95%E5%8D%B7/Word_PDF/%E9%AB%98%E4%BA%8C%E5%9C%B0%E7%90%86_%E7%AC%AC%E4%BA%8C%E5%AD%A6%E6%9C%9F%E6%9C%9F%E6%9C%AB%E7%BB%BC%E5%90%88%E8%83%BD%E5%8A%9B%E6%B5%8B%E8%AF%95_%E7%BB%BC%E5%90%88%E8%83%BD%E5%8A%9BD%E5%8D%B7.docx
高中,高二,地理,试卷Word,高二地理_第二学期期末质量检测_期末质量检测C卷,https://chenzhuanxin.github.io/xianning-teaching-resources/%E4%BA%A4%E4%BB%98%E7%89%A9/03_%E6%9C%9F%E6%9C%AB%E7%9C%9F%E9%A2%98%E8%AF%95%E5%8D%B7/Word_PDF/%E9%AB%98%E4%BA%8C%E5%9C%B0%E7%90%86_%E7%AC%AC%E4%BA%8C%E5%AD%A6%E6%9C%9F%E6%9C%9F%E6%9C%AB%E8%B4%A8%E9%87%8F%E6%A3%80%E6%B5%8B_%E6%9C%9F%E6%9C%AB%E8%B4%A8%E9%87%8F%E6%A3%80%E6%B5%8BC%E5%8D%B7.docx
高中,高三,语文,试卷Word,高三语文_学年度期末学业水平测试_学业水平E卷,https://chenzhuanxin.github.io/xianning-teaching-resources/%E4%BA%A4%E4%BB%98%E7%89%A9/03_%E6%9C%9F%E6%9C%AB%E7%9C%9F%E9%A2%98%E8%AF%95%E5%8D%B7/Word_PDF/%E9%AB%98%E4%B8%89%E8%AF%AD%E6%96%87_%E5%AD%A6%E5%B9%B4%E5%BA%A6%E6%9C%9F%E6%9C%AB%E5%AD%A6%E4%B8%9A%E6%B0%B4%E5%B9%B3%E6%B5%8B%E8%AF%95_%E5%AD%A6%E4%B8%9A%E6%B0%B4%E5%B9%B3E%E5%8D%B7.docx
高中,高三,语文,试卷Word,高三语文_第一学期期末教学质量监测_质量监测B卷,https://chenzhuanxin.github.io/xianning-teaching-resources/%E4%BA%A4%E4%BB%98%E7%89%A9/03_%E6%9C%9F%E6%9C%AB%E7%9C%9F%E9%A2%98%E8%AF%95%E5%8D%B7/Word_PDF/%E9%AB%98%E4%B8%89%E8%AF%AD%E6%96%87_%E7%AC%AC%E4%B8%80%E5%AD%A6%E6%9C%9F%E6%9C%9F%E6%9C%AB%E6%95%99%E5%AD%A6%E8%B4%A8%E9%87%8F%E7%9B%91%E6%B5%8B_%E8%B4%A8%E9%87%8F%E7%9B%91%E6%B5%8BB%E5%8D%B7.docx
高中,高三,语文,试卷Word,高三语文_第一学期期末质量检测_期末质量检测A卷,https://chenzhuanxin.github.io/xianning-teaching-resources/%E4%BA%A4%E4%BB%98%E7%89%A9/03_%E6%9C%9F%E6%9C%AB%E7%9C%9F%E9%A2%98%E8%AF%95%E5%8D%B7/Word_PDF/%E9%AB%98%E4%B8%89%E8%AF%AD%E6%96%87_%E7%AC%AC%E4%B8%80%E5%AD%A6%E6%9C%9F%E6%9C%9F%E6%9C%AB%E8%B4%A8%E9%87%8F%E6%A3%80%E6%B5%8B_%E6%9C%9F%E6%9C%AB%E8%B4%A8%E9%87%8F%E6%A3%80%E6%B5%8BA%E5%8D%B7.docx
高中,高三,语文,试卷Word,高三语文_第二学期期末综合能力测试_综合能力D卷,https://chenzhuanxin.github.io/xianning-teaching-resources/%E4%BA%A4%E4%BB%98%E7%89%A9/03_%E6%9C%9F%E6%9C%AB%E7%9C%9F%E9%A2%98%E8%AF%95%E5%8D%B7/Word_PDF/%E9%AB%98%E4%B8%89%E8%AF%AD%E6%96%87_%E7%AC%AC%E4%BA%8C%E5%AD%A6%E6%9C%9F%E6%9C%9F%E6%9C%AB%E7%BB%BC%E5%90%88%E8%83%BD%E5%8A%9B%E6%B5%8B%E8%AF%95_%E7%BB%BC%E5%90%88%E8%83%BD%E5%8A%9BD%E5%8D%B7.docx
高中,高三,语文,试卷Word,高三语文_第二学期期末质量检测_期末质量检测C卷,https://chenzhuanxin.github.io/xianning-teaching-resources/%E4%BA%A4%E4%BB%98%E7%89%A9/03_%E6%9C%9F%E6%9C%AB%E7%9C%9F%E9%A2%98%E8%AF%95%E5%8D%B7/Word_PDF/%E9%AB%98%E4%B8%89%E8%AF%AD%E6%96%87_%E7%AC%AC%E4%BA%8C%E5%AD%A6%E6%9C%9F%E6%9C%9F%E6%9C%AB%E8%B4%A8%E9%87%8F%E6%A3%80%E6%B5%8B_%E6%9C%9F%E6%9C%AB%E8%B4%A8%E9%87%8F%E6%A3%80%E6%B5%8BC%E5%8D%B7.docx
高中,高三,数学,试卷Word,高三数学_学年度期末学业水平测试_学业水平E卷,https://chenzhuanxin.github.io/xianning-teaching-resources/%E4%BA%A4%E4%BB%98%E7%89%A9/03_%E6%9C%9F%E6%9C%AB%E7%9C%9F%E9%A2%98%E8%AF%95%E5%8D%B7/Word_PDF/%E9%AB%98%E4%B8%89%E6%95%B0%E5%AD%A6_%E5%AD%A6%E5%B9%B4%E5%BA%A6%E6%9C%9F%E6%9C%AB%E5%AD%A6%E4%B8%9A%E6%B0%B4%E5%B9%B3%E6%B5%8B%E8%AF%95_%E5%AD%A6%E4%B8%9A%E6%B0%B4%E5%B9%B3E%E5%8D%B7.docx
高中,高三,数学,试卷Word,高三数学_第一学期期末教学质量监测_质量监测B卷,https://chenzhuanxin.github.io/xianning-teaching-resources/%E4%BA%A4%E4%BB%98%E7%89%A9/03_%E6%9C%9F%E6%9C%AB%E7%9C%9F%E9%A2%98%E8%AF%95%E5%8D%B7/Word_PDF/%E9%AB%98%E4%B8%89%E6%95%B0%E5%AD%A6_%E7%AC%AC%E4%B8%80%E5%AD%A6%E6%9C%9F%E6%9C%9F%E6%9C%AB%E6%95%99%E5%AD%A6%E8%B4%A8%E9%87%8F%E7%9B%91%E6%B5%8B_%E8%B4%A8%E9%87%8F%E7%9B%91%E6%B5%8BB%E5%8D%B7.docx
高中,高三,数学,试卷Word,高三数学_第一学期期末质量检测_期末质量检测A卷,https://chenzhuanxin.github.io/xianning-teaching-resources/%E4%BA%A4%E4%BB%98%E7%89%A9/03_%E6%9C%9F%E6%9C%AB%E7%9C%9F%E9%A2%98%E8%AF%95%E5%8D%B7/Word_PDF/%E9%AB%98%E4%B8%89%E6%95%B0%E5%AD%A6_%E7%AC%AC%E4%B8%80%E5%AD%A6%E6%9C%9F%E6%9C%9F%E6%9C%AB%E8%B4%A8%E9%87%8F%E6%A3%80%E6%B5%8B_%E6%9C%9F%E6%9C%AB%E8%B4%A8%E9%87%8F%E6%A3%80%E6%B5%8BA%E5%8D%B7.docx
高中,高三,数学,试卷Word,高三数学_第二学期期末综合能力测试_综合能力D卷,https://chenzhuanxin.github.io/xianning-teaching-resources/%E4%BA%A4%E4%BB%98%E7%89%A9/03_%E6%9C%9F%E6%9C%AB%E7%9C%9F%E9%A2%98%E8%AF%95%E5%8D%B7/Word_PDF/%E9%AB%98%E4%B8%89%E6%95%B0%E5%AD%A6_%E7%AC%AC%E4%BA%8C%E5%AD%A6%E6%9C%9F%E6%9C%9F%E6%9C%AB%E7%BB%BC%E5%90%88%E8%83%BD%E5%8A%9B%E6%B5%8B%E8%AF%95_%E7%BB%BC%E5%90%88%E8%83%BD%E5%8A%9BD%E5%8D%B7.docx
高中,高三,数学,试卷Word,高三数学_第二学期期末质量检测_期末质量检测C卷,https://chenzhuanxin.github.io/xianning-teaching-resources/%E4%BA%A4%E4%BB%98%E7%89%A9/03_%E6%9C%9F%E6%9C%AB%E7%9C%9F%E9%A2%98%E8%AF%95%E5%8D%B7/Word_PDF/%E9%AB%98%E4%B8%89%E6%95%B0%E5%AD%A6_%E7%AC%AC%E4%BA%8C%E5%AD%A6%E6%9C%9F%E6%9C%9F%E6%9C%AB%E8%B4%A8%E9%87%8F%E6%A3%80%E6%B5%8B_%E6%9C%9F%E6%9C%AB%E8%B4%A8%E9%87%8F%E6%A3%80%E6%B5%8BC%E5%8D%B7.docx
高中,高三,英语,试卷Word,高三英语_学年度期末学业水平测试_学业水平E卷,https://chenzhuanxin.github.io/xianning-teaching-resources/%E4%BA%A4%E4%BB%98%E7%89%A9/03_%E6%9C%9F%E6%9C%AB%E7%9C%9F%E9%A2%98%E8%AF%95%E5%8D%B7/Word_PDF/%E9%AB%98%E4%B8%89%E8%8B%B1%E8%AF%AD_%E5%AD%A6%E5%B9%B4%E5%BA%A6%E6%9C%9F%E6%9C%AB%E5%AD%A6%E4%B8%9A%E6%B0%B4%E5%B9%B3%E6%B5%8B%E8%AF%95_%E5%AD%A6%E4%B8%9A%E6%B0%B4%E5%B9%B3E%E5%8D%B7.docx
高中,高三,英语,试卷Word,高三英语_第一学期期末教学质量监测_质量监测B卷,https://chenzhuanxin.github.io/xianning-teaching-resources/%E4%BA%A4%E4%BB%98%E7%89%A9/03_%E6%9C%9F%E6%9C%AB%E7%9C%9F%E9%A2%98%E8%AF%95%E5%8D%B7/Word_PDF/%E9%AB%98%E4%B8%89%E8%8B%B1%E8%AF%AD_%E7%AC%AC%E4%B8%80%E5%AD%A6%E6%9C%9F%E6%9C%9F%E6%9C%AB%E6%95%99%E5%AD%A6%E8%B4%A8%E9%87%8F%E7%9B%91%E6%B5%8B_%E8%B4%A8%E9%87%8F%E7%9B%91%E6%B5%8BB%E5%8D%B7.docx
高中,高三,英语,试卷Word,高三英语_第一学期期末质量检测_期末质量检测A卷,https://chenzhuanxin.github.io/xianning-teaching-resources/%E4%BA%A4%E4%BB%98%E7%89%A9/03_%E6%9C%9F%E6%9C%AB%E7%9C%9F%E9%A2%98%E8%AF%95%E5%8D%B7/Word_PDF/%E9%AB%98%E4%B8%89%E8%8B%B1%E8%AF%AD_%E7%AC%AC%E4%B8%80%E5%AD%A6%E6%9C%9F%E6%9C%9F%E6%9C%AB%E8%B4%A8%E9%87%8F%E6%A3%80%E6%B5%8B_%E6%9C%9F%E6%9C%AB%E8%B4%A8%E9%87%8F%E6%A3%80%E6%B5%8BA%E5%8D%B7.docx
高中,高三,英语,试卷Word,高三英语_第二学期期末综合能力测试_综合能力D卷,https://chenzhuanxin.github.io/xianning-teaching-resources/%E4%BA%A4%E4%BB%98%E7%89%A9/03_%E6%9C%9F%E6%9C%AB%E7%9C%9F%E9%A2%98%E8%AF%95%E5%8D%B7/Word_PDF/%E9%AB%98%E4%B8%89%E8%8B%B1%E8%AF%AD_%E7%AC%AC%E4%BA%8C%E5%AD%A6%E6%9C%9F%E6%9C%9F%E6%9C%AB%E7%BB%BC%E5%90%88%E8%83%BD%E5%8A%9B%E6%B5%8B%E8%AF%95_%E7%BB%BC%E5%90%88%E8%83%BD%E5%8A%9BD%E5%8D%B7.docx
高中,高三,英语,试卷Word,高三英语_第二学期期末质量检测_期末质量检测C卷,https://chenzhuanxin.github.io/xianning-teaching-resources/%E4%BA%A4%E4%BB%98%E7%89%A9/03_%E6%9C%9F%E6%9C%AB%E7%9C%9F%E9%A2%98%E8%AF%95%E5%8D%B7/Word_PDF/%E9%AB%98%E4%B8%89%E8%8B%B1%E8%AF%AD_%E7%AC%AC%E4%BA%8C%E5%AD%A6%E6%9C%9F%E6%9C%9F%E6%9C%AB%E8%B4%A8%E9%87%8F%E6%A3%80%E6%B5%8B_%E6%9C%9F%E6%9C%AB%E8%B4%A8%E9%87%8F%E6%A3%80%E6%B5%8BC%E5%8D%B7.docx
高中,高三,思想政治,试卷Word,高三思想政治_学年度期末学业水平测试_学业水平E卷,https://chenzhuanxin.github.io/xianning-teaching-resources/%E4%BA%A4%E4%BB%98%E7%89%A9/03_%E6%9C%9F%E6%9C%AB%E7%9C%9F%E9%A2%98%E8%AF%95%E5%8D%B7/Word_PDF/%E9%AB%98%E4%B8%89%E6%80%9D%E6%83%B3%E6%94%BF%E6%B2%BB_%E5%AD%A6%E5%B9%B4%E5%BA%A6%E6%9C%9F%E6%9C%AB%E5%AD%A6%E4%B8%9A%E6%B0%B4%E5%B9%B3%E6%B5%8B%E8%AF%95_%E5%AD%A6%E4%B8%9A%E6%B0%B4%E5%B9%B3E%E5%8D%B7.docx
高中,高三,思想政治,试卷Word,高三思想政治_第一学期期末教学质量监测_质量监测B卷,https://chenzhuanxin.github.io/xianning-teaching-resources/%E4%BA%A4%E4%BB%98%E7%89%A9/03_%E6%9C%9F%E6%9C%AB%E7%9C%9F%E9%A2%98%E8%AF%95%E5%8D%B7/Word_PDF/%E9%AB%98%E4%B8%89%E6%80%9D%E6%83%B3%E6%94%BF%E6%B2%BB_%E7%AC%AC%E4%B8%80%E5%AD%A6%E6%9C%9F%E6%9C%9F%E6%9C%AB%E6%95%99%E5%AD%A6%E8%B4%A8%E9%87%8F%E7%9B%91%E6%B5%8B_%E8%B4%A8%E9%87%8F%E7%9B%91%E6%B5%8BB%E5%8D%B7.docx
高中,高三,思想政治,试卷Word,高三思想政治_第一学期期末质量检测_期末质量检测A卷,https://chenzhuanxin.github.io/xianning-teaching-resources/%E4%BA%A4%E4%BB%98%E7%89%A9/03_%E6%9C%9F%E6%9C%AB%E7%9C%9F%E9%A2%98%E8%AF%95%E5%8D%B7/Word_PDF/%E9%AB%98%E4%B8%89%E6%80%9D%E6%83%B3%E6%94%BF%E6%B2%BB_%E7%AC%AC%E4%B8%80%E5%AD%A6%E6%9C%9F%E6%9C%9F%E6%9C%AB%E8%B4%A8%E9%87%8F%E6%A3%80%E6%B5%8B_%E6%9C%9F%E6%9C%AB%E8%B4%A8%E9%87%8F%E6%A3%80%E6%B5%8BA%E5%8D%B7.docx
高中,高三,思想政治,试卷Word,高三思想政治_第二学期期末综合能力测试_综合能力D卷,https://chenzhuanxin.github.io/xianning-teaching-resources/%E4%BA%A4%E4%BB%98%E7%89%A9/03_%E6%9C%9F%E6%9C%AB%E7%9C%9F%E9%A2%98%E8%AF%95%E5%8D%B7/Word_PDF/%E9%AB%98%E4%B8%89%E6%80%9D%E6%83%B3%E6%94%BF%E6%B2%BB_%E7%AC%AC%E4%BA%8C%E5%AD%A6%E6%9C%9F%E6%9C%9F%E6%9C%AB%E7%BB%BC%E5%90%88%E8%83%BD%E5%8A%9B%E6%B5%8B%E8%AF%95_%E7%BB%BC%E5%90%88%E8%83%BD%E5%8A%9BD%E5%8D%B7.docx
高中,高三,思想政治,试卷Word,高三思想政治_第二学期期末质量检测_期末质量检测C卷,https://chenzhuanxin.github.io/xianning-teaching-resources/%E4%BA%A4%E4%BB%98%E7%89%A9/03_%E6%9C%9F%E6%9C%AB%E7%9C%9F%E9%A2%98%E8%AF%95%E5%8D%B7/Word_PDF/%E9%AB%98%E4%B8%89%E6%80%9D%E6%83%B3%E6%94%BF%E6%B2%BB_%E7%AC%AC%E4%BA%8C%E5%AD%A6%E6%9C%9F%E6%9C%9F%E6%9C%AB%E8%B4%A8%E9%87%8F%E6%A3%80%E6%B5%8B_%E6%9C%9F%E6%9C%AB%E8%B4%A8%E9%87%8F%E6%A3%80%E6%B5%8BC%E5%8D%B7.docx
高中,高三,物理,试卷Word,高三物理_学年度期末学业水平测试_学业水平E卷,https://chenzhuanxin.github.io/xianning-teaching-resources/%E4%BA%A4%E4%BB%98%E7%89%A9/03_%E6%9C%9F%E6%9C%AB%E7%9C%9F%E9%A2%98%E8%AF%95%E5%8D%B7/Word_PDF/%E9%AB%98%E4%B8%89%E7%89%A9%E7%90%86_%E5%AD%A6%E5%B9%B4%E5%BA%A6%E6%9C%9F%E6%9C%AB%E5%AD%A6%E4%B8%9A%E6%B0%B4%E5%B9%B3%E6%B5%8B%E8%AF%95_%E5%AD%A6%E4%B8%9A%E6%B0%B4%E5%B9%B3E%E5%8D%B7.docx
高中,高三,物理,试卷Word,高三物理_第一学期期末教学质量监测_质量监测B卷,https://chenzhuanxin.github.io/xianning-teaching-resources/%E4%BA%A4%E4%BB%98%E7%89%A9/03_%E6%9C%9F%E6%9C%AB%E7%9C%9F%E9%A2%98%E8%AF%95%E5%8D%B7/Word_PDF/%E9%AB%98%E4%B8%89%E7%89%A9%E7%90%86_%E7%AC%AC%E4%B8%80%E5%AD%A6%E6%9C%9F%E6%9C%9F%E6%9C%AB%E6%95%99%E5%AD%A6%E8%B4%A8%E9%87%8F%E7%9B%91%E6%B5%8B_%E8%B4%A8%E9%87%8F%E7%9B%91%E6%B5%8BB%E5%8D%B7.docx
高中,高三,物理,试卷Word,高三物理_第一学期期末质量检测_期末质量检测A卷,https://chenzhuanxin.github.io/xianning-teaching-resources/%E4%BA%A4%E4%BB%98%E7%89%A9/03_%E6%9C%9F%E6%9C%AB%E7%9C%9F%E9%A2%98%E8%AF%95%E5%8D%B7/Word_PDF/%E9%AB%98%E4%B8%89%E7%89%A9%E7%90%86_%E7%AC%AC%E4%B8%80%E5%AD%A6%E6%9C%9F%E6%9C%9F%E6%9C%AB%E8%B4%A8%E9%87%8F%E6%A3%80%E6%B5%8B_%E6%9C%9F%E6%9C%AB%E8%B4%A8%E9%87%8F%E6%A3%80%E6%B5%8BA%E5%8D%B7.docx
高中,高三,物理,试卷Word,高三物理_第二学期期末综合能力测试_综合能力D卷,https://chenzhuanxin.github.io/xianning-teaching-resources/%E4%BA%A4%E4%BB%98%E7%89%A9/03_%E6%9C%9F%E6%9C%AB%E7%9C%9F%E9%A2%98%E8%AF%95%E5%8D%B7/Word_PDF/%E9%AB%98%E4%B8%89%E7%89%A9%E7%90%86_%E7%AC%AC%E4%BA%8C%E5%AD%A6%E6%9C%9F%E6%9C%9F%E6%9C%AB%E7%BB%BC%E5%90%88%E8%83%BD%E5%8A%9B%E6%B5%8B%E8%AF%95_%E7%BB%BC%E5%90%88%E8%83%BD%E5%8A%9BD%E5%8D%B7.docx
高中,高三,物理,试卷Word,高三物理_第二学期期末质量检测_期末质量检测C卷,https://chenzhuanxin.github.io/xianning-teaching-resources/%E4%BA%A4%E4%BB%98%E7%89%A9/03_%E6%9C%9F%E6%9C%AB%E7%9C%9F%E9%A2%98%E8%AF%95%E5%8D%B7/Word_PDF/%E9%AB%98%E4%B8%89%E7%89%A9%E7%90%86_%E7%AC%AC%E4%BA%8C%E5%AD%A6%E6%9C%9F%E6%9C%9F%E6%9C%AB%E8%B4%A8%E9%87%8F%E6%A3%80%E6%B5%8B_%E6%9C%9F%E6%9C%AB%E8%B4%A8%E9%87%8F%E6%A3%80%E6%B5%8BC%E5%8D%B7.docx
高中,高三,化学,试卷Word,高三化学_学年度期末学业水平测试_学业水平E卷,https://chenzhuanxin.github.io/xianning-teaching-resources/%E4%BA%A4%E4%BB%98%E7%89%A9/03_%E6%9C%9F%E6%9C%AB%E7%9C%9F%E9%A2%98%E8%AF%95%E5%8D%B7/Word_PDF/%E9%AB%98%E4%B8%89%E5%8C%96%E5%AD%A6_%E5%AD%A6%E5%B9%B4%E5%BA%A6%E6%9C%9F%E6%9C%AB%E5%AD%A6%E4%B8%9A%E6%B0%B4%E5%B9%B3%E6%B5%8B%E8%AF%95_%E5%AD%A6%E4%B8%9A%E6%B0%B4%E5%B9%B3E%E5%8D%B7.docx
高中,高三,化学,试卷Word,高三化学_第一学期期末教学质量监测_质量监测B卷,https://chenzhuanxin.github.io/xianning-teaching-resources/%E4%BA%A4%E4%BB%98%E7%89%A9/03_%E6%9C%9F%E6%9C%AB%E7%9C%9F%E9%A2%98%E8%AF%95%E5%8D%B7/Word_PDF/%E9%AB%98%E4%B8%89%E5%8C%96%E5%AD%A6_%E7%AC%AC%E4%B8%80%E5%AD%A6%E6%9C%9F%E6%9C%9F%E6%9C%AB%E6%95%99%E5%AD%A6%E8%B4%A8%E9%87%8F%E7%9B%91%E6%B5%8B_%E8%B4%A8%E9%87%8F%E7%9B%91%E6%B5%8BB%E5%8D%B7.docx
高中,高三,化学,试卷Word,高三化学_第一学期期末质量检测_期末质量检测A卷,https://chenzhuanxin.github.io/xianning-teaching-resources/%E4%BA%A4%E4%BB%98%E7%89%A9/03_%E6%9C%9F%E6%9C%AB%E7%9C%9F%E9%A2%98%E8%AF%95%E5%8D%B7/Word_PDF/%E9%AB%98%E4%B8%89%E5%8C%96%E5%AD%A6_%E7%AC%AC%E4%B8%80%E5%AD%A6%E6%9C%9F%E6%9C%9F%E6%9C%AB%E8%B4%A8%E9%87%8F%E6%A3%80%E6%B5%8B_%E6%9C%9F%E6%9C%AB%E8%B4%A8%E9%87%8F%E6%A3%80%E6%B5%8BA%E5%8D%B7.docx
高中,高三,化学,试卷Word,高三化学_第二学期期末综合能力测试_综合能力D卷,https://chenzhuanxin.github.io/xianning-teaching-resources/%E4%BA%A4%E4%BB%98%E7%89%A9/03_%E6%9C%9F%E6%9C%AB%E7%9C%9F%E9%A2%98%E8%AF%95%E5%8D%B7/Word_PDF/%E9%AB%98%E4%B8%89%E5%8C%96%E5%AD%A6_%E7%AC%AC%E4%BA%8C%E5%AD%A6%E6%9C%9F%E6%9C%9F%E6%9C%AB%E7%BB%BC%E5%90%88%E8%83%BD%E5%8A%9B%E6%B5%8B%E8%AF%95_%E7%BB%BC%E5%90%88%E8%83%BD%E5%8A%9BD%E5%8D%B7.docx
高中,高三,化学,试卷Word,高三化学_第二学期期末质量检测_期末质量检测C卷,https://chenzhuanxin.github.io/xianning-teaching-resources/%E4%BA%A4%E4%BB%98%E7%89%A9/03_%E6%9C%9F%E6%9C%AB%E7%9C%9F%E9%A2%98%E8%AF%95%E5%8D%B7/Word_PDF/%E9%AB%98%E4%B8%89%E5%8C%96%E5%AD%A6_%E7%AC%AC%E4%BA%8C%E5%AD%A6%E6%9C%9F%E6%9C%9F%E6%9C%AB%E8%B4%A8%E9%87%8F%E6%A3%80%E6%B5%8B_%E6%9C%9F%E6%9C%AB%E8%B4%A8%E9%87%8F%E6%A3%80%E6%B5%8BC%E5%8D%B7.docx
高中,高三,生物,试卷Word,高三生物_学年度期末学业水平测试_学业水平E卷,https://chenzhuanxin.github.io/xianning-teaching-resources/%E4%BA%A4%E4%BB%98%E7%89%A9/03_%E6%9C%9F%E6%9C%AB%E7%9C%9F%E9%A2%98%E8%AF%95%E5%8D%B7/Word_PDF/%E9%AB%98%E4%B8%89%E7%94%9F%E7%89%A9_%E5%AD%A6%E5%B9%B4%E5%BA%A6%E6%9C%9F%E6%9C%AB%E5%AD%A6%E4%B8%9A%E6%B0%B4%E5%B9%B3%E6%B5%8B%E8%AF%95_%E5%AD%A6%E4%B8%9A%E6%B0%B4%E5%B9%B3E%E5%8D%B7.docx
高中,高三,生物,试卷Word,高三生物_第一学期期末教学质量监测_质量监测B卷,https://chenzhuanxin.github.io/xianning-teaching-resources/%E4%BA%A4%E4%BB%98%E7%89%A9/03_%E6%9C%9F%E6%9C%AB%E7%9C%9F%E9%A2%98%E8%AF%95%E5%8D%B7/Word_PDF/%E9%AB%98%E4%B8%89%E7%94%9F%E7%89%A9_%E7%AC%AC%E4%B8%80%E5%AD%A6%E6%9C%9F%E6%9C%9F%E6%9C%AB%E6%95%99%E5%AD%A6%E8%B4%A8%E9%87%8F%E7%9B%91%E6%B5%8B_%E8%B4%A8%E9%87%8F%E7%9B%91%E6%B5%8BB%E5%8D%B7.docx
高中,高三,生物,试卷Word,高三生物_第一学期期末质量检测_期末质量检测A卷,https://chenzhuanxin.github.io/xianning-teaching-resources/%E4%BA%A4%E4%BB%98%E7%89%A9/03_%E6%9C%9F%E6%9C%AB%E7%9C%9F%E9%A2%98%E8%AF%95%E5%8D%B7/Word_PDF/%E9%AB%98%E4%B8%89%E7%94%9F%E7%89%A9_%E7%AC%AC%E4%B8%80%E5%AD%A6%E6%9C%9F%E6%9C%9F%E6%9C%AB%E8%B4%A8%E9%87%8F%E6%A3%80%E6%B5%8B_%E6%9C%9F%E6%9C%AB%E8%B4%A8%E9%87%8F%E6%A3%80%E6%B5%8BA%E5%8D%B7.docx
高中,高三,生物,试卷Word,高三生物_第二学期期末综合能力测试_综合能力D卷,https://chenzhuanxin.github.io/xianning-teaching-resources/%E4%BA%A4%E4%BB%98%E7%89%A9/03_%E6%9C%9F%E6%9C%AB%E7%9C%9F%E9%A2%98%E8%AF%95%E5%8D%B7/Word_PDF/%E9%AB%98%E4%B8%89%E7%94%9F%E7%89%A9_%E7%AC%AC%E4%BA%8C%E5%AD%A6%E6%9C%9F%E6%9C%9F%E6%9C%AB%E7%BB%BC%E5%90%88%E8%83%BD%E5%8A%9B%E6%B5%8B%E8%AF%95_%E7%BB%BC%E5%90%88%E8%83%BD%E5%8A%9BD%E5%8D%B7.docx
高中,高三,生物,试卷Word,高三生物_第二学期期末质量检测_期末质量检测C卷,https://chenzhuanxin.github.io/xianning-teaching-resources/%E4%BA%A4%E4%BB%98%E7%89%A9/03_%E6%9C%9F%E6%9C%AB%E7%9C%9F%E9%A2%98%E8%AF%95%E5%8D%B7/Word_PDF/%E9%AB%98%E4%B8%89%E7%94%9F%E7%89%A9_%E7%AC%AC%E4%BA%8C%E5%AD%A6%E6%9C%9F%E6%9C%9F%E6%9C%AB%E8%B4%A8%E9%87%8F%E6%A3%80%E6%B5%8B_%E6%9C%9F%E6%9C%AB%E8%B4%A8%E9%87%8F%E6%A3%80%E6%B5%8BC%E5%8D%B7.docx
高中,高三,历史,试卷Word,高三历史_学年度期末学业水平测试_学业水平E卷,https://chenzhuanxin.github.io/xianning-teaching-resources/%E4%BA%A4%E4%BB%98%E7%89%A9/03_%E6%9C%9F%E6%9C%AB%E7%9C%9F%E9%A2%98%E8%AF%95%E5%8D%B7/Word_PDF/%E9%AB%98%E4%B8%89%E5%8E%86%E5%8F%B2_%E5%AD%A6%E5%B9%B4%E5%BA%A6%E6%9C%9F%E6%9C%AB%E5%AD%A6%E4%B8%9A%E6%B0%B4%E5%B9%B3%E6%B5%8B%E8%AF%95_%E5%AD%A6%E4%B8%9A%E6%B0%B4%E5%B9%B3E%E5%8D%B7.docx
高中,高三,历史,试卷Word,高三历史_第一学期期末教学质量监测_质量监测B卷,https://chenzhuanxin.github.io/xianning-teaching-resources/%E4%BA%A4%E4%BB%98%E7%89%A9/03_%E6%9C%9F%E6%9C%AB%E7%9C%9F%E9%A2%98%E8%AF%95%E5%8D%B7/Word_PDF/%E9%AB%98%E4%B8%89%E5%8E%86%E5%8F%B2_%E7%AC%AC%E4%B8%80%E5%AD%A6%E6%9C%9F%E6%9C%9F%E6%9C%AB%E6%95%99%E5%AD%A6%E8%B4%A8%E9%87%8F%E7%9B%91%E6%B5%8B_%E8%B4%A8%E9%87%8F%E7%9B%91%E6%B5%8BB%E5%8D%B7.docx
高中,高三,历史,试卷Word,高三历史_第一学期期末质量检测_期末质量检测A卷,https://chenzhuanxin.github.io/xianning-teaching-resources/%E4%BA%A4%E4%BB%98%E7%89%A9/03_%E6%9C%9F%E6%9C%AB%E7%9C%9F%E9%A2%98%E8%AF%95%E5%8D%B7/Word_PDF/%E9%AB%98%E4%B8%89%E5%8E%86%E5%8F%B2_%E7%AC%AC%E4%B8%80%E5%AD%A6%E6%9C%9F%E6%9C%9F%E6%9C%AB%E8%B4%A8%E9%87%8F%E6%A3%80%E6%B5%8B_%E6%9C%9F%E6%9C%AB%E8%B4%A8%E9%87%8F%E6%A3%80%E6%B5%8BA%E5%8D%B7.docx
高中,高三,历史,试卷Word,高三历史_第二学期期末综合能力测试_综合能力D卷,https://chenzhuanxin.github.io/xianning-teaching-resources/%E4%BA%A4%E4%BB%98%E7%89%A9/03_%E6%9C%9F%E6%9C%AB%E7%9C%9F%E9%A2%98%E8%AF%95%E5%8D%B7/Word_PDF/%E9%AB%98%E4%B8%89%E5%8E%86%E5%8F%B2_%E7%AC%AC%E4%BA%8C%E5%AD%A6%E6%9C%9F%E6%9C%9F%E6%9C%AB%E7%BB%BC%E5%90%88%E8%83%BD%E5%8A%9B%E6%B5%8B%E8%AF%95_%E7%BB%BC%E5%90%88%E8%83%BD%E5%8A%9BD%E5%8D%B7.docx
高中,高三,历史,试卷Word,高三历史_第二学期期末质量检测_期末质量检测C卷,https://chenzhuanxin.github.io/xianning-teaching-resources/%E4%BA%A4%E4%BB%98%E7%89%A9/03_%E6%9C%9F%E6%9C%AB%E7%9C%9F%E9%A2%98%E8%AF%95%E5%8D%B7/Word_PDF/%E9%AB%98%E4%B8%89%E5%8E%86%E5%8F%B2_%E7%AC%AC%E4%BA%8C%E5%AD%A6%E6%9C%9F%E6%9C%9F%E6%9C%AB%E8%B4%A8%E9%87%8F%E6%A3%80%E6%B5%8B_%E6%9C%9F%E6%9C%AB%E8%B4%A8%E9%87%8F%E6%A3%80%E6%B5%8BC%E5%8D%B7.docx
高中,高三,地理,试卷Word,高三地理_学年度期末学业水平测试_学业水平E卷,https://chenzhuanxin.github.io/xianning-teaching-resources/%E4%BA%A4%E4%BB%98%E7%89%A9/03_%E6%9C%9F%E6%9C%AB%E7%9C%9F%E9%A2%98%E8%AF%95%E5%8D%B7/Word_PDF/%E9%AB%98%E4%B8%89%E5%9C%B0%E7%90%86_%E5%AD%A6%E5%B9%B4%E5%BA%A6%E6%9C%9F%E6%9C%AB%E5%AD%A6%E4%B8%9A%E6%B0%B4%E5%B9%B3%E6%B5%8B%E8%AF%95_%E5%AD%A6%E4%B8%9A%E6%B0%B4%E5%B9%B3E%E5%8D%B7.docx
高中,高三,地理,试卷Word,高三地理_第一学期期末教学质量监测_质量监测B卷,https://chenzhuanxin.github.io/xianning-teaching-resources/%E4%BA%A4%E4%BB%98%E7%89%A9/03_%E6%9C%9F%E6%9C%AB%E7%9C%9F%E9%A2%98%E8%AF%95%E5%8D%B7/Word_PDF/%E9%AB%98%E4%B8%89%E5%9C%B0%E7%90%86_%E7%AC%AC%E4%B8%80%E5%AD%A6%E6%9C%9F%E6%9C%9F%E6%9C%AB%E6%95%99%E5%AD%A6%E8%B4%A8%E9%87%8F%E7%9B%91%E6%B5%8B_%E8%B4%A8%E9%87%8F%E7%9B%91%E6%B5%8BB%E5%8D%B7.docx
高中,高三,地理,试卷Word,高三地理_第一学期期末质量检测_期末质量检测A卷,https://chenzhuanxin.github.io/xianning-teaching-resources/%E4%BA%A4%E4%BB%98%E7%89%A9/03_%E6%9C%9F%E6%9C%AB%E7%9C%9F%E9%A2%98%E8%AF%95%E5%8D%B7/Word_PDF/%E9%AB%98%E4%B8%89%E5%9C%B0%E7%90%86_%E7%AC%AC%E4%B8%80%E5%AD%A6%E6%9C%9F%E6%9C%9F%E6%9C%AB%E8%B4%A8%E9%87%8F%E6%A3%80%E6%B5%8B_%E6%9C%9F%E6%9C%AB%E8%B4%A8%E9%87%8F%E6%A3%80%E6%B5%8BA%E5%8D%B7.docx
高中,高三,地理,试卷Word,高三地理_第二学期期末综合能力测试_综合能力D卷,https://chenzhuanxin.github.io/xianning-teaching-resources/%E4%BA%A4%E4%BB%98%E7%89%A9/03_%E6%9C%9F%E6%9C%AB%E7%9C%9F%E9%A2%98%E8%AF%95%E5%8D%B7/Word_PDF/%E9%AB%98%E4%B8%89%E5%9C%B0%E7%90%86_%E7%AC%AC%E4%BA%8C%E5%AD%A6%E6%9C%9F%E6%9C%9F%E6%9C%AB%E7%BB%BC%E5%90%88%E8%83%BD%E5%8A%9B%E6%B5%8B%E8%AF%95_%E7%BB%BC%E5%90%88%E8%83%BD%E5%8A%9BD%E5%8D%B7.docx
高中,高三,地理,试卷Word,高三地理_第二学期期末质量检测_期末质量检测C卷,https://chenzhuanxin.github.io/xianning-teaching-resources/%E4%BA%A4%E4%BB%98%E7%89%A9/03_%E6%9C%9F%E6%9C%AB%E7%9C%9F%E9%A2%98%E8%AF%95%E5%8D%B7/Word_PDF/%E9%AB%98%E4%B8%89%E5%9C%B0%E7%90%86_%E7%AC%AC%E4%BA%8C%E5%AD%A6%E6%9C%9F%E6%9C%9F%E6%9C%AB%E8%B4%A8%E9%87%8F%E6%A3%80%E6%B5%8B_%E6%9C%9F%E6%9C%AB%E8%B4%A8%E9%87%8F%E6%A3%80%E6%B5%8BC%E5%8D%B7.docx
小学,一年级,语文,试卷网页,一年级语文_上学期期末学业水平测试_学业水平测试B卷,https://chenzhuanxin.github.io/xianning-teaching-resources/%E4%BA%A4%E4%BB%98%E7%89%A9/03_%E6%9C%9F%E6%9C%AB%E7%9C%9F%E9%A2%98%E8%AF%95%E5%8D%B7/HTML/%E4%B8%80%E5%B9%B4%E7%BA%A7%E8%AF%AD%E6%96%87_%E4%B8%8A%E5%AD%A6%E6%9C%9F%E6%9C%9F%E6%9C%AB%E5%AD%A6%E4%B8%9A%E6%B0%B4%E5%B9%B3%E6%B5%8B%E8%AF%95_%E5%AD%A6%E4%B8%9A%E6%B0%B4%E5%B9%B3%E6%B5%8B%E8%AF%95B%E5%8D%B7.html
小学,一年级,语文,试卷网页,一年级语文_下学期期末综合检测_综合检测C卷,https://chenzhuanxin.github.io/xianning-teaching-resources/%E4%BA%A4%E4%BB%98%E7%89%A9/03_%E6%9C%9F%E6%9C%AB%E7%9C%9F%E9%A2%98%E8%AF%95%E5%8D%B7/HTML/%E4%B8%80%E5%B9%B4%E7%BA%A7%E8%AF%AD%E6%96%87_%E4%B8%8B%E5%AD%A6%E6%9C%9F%E6%9C%9F%E6%9C%AB%E7%BB%BC%E5%90%88%E6%A3%80%E6%B5%8B_%E7%BB%BC%E5%90%88%E6%A3%80%E6%B5%8BC%E5%8D%B7.html
小学,一年级,语文,试卷网页,一年级语文_期末复习质量检测_复习质量检测D卷,https://chenzhuanxin.github.io/xianning-teaching-resources/%E4%BA%A4%E4%BB%98%E7%89%A9/03_%E6%9C%9F%E6%9C%AB%E7%9C%9F%E9%A2%98%E8%AF%95%E5%8D%B7/HTML/%E4%B8%80%E5%B9%B4%E7%BA%A7%E8%AF%AD%E6%96%87_%E6%9C%9F%E6%9C%AB%E5%A4%8D%E4%B9%A0%E8%B4%A8%E9%87%8F%E6%A3%80%E6%B5%8B_%E5%A4%8D%E4%B9%A0%E8%B4%A8%E9%87%8F%E6%A3%80%E6%B5%8BD%E5%8D%B7.html
小学,一年级,语文,试卷网页,一年级语文_期末学业质量监测_学业质量监测E卷,https://chenzhuanxin.github.io/xianning-teaching-resources/%E4%BA%A4%E4%BB%98%E7%89%A9/03_%E6%9C%9F%E6%9C%AB%E7%9C%9F%E9%A2%98%E8%AF%95%E5%8D%B7/HTML/%E4%B8%80%E5%B9%B4%E7%BA%A7%E8%AF%AD%E6%96%87_%E6%9C%9F%E6%9C%AB%E5%AD%A6%E4%B8%9A%E8%B4%A8%E9%87%8F%E7%9B%91%E6%B5%8B_%E5%AD%A6%E4%B8%9A%E8%B4%A8%E9%87%8F%E7%9B%91%E6%B5%8BE%E5%8D%B7.html
小学,一年级,语文,试卷网页,一年级语文_第一学期期末质量检测_期末质量检测A卷,https://chenzhuanxin.github.io/xianning-teaching-resources/%E4%BA%A4%E4%BB%98%E7%89%A9/03_%E6%9C%9F%E6%9C%AB%E7%9C%9F%E9%A2%98%E8%AF%95%E5%8D%B7/HTML/%E4%B8%80%E5%B9%B4%E7%BA%A7%E8%AF%AD%E6%96%87_%E7%AC%AC%E4%B8%80%E5%AD%A6%E6%9C%9F%E6%9C%9F%E6%9C%AB%E8%B4%A8%E9%87%8F%E6%A3%80%E6%B5%8B_%E6%9C%9F%E6%9C%AB%E8%B4%A8%E9%87%8F%E6%A3%80%E6%B5%8BA%E5%8D%B7.html
小学,一年级,数学,试卷网页,一年级数学_上学期期末学业水平测试_学业水平测试B卷,https://chenzhuanxin.github.io/xianning-teaching-resources/%E4%BA%A4%E4%BB%98%E7%89%A9/03_%E6%9C%9F%E6%9C%AB%E7%9C%9F%E9%A2%98%E8%AF%95%E5%8D%B7/HTML/%E4%B8%80%E5%B9%B4%E7%BA%A7%E6%95%B0%E5%AD%A6_%E4%B8%8A%E5%AD%A6%E6%9C%9F%E6%9C%9F%E6%9C%AB%E5%AD%A6%E4%B8%9A%E6%B0%B4%E5%B9%B3%E6%B5%8B%E8%AF%95_%E5%AD%A6%E4%B8%9A%E6%B0%B4%E5%B9%B3%E6%B5%8B%E8%AF%95B%E5%8D%B7.html
小学,一年级,数学,试卷网页,一年级数学_下学期期末综合检测_综合检测C卷,https://chenzhuanxin.github.io/xianning-teaching-resources/%E4%BA%A4%E4%BB%98%E7%89%A9/03_%E6%9C%9F%E6%9C%AB%E7%9C%9F%E9%A2%98%E8%AF%95%E5%8D%B7/HTML/%E4%B8%80%E5%B9%B4%E7%BA%A7%E6%95%B0%E5%AD%A6_%E4%B8%8B%E5%AD%A6%E6%9C%9F%E6%9C%9F%E6%9C%AB%E7%BB%BC%E5%90%88%E6%A3%80%E6%B5%8B_%E7%BB%BC%E5%90%88%E6%A3%80%E6%B5%8BC%E5%8D%B7.html
小学,一年级,数学,试卷网页,一年级数学_期末复习质量检测_复习质量检测D卷,https://chenzhuanxin.github.io/xianning-teaching-resources/%E4%BA%A4%E4%BB%98%E7%89%A9/03_%E6%9C%9F%E6%9C%AB%E7%9C%9F%E9%A2%98%E8%AF%95%E5%8D%B7/HTML/%E4%B8%80%E5%B9%B4%E7%BA%A7%E6%95%B0%E5%AD%A6_%E6%9C%9F%E6%9C%AB%E5%A4%8D%E4%B9%A0%E8%B4%A8%E9%87%8F%E6%A3%80%E6%B5%8B_%E5%A4%8D%E4%B9%A0%E8%B4%A8%E9%87%8F%E6%A3%80%E6%B5%8BD%E5%8D%B7.html
小学,一年级,数学,试卷网页,一年级数学_期末学业质量监测_学业质量监测E卷,https://chenzhuanxin.github.io/xianning-teaching-resources/%E4%BA%A4%E4%BB%98%E7%89%A9/03_%E6%9C%9F%E6%9C%AB%E7%9C%9F%E9%A2%98%E8%AF%95%E5%8D%B7/HTML/%E4%B8%80%E5%B9%B4%E7%BA%A7%E6%95%B0%E5%AD%A6_%E6%9C%9F%E6%9C%AB%E5%AD%A6%E4%B8%9A%E8%B4%A8%E9%87%8F%E7%9B%91%E6%B5%8B_%E5%AD%A6%E4%B8%9A%E8%B4%A8%E9%87%8F%E7%9B%91%E6%B5%8BE%E5%8D%B7.html
小学,一年级,数学,试卷网页,一年级数学_第一学期期末质量检测_期末质量检测A卷,https://chenzhuanxin.github.io/xianning-teaching-resources/%E4%BA%A4%E4%BB%98%E7%89%A9/03_%E6%9C%9F%E6%9C%AB%E7%9C%9F%E9%A2%98%E8%AF%95%E5%8D%B7/HTML/%E4%B8%80%E5%B9%B4%E7%BA%A7%E6%95%B0%E5%AD%A6_%E7%AC%AC%E4%B8%80%E5%AD%A6%E6%9C%9F%E6%9C%9F%E6%9C%AB%E8%B4%A8%E9%87%8F%E6%A3%80%E6%B5%8B_%E6%9C%9F%E6%9C%AB%E8%B4%A8%E9%87%8F%E6%A3%80%E6%B5%8BA%E5%8D%B7.html
小学,一年级,道德与法治,试卷网页,一年级道德与法治_上学期期末学业水平测试_学业水平测试B卷,https://chenzhuanxin.github.io/xianning-teaching-resources/%E4%BA%A4%E4%BB%98%E7%89%A9/03_%E6%9C%9F%E6%9C%AB%E7%9C%9F%E9%A2%98%E8%AF%95%E5%8D%B7/HTML/%E4%B8%80%E5%B9%B4%E7%BA%A7%E9%81%93%E5%BE%B7%E4%B8%8E%E6%B3%95%E6%B2%BB_%E4%B8%8A%E5%AD%A6%E6%9C%9F%E6%9C%9F%E6%9C%AB%E5%AD%A6%E4%B8%9A%E6%B0%B4%E5%B9%B3%E6%B5%8B%E8%AF%95_%E5%AD%A6%E4%B8%9A%E6%B0%B4%E5%B9%B3%E6%B5%8B%E8%AF%95B%E5%8D%B7.html
小学,一年级,道德与法治,试卷网页,一年级道德与法治_下学期期末综合检测_综合检测C卷,https://chenzhuanxin.github.io/xianning-teaching-resources/%E4%BA%A4%E4%BB%98%E7%89%A9/03_%E6%9C%9F%E6%9C%AB%E7%9C%9F%E9%A2%98%E8%AF%95%E5%8D%B7/HTML/%E4%B8%80%E5%B9%B4%E7%BA%A7%E9%81%93%E5%BE%B7%E4%B8%8E%E6%B3%95%E6%B2%BB_%E4%B8%8B%E5%AD%A6%E6%9C%9F%E6%9C%9F%E6%9C%AB%E7%BB%BC%E5%90%88%E6%A3%80%E6%B5%8B_%E7%BB%BC%E5%90%88%E6%A3%80%E6%B5%8BC%E5%8D%B7.html
小学,一年级,道德与法治,试卷网页,一年级道德与法治_期末复习质量检测_复习质量检测D卷,https://chenzhuanxin.github.io/xianning-teaching-resources/%E4%BA%A4%E4%BB%98%E7%89%A9/03_%E6%9C%9F%E6%9C%AB%E7%9C%9F%E9%A2%98%E8%AF%95%E5%8D%B7/HTML/%E4%B8%80%E5%B9%B4%E7%BA%A7%E9%81%93%E5%BE%B7%E4%B8%8E%E6%B3%95%E6%B2%BB_%E6%9C%9F%E6%9C%AB%E5%A4%8D%E4%B9%A0%E8%B4%A8%E9%87%8F%E6%A3%80%E6%B5%8B_%E5%A4%8D%E4%B9%A0%E8%B4%A8%E9%87%8F%E6%A3%80%E6%B5%8BD%E5%8D%B7.html
小学,一年级,道德与法治,试卷网页,一年级道德与法治_期末学业质量监测_学业质量监测E卷,https://chenzhuanxin.github.io/xianning-teaching-resources/%E4%BA%A4%E4%BB%98%E7%89%A9/03_%E6%9C%9F%E6%9C%AB%E7%9C%9F%E9%A2%98%E8%AF%95%E5%8D%B7/HTML/%E4%B8%80%E5%B9%B4%E7%BA%A7%E9%81%93%E5%BE%B7%E4%B8%8E%E6%B3%95%E6%B2%BB_%E6%9C%9F%E6%9C%AB%E5%AD%A6%E4%B8%9A%E8%B4%A8%E9%87%8F%E7%9B%91%E6%B5%8B_%E5%AD%A6%E4%B8%9A%E8%B4%A8%E9%87%8F%E7%9B%91%E6%B5%8BE%E5%8D%B7.html
小学,一年级,道德与法治,试卷网页,一年级道德与法治_第一学期期末质量检测_期末质量检测A卷,https://chenzhuanxin.github.io/xianning-teaching-resources/%E4%BA%A4%E4%BB%98%E7%89%A9/03_%E6%9C%9F%E6%9C%AB%E7%9C%9F%E9%A2%98%E8%AF%95%E5%8D%B7/HTML/%E4%B8%80%E5%B9%B4%E7%BA%A7%E9%81%93%E5%BE%B7%E4%B8%8E%E6%B3%95%E6%B2%BB_%E7%AC%AC%E4%B8%80%E5%AD%A6%E6%9C%9F%E6%9C%9F%E6%9C%AB%E8%B4%A8%E9%87%8F%E6%A3%80%E6%B5%8B_%E6%9C%9F%E6%9C%AB%E8%B4%A8%E9%87%8F%E6%A3%80%E6%B5%8BA%E5%8D%B7.html
小学,一年级,科学,试卷网页,一年级科学_上学期期末学业水平测试_学业水平测试B卷,https://chenzhuanxin.github.io/xianning-teaching-resources/%E4%BA%A4%E4%BB%98%E7%89%A9/03_%E6%9C%9F%E6%9C%AB%E7%9C%9F%E9%A2%98%E8%AF%95%E5%8D%B7/HTML/%E4%B8%80%E5%B9%B4%E7%BA%A7%E7%A7%91%E5%AD%A6_%E4%B8%8A%E5%AD%A6%E6%9C%9F%E6%9C%9F%E6%9C%AB%E5%AD%A6%E4%B8%9A%E6%B0%B4%E5%B9%B3%E6%B5%8B%E8%AF%95_%E5%AD%A6%E4%B8%9A%E6%B0%B4%E5%B9%B3%E6%B5%8B%E8%AF%95B%E5%8D%B7.html
小学,一年级,科学,试卷网页,一年级科学_下学期期末综合检测_综合检测C卷,https://chenzhuanxin.github.io/xianning-teaching-resources/%E4%BA%A4%E4%BB%98%E7%89%A9/03_%E6%9C%9F%E6%9C%AB%E7%9C%9F%E9%A2%98%E8%AF%95%E5%8D%B7/HTML/%E4%B8%80%E5%B9%B4%E7%BA%A7%E7%A7%91%E5%AD%A6_%E4%B8%8B%E5%AD%A6%E6%9C%9F%E6%9C%9F%E6%9C%AB%E7%BB%BC%E5%90%88%E6%A3%80%E6%B5%8B_%E7%BB%BC%E5%90%88%E6%A3%80%E6%B5%8BC%E5%8D%B7.html
小学,一年级,科学,试卷网页,一年级科学_期末复习质量检测_复习质量检测D卷,https://chenzhuanxin.github.io/xianning-teaching-resources/%E4%BA%A4%E4%BB%98%E7%89%A9/03_%E6%9C%9F%E6%9C%AB%E7%9C%9F%E9%A2%98%E8%AF%95%E5%8D%B7/HTML/%E4%B8%80%E5%B9%B4%E7%BA%A7%E7%A7%91%E5%AD%A6_%E6%9C%9F%E6%9C%AB%E5%A4%8D%E4%B9%A0%E8%B4%A8%E9%87%8F%E6%A3%80%E6%B5%8B_%E5%A4%8D%E4%B9%A0%E8%B4%A8%E9%87%8F%E6%A3%80%E6%B5%8BD%E5%8D%B7.html
小学,一年级,科学,试卷网页,一年级科学_期末学业质量监测_学业质量监测E卷,https://chenzhuanxin.github.io/xianning-teaching-resources/%E4%BA%A4%E4%BB%98%E7%89%A9/03_%E6%9C%9F%E6%9C%AB%E7%9C%9F%E9%A2%98%E8%AF%95%E5%8D%B7/HTML/%E4%B8%80%E5%B9%B4%E7%BA%A7%E7%A7%91%E5%AD%A6_%E6%9C%9F%E6%9C%AB%E5%AD%A6%E4%B8%9A%E8%B4%A8%E9%87%8F%E7%9B%91%E6%B5%8B_%E5%AD%A6%E4%B8%9A%E8%B4%A8%E9%87%8F%E7%9B%91%E6%B5%8BE%E5%8D%B7.html
小学,一年级,科学,试卷网页,一年级科学_第一学期期末质量检测_期末质量检测A卷,https://chenzhuanxin.github.io/xianning-teaching-resources/%E4%BA%A4%E4%BB%98%E7%89%A9/03_%E6%9C%9F%E6%9C%AB%E7%9C%9F%E9%A2%98%E8%AF%95%E5%8D%B7/HTML/%E4%B8%80%E5%B9%B4%E7%BA%A7%E7%A7%91%E5%AD%A6_%E7%AC%AC%E4%B8%80%E5%AD%A6%E6%9C%9F%E6%9C%9F%E6%9C%AB%E8%B4%A8%E9%87%8F%E6%A3%80%E6%B5%8B_%E6%9C%9F%E6%9C%AB%E8%B4%A8%E9%87%8F%E6%A3%80%E6%B5%8BA%E5%8D%B7.html
小学,二年级,语文,试卷网页,二年级语文_上学期期末学业水平测试_学业水平测试B卷,https://chenzhuanxin.github.io/xianning-teaching-resources/%E4%BA%A4%E4%BB%98%E7%89%A9/03_%E6%9C%9F%E6%9C%AB%E7%9C%9F%E9%A2%98%E8%AF%95%E5%8D%B7/HTML/%E4%BA%8C%E5%B9%B4%E7%BA%A7%E8%AF%AD%E6%96%87_%E4%B8%8A%E5%AD%A6%E6%9C%9F%E6%9C%9F%E6%9C%AB%E5%AD%A6%E4%B8%9A%E6%B0%B4%E5%B9%B3%E6%B5%8B%E8%AF%95_%E5%AD%A6%E4%B8%9A%E6%B0%B4%E5%B9%B3%E6%B5%8B%E8%AF%95B%E5%8D%B7.html
小学,二年级,语文,试卷网页,二年级语文_下学期期末综合检测_综合检测C卷,https://chenzhuanxin.github.io/xianning-teaching-resources/%E4%BA%A4%E4%BB%98%E7%89%A9/03_%E6%9C%9F%E6%9C%AB%E7%9C%9F%E9%A2%98%E8%AF%95%E5%8D%B7/HTML/%E4%BA%8C%E5%B9%B4%E7%BA%A7%E8%AF%AD%E6%96%87_%E4%B8%8B%E5%AD%A6%E6%9C%9F%E6%9C%9F%E6%9C%AB%E7%BB%BC%E5%90%88%E6%A3%80%E6%B5%8B_%E7%BB%BC%E5%90%88%E6%A3%80%E6%B5%8BC%E5%8D%B7.html
小学,二年级,语文,试卷网页,二年级语文_期末复习质量检测_复习质量检测D卷,https://chenzhuanxin.github.io/xianning-teaching-resources/%E4%BA%A4%E4%BB%98%E7%89%A9/03_%E6%9C%9F%E6%9C%AB%E7%9C%9F%E9%A2%98%E8%AF%95%E5%8D%B7/HTML/%E4%BA%8C%E5%B9%B4%E7%BA%A7%E8%AF%AD%E6%96%87_%E6%9C%9F%E6%9C%AB%E5%A4%8D%E4%B9%A0%E8%B4%A8%E9%87%8F%E6%A3%80%E6%B5%8B_%E5%A4%8D%E4%B9%A0%E8%B4%A8%E9%87%8F%E6%A3%80%E6%B5%8BD%E5%8D%B7.html
小学,二年级,语文,试卷网页,二年级语文_期末学业质量监测_学业质量监测E卷,https://chenzhuanxin.github.io/xianning-teaching-resources/%E4%BA%A4%E4%BB%98%E7%89%A9/03_%E6%9C%9F%E6%9C%AB%E7%9C%9F%E9%A2%98%E8%AF%95%E5%8D%B7/HTML/%E4%BA%8C%E5%B9%B4%E7%BA%A7%E8%AF%AD%E6%96%87_%E6%9C%9F%E6%9C%AB%E5%AD%A6%E4%B8%9A%E8%B4%A8%E9%87%8F%E7%9B%91%E6%B5%8B_%E5%AD%A6%E4%B8%9A%E8%B4%A8%E9%87%8F%E7%9B%91%E6%B5%8BE%E5%8D%B7.html
小学,二年级,语文,试卷网页,二年级语文_第一学期期末质量检测_期末质量检测A卷,https://chenzhuanxin.github.io/xianning-teaching-resources/%E4%BA%A4%E4%BB%98%E7%89%A9/03_%E6%9C%9F%E6%9C%AB%E7%9C%9F%E9%A2%98%E8%AF%95%E5%8D%B7/HTML/%E4%BA%8C%E5%B9%B4%E7%BA%A7%E8%AF%AD%E6%96%87_%E7%AC%AC%E4%B8%80%E5%AD%A6%E6%9C%9F%E6%9C%9F%E6%9C%AB%E8%B4%A8%E9%87%8F%E6%A3%80%E6%B5%8B_%E6%9C%9F%E6%9C%AB%E8%B4%A8%E9%87%8F%E6%A3%80%E6%B5%8BA%E5%8D%B7.html
小学,二年级,数学,试卷网页,二年级数学_上学期期末学业水平测试_学业水平测试B卷,https://chenzhuanxin.github.io/xianning-teaching-resources/%E4%BA%A4%E4%BB%98%E7%89%A9/03_%E6%9C%9F%E6%9C%AB%E7%9C%9F%E9%A2%98%E8%AF%95%E5%8D%B7/HTML/%E4%BA%8C%E5%B9%B4%E7%BA%A7%E6%95%B0%E5%AD%A6_%E4%B8%8A%E5%AD%A6%E6%9C%9F%E6%9C%9F%E6%9C%AB%E5%AD%A6%E4%B8%9A%E6%B0%B4%E5%B9%B3%E6%B5%8B%E8%AF%95_%E5%AD%A6%E4%B8%9A%E6%B0%B4%E5%B9%B3%E6%B5%8B%E8%AF%95B%E5%8D%B7.html
小学,二年级,数学,试卷网页,二年级数学_下学期期末综合检测_综合检测C卷,https://chenzhuanxin.github.io/xianning-teaching-resources/%E4%BA%A4%E4%BB%98%E7%89%A9/03_%E6%9C%9F%E6%9C%AB%E7%9C%9F%E9%A2%98%E8%AF%95%E5%8D%B7/HTML/%E4%BA%8C%E5%B9%B4%E7%BA%A7%E6%95%B0%E5%AD%A6_%E4%B8%8B%E5%AD%A6%E6%9C%9F%E6%9C%9F%E6%9C%AB%E7%BB%BC%E5%90%88%E6%A3%80%E6%B5%8B_%E7%BB%BC%E5%90%88%E6%A3%80%E6%B5%8BC%E5%8D%B7.html
小学,二年级,数学,试卷网页,二年级数学_期末复习质量检测_复习质量检测D卷,https://chenzhuanxin.github.io/xianning-teaching-resources/%E4%BA%A4%E4%BB%98%E7%89%A9/03_%E6%9C%9F%E6%9C%AB%E7%9C%9F%E9%A2%98%E8%AF%95%E5%8D%B7/HTML/%E4%BA%8C%E5%B9%B4%E7%BA%A7%E6%95%B0%E5%AD%A6_%E6%9C%9F%E6%9C%AB%E5%A4%8D%E4%B9%A0%E8%B4%A8%E9%87%8F%E6%A3%80%E6%B5%8B_%E5%A4%8D%E4%B9%A0%E8%B4%A8%E9%87%8F%E6%A3%80%E6%B5%8BD%E5%8D%B7.html
小学,二年级,数学,试卷网页,二年级数学_期末学业质量监测_学业质量监测E卷,https://chenzhuanxin.github.io/xianning-teaching-resources/%E4%BA%A4%E4%BB%98%E7%89%A9/03_%E6%9C%9F%E6%9C%AB%E7%9C%9F%E9%A2%98%E8%AF%95%E5%8D%B7/HTML/%E4%BA%8C%E5%B9%B4%E7%BA%A7%E6%95%B0%E5%AD%A6_%E6%9C%9F%E6%9C%AB%E5%AD%A6%E4%B8%9A%E8%B4%A8%E9%87%8F%E7%9B%91%E6%B5%8B_%E5%AD%A6%E4%B8%9A%E8%B4%A8%E9%87%8F%E7%9B%91%E6%B5%8BE%E5%8D%B7.html
小学,二年级,数学,试卷网页,二年级数学_第一学期期末质量检测_期末质量检测A卷,https://chenzhuanxin.github.io/xianning-teaching-resources/%E4%BA%A4%E4%BB%98%E7%89%A9/03_%E6%9C%9F%E6%9C%AB%E7%9C%9F%E9%A2%98%E8%AF%95%E5%8D%B7/HTML/%E4%BA%8C%E5%B9%B4%E7%BA%A7%E6%95%B0%E5%AD%A6_%E7%AC%AC%E4%B8%80%E5%AD%A6%E6%9C%9F%E6%9C%9F%E6%9C%AB%E8%B4%A8%E9%87%8F%E6%A3%80%E6%B5%8B_%E6%9C%9F%E6%9C%AB%E8%B4%A8%E9%87%8F%E6%A3%80%E6%B5%8BA%E5%8D%B7.html
小学,二年级,道德与法治,试卷网页,二年级道德与法治_上学期期末学业水平测试_学业水平测试B卷,https://chenzhuanxin.github.io/xianning-teaching-resources/%E4%BA%A4%E4%BB%98%E7%89%A9/03_%E6%9C%9F%E6%9C%AB%E7%9C%9F%E9%A2%98%E8%AF%95%E5%8D%B7/HTML/%E4%BA%8C%E5%B9%B4%E7%BA%A7%E9%81%93%E5%BE%B7%E4%B8%8E%E6%B3%95%E6%B2%BB_%E4%B8%8A%E5%AD%A6%E6%9C%9F%E6%9C%9F%E6%9C%AB%E5%AD%A6%E4%B8%9A%E6%B0%B4%E5%B9%B3%E6%B5%8B%E8%AF%95_%E5%AD%A6%E4%B8%9A%E6%B0%B4%E5%B9%B3%E6%B5%8B%E8%AF%95B%E5%8D%B7.html
小学,二年级,道德与法治,试卷网页,二年级道德与法治_下学期期末综合检测_综合检测C卷,https://chenzhuanxin.github.io/xianning-teaching-resources/%E4%BA%A4%E4%BB%98%E7%89%A9/03_%E6%9C%9F%E6%9C%AB%E7%9C%9F%E9%A2%98%E8%AF%95%E5%8D%B7/HTML/%E4%BA%8C%E5%B9%B4%E7%BA%A7%E9%81%93%E5%BE%B7%E4%B8%8E%E6%B3%95%E6%B2%BB_%E4%B8%8B%E5%AD%A6%E6%9C%9F%E6%9C%9F%E6%9C%AB%E7%BB%BC%E5%90%88%E6%A3%80%E6%B5%8B_%E7%BB%BC%E5%90%88%E6%A3%80%E6%B5%8BC%E5%8D%B7.html
小学,二年级,道德与法治,试卷网页,二年级道德与法治_期末复习质量检测_复习质量检测D卷,https://chenzhuanxin.github.io/xianning-teaching-resources/%E4%BA%A4%E4%BB%98%E7%89%A9/03_%E6%9C%9F%E6%9C%AB%E7%9C%9F%E9%A2%98%E8%AF%95%E5%8D%B7/HTML/%E4%BA%8C%E5%B9%B4%E7%BA%A7%E9%81%93%E5%BE%B7%E4%B8%8E%E6%B3%95%E6%B2%BB_%E6%9C%9F%E6%9C%AB%E5%A4%8D%E4%B9%A0%E8%B4%A8%E9%87%8F%E6%A3%80%E6%B5%8B_%E5%A4%8D%E4%B9%A0%E8%B4%A8%E9%87%8F%E6%A3%80%E6%B5%8BD%E5%8D%B7.html
小学,二年级,道德与法治,试卷网页,二年级道德与法治_期末学业质量监测_学业质量监测E卷,https://chenzhuanxin.github.io/xianning-teaching-resources/%E4%BA%A4%E4%BB%98%E7%89%A9/03_%E6%9C%9F%E6%9C%AB%E7%9C%9F%E9%A2%98%E8%AF%95%E5%8D%B7/HTML/%E4%BA%8C%E5%B9%B4%E7%BA%A7%E9%81%93%E5%BE%B7%E4%B8%8E%E6%B3%95%E6%B2%BB_%E6%9C%9F%E6%9C%AB%E5%AD%A6%E4%B8%9A%E8%B4%A8%E9%87%8F%E7%9B%91%E6%B5%8B_%E5%AD%A6%E4%B8%9A%E8%B4%A8%E9%87%8F%E7%9B%91%E6%B5%8BE%E5%8D%B7.html
小学,二年级,道德与法治,试卷网页,二年级道德与法治_第一学期期末质量检测_期末质量检测A卷,https://chenzhuanxin.github.io/xianning-teaching-resources/%E4%BA%A4%E4%BB%98%E7%89%A9/03_%E6%9C%9F%E6%9C%AB%E7%9C%9F%E9%A2%98%E8%AF%95%E5%8D%B7/HTML/%E4%BA%8C%E5%B9%B4%E7%BA%A7%E9%81%93%E5%BE%B7%E4%B8%8E%E6%B3%95%E6%B2%BB_%E7%AC%AC%E4%B8%80%E5%AD%A6%E6%9C%9F%E6%9C%9F%E6%9C%AB%E8%B4%A8%E9%87%8F%E6%A3%80%E6%B5%8B_%E6%9C%9F%E6%9C%AB%E8%B4%A8%E9%87%8F%E6%A3%80%E6%B5%8BA%E5%8D%B7.html
小学,二年级,科学,试卷网页,二年级科学_上学期期末学业水平测试_学业水平测试B卷,https://chenzhuanxin.github.io/xianning-teaching-resources/%E4%BA%A4%E4%BB%98%E7%89%A9/03_%E6%9C%9F%E6%9C%AB%E7%9C%9F%E9%A2%98%E8%AF%95%E5%8D%B7/HTML/%E4%BA%8C%E5%B9%B4%E7%BA%A7%E7%A7%91%E5%AD%A6_%E4%B8%8A%E5%AD%A6%E6%9C%9F%E6%9C%9F%E6%9C%AB%E5%AD%A6%E4%B8%9A%E6%B0%B4%E5%B9%B3%E6%B5%8B%E8%AF%95_%E5%AD%A6%E4%B8%9A%E6%B0%B4%E5%B9%B3%E6%B5%8B%E8%AF%95B%E5%8D%B7.html
小学,二年级,科学,试卷网页,二年级科学_下学期期末综合检测_综合检测C卷,https://chenzhuanxin.github.io/xianning-teaching-resources/%E4%BA%A4%E4%BB%98%E7%89%A9/03_%E6%9C%9F%E6%9C%AB%E7%9C%9F%E9%A2%98%E8%AF%95%E5%8D%B7/HTML/%E4%BA%8C%E5%B9%B4%E7%BA%A7%E7%A7%91%E5%AD%A6_%E4%B8%8B%E5%AD%A6%E6%9C%9F%E6%9C%9F%E6%9C%AB%E7%BB%BC%E5%90%88%E6%A3%80%E6%B5%8B_%E7%BB%BC%E5%90%88%E6%A3%80%E6%B5%8BC%E5%8D%B7.html
小学,二年级,科学,试卷网页,二年级科学_期末复习质量检测_复习质量检测D卷,https://chenzhuanxin.github.io/xianning-teaching-resources/%E4%BA%A4%E4%BB%98%E7%89%A9/03_%E6%9C%9F%E6%9C%AB%E7%9C%9F%E9%A2%98%E8%AF%95%E5%8D%B7/HTML/%E4%BA%8C%E5%B9%B4%E7%BA%A7%E7%A7%91%E5%AD%A6_%E6%9C%9F%E6%9C%AB%E5%A4%8D%E4%B9%A0%E8%B4%A8%E9%87%8F%E6%A3%80%E6%B5%8B_%E5%A4%8D%E4%B9%A0%E8%B4%A8%E9%87%8F%E6%A3%80%E6%B5%8BD%E5%8D%B7.html
小学,二年级,科学,试卷网页,二年级科学_期末学业质量监测_学业质量监测E卷,https://chenzhuanxin.github.io/xianning-teaching-resources/%E4%BA%A4%E4%BB%98%E7%89%A9/03_%E6%9C%9F%E6%9C%AB%E7%9C%9F%E9%A2%98%E8%AF%95%E5%8D%B7/HTML/%E4%BA%8C%E5%B9%B4%E7%BA%A7%E7%A7%91%E5%AD%A6_%E6%9C%9F%E6%9C%AB%E5%AD%A6%E4%B8%9A%E8%B4%A8%E9%87%8F%E7%9B%91%E6%B5%8B_%E5%AD%A6%E4%B8%9A%E8%B4%A8%E9%87%8F%E7%9B%91%E6%B5%8BE%E5%8D%B7.html
小学,二年级,科学,试卷网页,二年级科学_第一学期期末质量检测_期末质量检测A卷,https://chenzhuanxin.github.io/xianning-teaching-resources/%E4%BA%A4%E4%BB%98%E7%89%A9/03_%E6%9C%9F%E6%9C%AB%E7%9C%9F%E9%A2%98%E8%AF%95%E5%8D%B7/HTML/%E4%BA%8C%E5%B9%B4%E7%BA%A7%E7%A7%91%E5%AD%A6_%E7%AC%AC%E4%B8%80%E5%AD%A6%E6%9C%9F%E6%9C%9F%E6%9C%AB%E8%B4%A8%E9%87%8F%E6%A3%80%E6%B5%8B_%E6%9C%9F%E6%9C%AB%E8%B4%A8%E9%87%8F%E6%A3%80%E6%B5%8BA%E5%8D%B7.html
小学,三年级,语文,试卷网页,三年级语文_上学期期末学业水平测试_学业水平测试B卷,https://chenzhuanxin.github.io/xianning-teaching-resources/%E4%BA%A4%E4%BB%98%E7%89%A9/03_%E6%9C%9F%E6%9C%AB%E7%9C%9F%E9%A2%98%E8%AF%95%E5%8D%B7/HTML/%E4%B8%89%E5%B9%B4%E7%BA%A7%E8%AF%AD%E6%96%87_%E4%B8%8A%E5%AD%A6%E6%9C%9F%E6%9C%9F%E6%9C%AB%E5%AD%A6%E4%B8%9A%E6%B0%B4%E5%B9%B3%E6%B5%8B%E8%AF%95_%E5%AD%A6%E4%B8%9A%E6%B0%B4%E5%B9%B3%E6%B5%8B%E8%AF%95B%E5%8D%B7.html
小学,三年级,语文,试卷网页,三年级语文_下学期期末综合检测_综合检测C卷,https://chenzhuanxin.github.io/xianning-teaching-resources/%E4%BA%A4%E4%BB%98%E7%89%A9/03_%E6%9C%9F%E6%9C%AB%E7%9C%9F%E9%A2%98%E8%AF%95%E5%8D%B7/HTML/%E4%B8%89%E5%B9%B4%E7%BA%A7%E8%AF%AD%E6%96%87_%E4%B8%8B%E5%AD%A6%E6%9C%9F%E6%9C%9F%E6%9C%AB%E7%BB%BC%E5%90%88%E6%A3%80%E6%B5%8B_%E7%BB%BC%E5%90%88%E6%A3%80%E6%B5%8BC%E5%8D%B7.html
小学,三年级,语文,试卷网页,三年级语文_期末复习质量检测_复习质量检测D卷,https://chenzhuanxin.github.io/xianning-teaching-resources/%E4%BA%A4%E4%BB%98%E7%89%A9/03_%E6%9C%9F%E6%9C%AB%E7%9C%9F%E9%A2%98%E8%AF%95%E5%8D%B7/HTML/%E4%B8%89%E5%B9%B4%E7%BA%A7%E8%AF%AD%E6%96%87_%E6%9C%9F%E6%9C%AB%E5%A4%8D%E4%B9%A0%E8%B4%A8%E9%87%8F%E6%A3%80%E6%B5%8B_%E5%A4%8D%E4%B9%A0%E8%B4%A8%E9%87%8F%E6%A3%80%E6%B5%8BD%E5%8D%B7.html
小学,三年级,语文,试卷网页,三年级语文_期末学业质量监测_学业质量监测E卷,https://chenzhuanxin.github.io/xianning-teaching-resources/%E4%BA%A4%E4%BB%98%E7%89%A9/03_%E6%9C%9F%E6%9C%AB%E7%9C%9F%E9%A2%98%E8%AF%95%E5%8D%B7/HTML/%E4%B8%89%E5%B9%B4%E7%BA%A7%E8%AF%AD%E6%96%87_%E6%9C%9F%E6%9C%AB%E5%AD%A6%E4%B8%9A%E8%B4%A8%E9%87%8F%E7%9B%91%E6%B5%8B_%E5%AD%A6%E4%B8%9A%E8%B4%A8%E9%87%8F%E7%9B%91%E6%B5%8BE%E5%8D%B7.html
小学,三年级,语文,试卷网页,三年级语文_第一学期期末质量检测_期末质量检测A卷,https://chenzhuanxin.github.io/xianning-teaching-resources/%E4%BA%A4%E4%BB%98%E7%89%A9/03_%E6%9C%9F%E6%9C%AB%E7%9C%9F%E9%A2%98%E8%AF%95%E5%8D%B7/HTML/%E4%B8%89%E5%B9%B4%E7%BA%A7%E8%AF%AD%E6%96%87_%E7%AC%AC%E4%B8%80%E5%AD%A6%E6%9C%9F%E6%9C%9F%E6%9C%AB%E8%B4%A8%E9%87%8F%E6%A3%80%E6%B5%8B_%E6%9C%9F%E6%9C%AB%E8%B4%A8%E9%87%8F%E6%A3%80%E6%B5%8BA%E5%8D%B7.html
小学,三年级,数学,试卷网页,三年级数学_上学期期末学业水平测试_学业水平测试B卷,https://chenzhuanxin.github.io/xianning-teaching-resources/%E4%BA%A4%E4%BB%98%E7%89%A9/03_%E6%9C%9F%E6%9C%AB%E7%9C%9F%E9%A2%98%E8%AF%95%E5%8D%B7/HTML/%E4%B8%89%E5%B9%B4%E7%BA%A7%E6%95%B0%E5%AD%A6_%E4%B8%8A%E5%AD%A6%E6%9C%9F%E6%9C%9F%E6%9C%AB%E5%AD%A6%E4%B8%9A%E6%B0%B4%E5%B9%B3%E6%B5%8B%E8%AF%95_%E5%AD%A6%E4%B8%9A%E6%B0%B4%E5%B9%B3%E6%B5%8B%E8%AF%95B%E5%8D%B7.html
小学,三年级,数学,试卷网页,三年级数学_下学期期末综合检测_综合检测C卷,https://chenzhuanxin.github.io/xianning-teaching-resources/%E4%BA%A4%E4%BB%98%E7%89%A9/03_%E6%9C%9F%E6%9C%AB%E7%9C%9F%E9%A2%98%E8%AF%95%E5%8D%B7/HTML/%E4%B8%89%E5%B9%B4%E7%BA%A7%E6%95%B0%E5%AD%A6_%E4%B8%8B%E5%AD%A6%E6%9C%9F%E6%9C%9F%E6%9C%AB%E7%BB%BC%E5%90%88%E6%A3%80%E6%B5%8B_%E7%BB%BC%E5%90%88%E6%A3%80%E6%B5%8BC%E5%8D%B7.html
小学,三年级,数学,试卷网页,三年级数学_期末复习质量检测_复习质量检测D卷,https://chenzhuanxin.github.io/xianning-teaching-resources/%E4%BA%A4%E4%BB%98%E7%89%A9/03_%E6%9C%9F%E6%9C%AB%E7%9C%9F%E9%A2%98%E8%AF%95%E5%8D%B7/HTML/%E4%B8%89%E5%B9%B4%E7%BA%A7%E6%95%B0%E5%AD%A6_%E6%9C%9F%E6%9C%AB%E5%A4%8D%E4%B9%A0%E8%B4%A8%E9%87%8F%E6%A3%80%E6%B5%8B_%E5%A4%8D%E4%B9%A0%E8%B4%A8%E9%87%8F%E6%A3%80%E6%B5%8BD%E5%8D%B7.html
小学,三年级,数学,试卷网页,三年级数学_期末学业质量监测_学业质量监测E卷,https://chenzhuanxin.github.io/xianning-teaching-resources/%E4%BA%A4%E4%BB%98%E7%89%A9/03_%E6%9C%9F%E6%9C%AB%E7%9C%9F%E9%A2%98%E8%AF%95%E5%8D%B7/HTML/%E4%B8%89%E5%B9%B4%E7%BA%A7%E6%95%B0%E5%AD%A6_%E6%9C%9F%E6%9C%AB%E5%AD%A6%E4%B8%9A%E8%B4%A8%E9%87%8F%E7%9B%91%E6%B5%8B_%E5%AD%A6%E4%B8%9A%E8%B4%A8%E9%87%8F%E7%9B%91%E6%B5%8BE%E5%8D%B7.html
小学,三年级,数学,试卷网页,三年级数学_第一学期期末质量检测_期末质量检测A卷,https://chenzhuanxin.github.io/xianning-teaching-resources/%E4%BA%A4%E4%BB%98%E7%89%A9/03_%E6%9C%9F%E6%9C%AB%E7%9C%9F%E9%A2%98%E8%AF%95%E5%8D%B7/HTML/%E4%B8%89%E5%B9%B4%E7%BA%A7%E6%95%B0%E5%AD%A6_%E7%AC%AC%E4%B8%80%E5%AD%A6%E6%9C%9F%E6%9C%9F%E6%9C%AB%E8%B4%A8%E9%87%8F%E6%A3%80%E6%B5%8B_%E6%9C%9F%E6%9C%AB%E8%B4%A8%E9%87%8F%E6%A3%80%E6%B5%8BA%E5%8D%B7.html
小学,三年级,英语,试卷网页,三年级英语_上学期期末学业水平测试_学业水平测试B卷,https://chenzhuanxin.github.io/xianning-teaching-resources/%E4%BA%A4%E4%BB%98%E7%89%A9/03_%E6%9C%9F%E6%9C%AB%E7%9C%9F%E9%A2%98%E8%AF%95%E5%8D%B7/HTML/%E4%B8%89%E5%B9%B4%E7%BA%A7%E8%8B%B1%E8%AF%AD_%E4%B8%8A%E5%AD%A6%E6%9C%9F%E6%9C%9F%E6%9C%AB%E5%AD%A6%E4%B8%9A%E6%B0%B4%E5%B9%B3%E6%B5%8B%E8%AF%95_%E5%AD%A6%E4%B8%9A%E6%B0%B4%E5%B9%B3%E6%B5%8B%E8%AF%95B%E5%8D%B7.html
小学,三年级,英语,试卷网页,三年级英语_下学期期末综合检测_综合检测C卷,https://chenzhuanxin.github.io/xianning-teaching-resources/%E4%BA%A4%E4%BB%98%E7%89%A9/03_%E6%9C%9F%E6%9C%AB%E7%9C%9F%E9%A2%98%E8%AF%95%E5%8D%B7/HTML/%E4%B8%89%E5%B9%B4%E7%BA%A7%E8%8B%B1%E8%AF%AD_%E4%B8%8B%E5%AD%A6%E6%9C%9F%E6%9C%9F%E6%9C%AB%E7%BB%BC%E5%90%88%E6%A3%80%E6%B5%8B_%E7%BB%BC%E5%90%88%E6%A3%80%E6%B5%8BC%E5%8D%B7.html
小学,三年级,英语,试卷网页,三年级英语_期末复习质量检测_复习质量检测D卷,https://chenzhuanxin.github.io/xianning-teaching-resources/%E4%BA%A4%E4%BB%98%E7%89%A9/03_%E6%9C%9F%E6%9C%AB%E7%9C%9F%E9%A2%98%E8%AF%95%E5%8D%B7/HTML/%E4%B8%89%E5%B9%B4%E7%BA%A7%E8%8B%B1%E8%AF%AD_%E6%9C%9F%E6%9C%AB%E5%A4%8D%E4%B9%A0%E8%B4%A8%E9%87%8F%E6%A3%80%E6%B5%8B_%E5%A4%8D%E4%B9%A0%E8%B4%A8%E9%87%8F%E6%A3%80%E6%B5%8BD%E5%8D%B7.html
小学,三年级,英语,试卷网页,三年级英语_期末学业质量监测_学业质量监测E卷,https://chenzhuanxin.github.io/xianning-teaching-resources/%E4%BA%A4%E4%BB%98%E7%89%A9/03_%E6%9C%9F%E6%9C%AB%E7%9C%9F%E9%A2%98%E8%AF%95%E5%8D%B7/HTML/%E4%B8%89%E5%B9%B4%E7%BA%A7%E8%8B%B1%E8%AF%AD_%E6%9C%9F%E6%9C%AB%E5%AD%A6%E4%B8%9A%E8%B4%A8%E9%87%8F%E7%9B%91%E6%B5%8B_%E5%AD%A6%E4%B8%9A%E8%B4%A8%E9%87%8F%E7%9B%91%E6%B5%8BE%E5%8D%B7.html
小学,三年级,英语,试卷网页,三年级英语_第一学期期末质量检测_期末质量检测A卷,https://chenzhuanxin.github.io/xianning-teaching-resources/%E4%BA%A4%E4%BB%98%E7%89%A9/03_%E6%9C%9F%E6%9C%AB%E7%9C%9F%E9%A2%98%E8%AF%95%E5%8D%B7/HTML/%E4%B8%89%E5%B9%B4%E7%BA%A7%E8%8B%B1%E8%AF%AD_%E7%AC%AC%E4%B8%80%E5%AD%A6%E6%9C%9F%E6%9C%9F%E6%9C%AB%E8%B4%A8%E9%87%8F%E6%A3%80%E6%B5%8B_%E6%9C%9F%E6%9C%AB%E8%B4%A8%E9%87%8F%E6%A3%80%E6%B5%8BA%E5%8D%B7.html
小学,三年级,道德与法治,试卷网页,三年级道德与法治_上学期期末学业水平测试_学业水平测试B卷,https://chenzhuanxin.github.io/xianning-teaching-resources/%E4%BA%A4%E4%BB%98%E7%89%A9/03_%E6%9C%9F%E6%9C%AB%E7%9C%9F%E9%A2%98%E8%AF%95%E5%8D%B7/HTML/%E4%B8%89%E5%B9%B4%E7%BA%A7%E9%81%93%E5%BE%B7%E4%B8%8E%E6%B3%95%E6%B2%BB_%E4%B8%8A%E5%AD%A6%E6%9C%9F%E6%9C%9F%E6%9C%AB%E5%AD%A6%E4%B8%9A%E6%B0%B4%E5%B9%B3%E6%B5%8B%E8%AF%95_%E5%AD%A6%E4%B8%9A%E6%B0%B4%E5%B9%B3%E6%B5%8B%E8%AF%95B%E5%8D%B7.html
小学,三年级,道德与法治,试卷网页,三年级道德与法治_下学期期末综合检测_综合检测C卷,https://chenzhuanxin.github.io/xianning-teaching-resources/%E4%BA%A4%E4%BB%98%E7%89%A9/03_%E6%9C%9F%E6%9C%AB%E7%9C%9F%E9%A2%98%E8%AF%95%E5%8D%B7/HTML/%E4%B8%89%E5%B9%B4%E7%BA%A7%E9%81%93%E5%BE%B7%E4%B8%8E%E6%B3%95%E6%B2%BB_%E4%B8%8B%E5%AD%A6%E6%9C%9F%E6%9C%9F%E6%9C%AB%E7%BB%BC%E5%90%88%E6%A3%80%E6%B5%8B_%E7%BB%BC%E5%90%88%E6%A3%80%E6%B5%8BC%E5%8D%B7.html
小学,三年级,道德与法治,试卷网页,三年级道德与法治_期末复习质量检测_复习质量检测D卷,https://chenzhuanxin.github.io/xianning-teaching-resources/%E4%BA%A4%E4%BB%98%E7%89%A9/03_%E6%9C%9F%E6%9C%AB%E7%9C%9F%E9%A2%98%E8%AF%95%E5%8D%B7/HTML/%E4%B8%89%E5%B9%B4%E7%BA%A7%E9%81%93%E5%BE%B7%E4%B8%8E%E6%B3%95%E6%B2%BB_%E6%9C%9F%E6%9C%AB%E5%A4%8D%E4%B9%A0%E8%B4%A8%E9%87%8F%E6%A3%80%E6%B5%8B_%E5%A4%8D%E4%B9%A0%E8%B4%A8%E9%87%8F%E6%A3%80%E6%B5%8BD%E5%8D%B7.html
小学,三年级,道德与法治,试卷网页,三年级道德与法治_期末学业质量监测_学业质量监测E卷,https://chenzhuanxin.github.io/xianning-teaching-resources/%E4%BA%A4%E4%BB%98%E7%89%A9/03_%E6%9C%9F%E6%9C%AB%E7%9C%9F%E9%A2%98%E8%AF%95%E5%8D%B7/HTML/%E4%B8%89%E5%B9%B4%E7%BA%A7%E9%81%93%E5%BE%B7%E4%B8%8E%E6%B3%95%E6%B2%BB_%E6%9C%9F%E6%9C%AB%E5%AD%A6%E4%B8%9A%E8%B4%A8%E9%87%8F%E7%9B%91%E6%B5%8B_%E5%AD%A6%E4%B8%9A%E8%B4%A8%E9%87%8F%E7%9B%91%E6%B5%8BE%E5%8D%B7.html
小学,三年级,道德与法治,试卷网页,三年级道德与法治_第一学期期末质量检测_期末质量检测A卷,https://chenzhuanxin.github.io/xianning-teaching-resources/%E4%BA%A4%E4%BB%98%E7%89%A9/03_%E6%9C%9F%E6%9C%AB%E7%9C%9F%E9%A2%98%E8%AF%95%E5%8D%B7/HTML/%E4%B8%89%E5%B9%B4%E7%BA%A7%E9%81%93%E5%BE%B7%E4%B8%8E%E6%B3%95%E6%B2%BB_%E7%AC%AC%E4%B8%80%E5%AD%A6%E6%9C%9F%E6%9C%9F%E6%9C%AB%E8%B4%A8%E9%87%8F%E6%A3%80%E6%B5%8B_%E6%9C%9F%E6%9C%AB%E8%B4%A8%E9%87%8F%E6%A3%80%E6%B5%8BA%E5%8D%B7.html
小学,三年级,科学,试卷网页,三年级科学_上学期期末学业水平测试_学业水平测试B卷,https://chenzhuanxin.github.io/xianning-teaching-resources/%E4%BA%A4%E4%BB%98%E7%89%A9/03_%E6%9C%9F%E6%9C%AB%E7%9C%9F%E9%A2%98%E8%AF%95%E5%8D%B7/HTML/%E4%B8%89%E5%B9%B4%E7%BA%A7%E7%A7%91%E5%AD%A6_%E4%B8%8A%E5%AD%A6%E6%9C%9F%E6%9C%9F%E6%9C%AB%E5%AD%A6%E4%B8%9A%E6%B0%B4%E5%B9%B3%E6%B5%8B%E8%AF%95_%E5%AD%A6%E4%B8%9A%E6%B0%B4%E5%B9%B3%E6%B5%8B%E8%AF%95B%E5%8D%B7.html
小学,三年级,科学,试卷网页,三年级科学_下学期期末综合检测_综合检测C卷,https://chenzhuanxin.github.io/xianning-teaching-resources/%E4%BA%A4%E4%BB%98%E7%89%A9/03_%E6%9C%9F%E6%9C%AB%E7%9C%9F%E9%A2%98%E8%AF%95%E5%8D%B7/HTML/%E4%B8%89%E5%B9%B4%E7%BA%A7%E7%A7%91%E5%AD%A6_%E4%B8%8B%E5%AD%A6%E6%9C%9F%E6%9C%9F%E6%9C%AB%E7%BB%BC%E5%90%88%E6%A3%80%E6%B5%8B_%E7%BB%BC%E5%90%88%E6%A3%80%E6%B5%8BC%E5%8D%B7.html
小学,三年级,科学,试卷网页,三年级科学_期末复习质量检测_复习质量检测D卷,https://chenzhuanxin.github.io/xianning-teaching-resources/%E4%BA%A4%E4%BB%98%E7%89%A9/03_%E6%9C%9F%E6%9C%AB%E7%9C%9F%E9%A2%98%E8%AF%95%E5%8D%B7/HTML/%E4%B8%89%E5%B9%B4%E7%BA%A7%E7%A7%91%E5%AD%A6_%E6%9C%9F%E6%9C%AB%E5%A4%8D%E4%B9%A0%E8%B4%A8%E9%87%8F%E6%A3%80%E6%B5%8B_%E5%A4%8D%E4%B9%A0%E8%B4%A8%E9%87%8F%E6%A3%80%E6%B5%8BD%E5%8D%B7.html
小学,三年级,科学,试卷网页,三年级科学_期末学业质量监测_学业质量监测E卷,https://chenzhuanxin.github.io/xianning-teaching-resources/%E4%BA%A4%E4%BB%98%E7%89%A9/03_%E6%9C%9F%E6%9C%AB%E7%9C%9F%E9%A2%98%E8%AF%95%E5%8D%B7/HTML/%E4%B8%89%E5%B9%B4%E7%BA%A7%E7%A7%91%E5%AD%A6_%E6%9C%9F%E6%9C%AB%E5%AD%A6%E4%B8%9A%E8%B4%A8%E9%87%8F%E7%9B%91%E6%B5%8B_%E5%AD%A6%E4%B8%9A%E8%B4%A8%E9%87%8F%E7%9B%91%E6%B5%8BE%E5%8D%B7.html
小学,三年级,科学,试卷网页,三年级科学_第一学期期末质量检测_期末质量检测A卷,https://chenzhuanxin.github.io/xianning-teaching-resources/%E4%BA%A4%E4%BB%98%E7%89%A9/03_%E6%9C%9F%E6%9C%AB%E7%9C%9F%E9%A2%98%E8%AF%95%E5%8D%B7/HTML/%E4%B8%89%E5%B9%B4%E7%BA%A7%E7%A7%91%E5%AD%A6_%E7%AC%AC%E4%B8%80%E5%AD%A6%E6%9C%9F%E6%9C%9F%E6%9C%AB%E8%B4%A8%E9%87%8F%E6%A3%80%E6%B5%8B_%E6%9C%9F%E6%9C%AB%E8%B4%A8%E9%87%8F%E6%A3%80%E6%B5%8BA%E5%8D%B7.html
小学,四年级,语文,试卷网页,四年级语文_上学期期末学业水平测试_学业水平测试B卷,https://chenzhuanxin.github.io/xianning-teaching-resources/%E4%BA%A4%E4%BB%98%E7%89%A9/03_%E6%9C%9F%E6%9C%AB%E7%9C%9F%E9%A2%98%E8%AF%95%E5%8D%B7/HTML/%E5%9B%9B%E5%B9%B4%E7%BA%A7%E8%AF%AD%E6%96%87_%E4%B8%8A%E5%AD%A6%E6%9C%9F%E6%9C%9F%E6%9C%AB%E5%AD%A6%E4%B8%9A%E6%B0%B4%E5%B9%B3%E6%B5%8B%E8%AF%95_%E5%AD%A6%E4%B8%9A%E6%B0%B4%E5%B9%B3%E6%B5%8B%E8%AF%95B%E5%8D%B7.html
小学,四年级,语文,试卷网页,四年级语文_下学期期末综合检测_综合检测C卷,https://chenzhuanxin.github.io/xianning-teaching-resources/%E4%BA%A4%E4%BB%98%E7%89%A9/03_%E6%9C%9F%E6%9C%AB%E7%9C%9F%E9%A2%98%E8%AF%95%E5%8D%B7/HTML/%E5%9B%9B%E5%B9%B4%E7%BA%A7%E8%AF%AD%E6%96%87_%E4%B8%8B%E5%AD%A6%E6%9C%9F%E6%9C%9F%E6%9C%AB%E7%BB%BC%E5%90%88%E6%A3%80%E6%B5%8B_%E7%BB%BC%E5%90%88%E6%A3%80%E6%B5%8BC%E5%8D%B7.html
小学,四年级,语文,试卷网页,四年级语文_期末复习质量检测_复习质量检测D卷,https://chenzhuanxin.github.io/xianning-teaching-resources/%E4%BA%A4%E4%BB%98%E7%89%A9/03_%E6%9C%9F%E6%9C%AB%E7%9C%9F%E9%A2%98%E8%AF%95%E5%8D%B7/HTML/%E5%9B%9B%E5%B9%B4%E7%BA%A7%E8%AF%AD%E6%96%87_%E6%9C%9F%E6%9C%AB%E5%A4%8D%E4%B9%A0%E8%B4%A8%E9%87%8F%E6%A3%80%E6%B5%8B_%E5%A4%8D%E4%B9%A0%E8%B4%A8%E9%87%8F%E6%A3%80%E6%B5%8BD%E5%8D%B7.html
小学,四年级,语文,试卷网页,四年级语文_期末学业质量监测_学业质量监测E卷,https://chenzhuanxin.github.io/xianning-teaching-resources/%E4%BA%A4%E4%BB%98%E7%89%A9/03_%E6%9C%9F%E6%9C%AB%E7%9C%9F%E9%A2%98%E8%AF%95%E5%8D%B7/HTML/%E5%9B%9B%E5%B9%B4%E7%BA%A7%E8%AF%AD%E6%96%87_%E6%9C%9F%E6%9C%AB%E5%AD%A6%E4%B8%9A%E8%B4%A8%E9%87%8F%E7%9B%91%E6%B5%8B_%E5%AD%A6%E4%B8%9A%E8%B4%A8%E9%87%8F%E7%9B%91%E6%B5%8BE%E5%8D%B7.html
小学,四年级,语文,试卷网页,四年级语文_第一学期期末质量检测_期末质量检测A卷,https://chenzhuanxin.github.io/xianning-teaching-resources/%E4%BA%A4%E4%BB%98%E7%89%A9/03_%E6%9C%9F%E6%9C%AB%E7%9C%9F%E9%A2%98%E8%AF%95%E5%8D%B7/HTML/%E5%9B%9B%E5%B9%B4%E7%BA%A7%E8%AF%AD%E6%96%87_%E7%AC%AC%E4%B8%80%E5%AD%A6%E6%9C%9F%E6%9C%9F%E6%9C%AB%E8%B4%A8%E9%87%8F%E6%A3%80%E6%B5%8B_%E6%9C%9F%E6%9C%AB%E8%B4%A8%E9%87%8F%E6%A3%80%E6%B5%8BA%E5%8D%B7.html
小学,四年级,数学,试卷网页,四年级数学_上学期期末学业水平测试_学业水平测试B卷,https://chenzhuanxin.github.io/xianning-teaching-resources/%E4%BA%A4%E4%BB%98%E7%89%A9/03_%E6%9C%9F%E6%9C%AB%E7%9C%9F%E9%A2%98%E8%AF%95%E5%8D%B7/HTML/%E5%9B%9B%E5%B9%B4%E7%BA%A7%E6%95%B0%E5%AD%A6_%E4%B8%8A%E5%AD%A6%E6%9C%9F%E6%9C%9F%E6%9C%AB%E5%AD%A6%E4%B8%9A%E6%B0%B4%E5%B9%B3%E6%B5%8B%E8%AF%95_%E5%AD%A6%E4%B8%9A%E6%B0%B4%E5%B9%B3%E6%B5%8B%E8%AF%95B%E5%8D%B7.html
小学,四年级,数学,试卷网页,四年级数学_下学期期末综合检测_综合检测C卷,https://chenzhuanxin.github.io/xianning-teaching-resources/%E4%BA%A4%E4%BB%98%E7%89%A9/03_%E6%9C%9F%E6%9C%AB%E7%9C%9F%E9%A2%98%E8%AF%95%E5%8D%B7/HTML/%E5%9B%9B%E5%B9%B4%E7%BA%A7%E6%95%B0%E5%AD%A6_%E4%B8%8B%E5%AD%A6%E6%9C%9F%E6%9C%9F%E6%9C%AB%E7%BB%BC%E5%90%88%E6%A3%80%E6%B5%8B_%E7%BB%BC%E5%90%88%E6%A3%80%E6%B5%8BC%E5%8D%B7.html
小学,四年级,数学,试卷网页,四年级数学_期末复习质量检测_复习质量检测D卷,https://chenzhuanxin.github.io/xianning-teaching-resources/%E4%BA%A4%E4%BB%98%E7%89%A9/03_%E6%9C%9F%E6%9C%AB%E7%9C%9F%E9%A2%98%E8%AF%95%E5%8D%B7/HTML/%E5%9B%9B%E5%B9%B4%E7%BA%A7%E6%95%B0%E5%AD%A6_%E6%9C%9F%E6%9C%AB%E5%A4%8D%E4%B9%A0%E8%B4%A8%E9%87%8F%E6%A3%80%E6%B5%8B_%E5%A4%8D%E4%B9%A0%E8%B4%A8%E9%87%8F%E6%A3%80%E6%B5%8BD%E5%8D%B7.html
小学,四年级,数学,试卷网页,四年级数学_期末学业质量监测_学业质量监测E卷,https://chenzhuanxin.github.io/xianning-teaching-resources/%E4%BA%A4%E4%BB%98%E7%89%A9/03_%E6%9C%9F%E6%9C%AB%E7%9C%9F%E9%A2%98%E8%AF%95%E5%8D%B7/HTML/%E5%9B%9B%E5%B9%B4%E7%BA%A7%E6%95%B0%E5%AD%A6_%E6%9C%9F%E6%9C%AB%E5%AD%A6%E4%B8%9A%E8%B4%A8%E9%87%8F%E7%9B%91%E6%B5%8B_%E5%AD%A6%E4%B8%9A%E8%B4%A8%E9%87%8F%E7%9B%91%E6%B5%8BE%E5%8D%B7.html
小学,四年级,数学,试卷网页,四年级数学_第一学期期末质量检测_期末质量检测A卷,https://chenzhuanxin.github.io/xianning-teaching-resources/%E4%BA%A4%E4%BB%98%E7%89%A9/03_%E6%9C%9F%E6%9C%AB%E7%9C%9F%E9%A2%98%E8%AF%95%E5%8D%B7/HTML/%E5%9B%9B%E5%B9%B4%E7%BA%A7%E6%95%B0%E5%AD%A6_%E7%AC%AC%E4%B8%80%E5%AD%A6%E6%9C%9F%E6%9C%9F%E6%9C%AB%E8%B4%A8%E9%87%8F%E6%A3%80%E6%B5%8B_%E6%9C%9F%E6%9C%AB%E8%B4%A8%E9%87%8F%E6%A3%80%E6%B5%8BA%E5%8D%B7.html
小学,四年级,英语,试卷网页,四年级英语_上学期期末学业水平测试_学业水平测试B卷,https://chenzhuanxin.github.io/xianning-teaching-resources/%E4%BA%A4%E4%BB%98%E7%89%A9/03_%E6%9C%9F%E6%9C%AB%E7%9C%9F%E9%A2%98%E8%AF%95%E5%8D%B7/HTML/%E5%9B%9B%E5%B9%B4%E7%BA%A7%E8%8B%B1%E8%AF%AD_%E4%B8%8A%E5%AD%A6%E6%9C%9F%E6%9C%9F%E6%9C%AB%E5%AD%A6%E4%B8%9A%E6%B0%B4%E5%B9%B3%E6%B5%8B%E8%AF%95_%E5%AD%A6%E4%B8%9A%E6%B0%B4%E5%B9%B3%E6%B5%8B%E8%AF%95B%E5%8D%B7.html
小学,四年级,英语,试卷网页,四年级英语_下学期期末综合检测_综合检测C卷,https://chenzhuanxin.github.io/xianning-teaching-resources/%E4%BA%A4%E4%BB%98%E7%89%A9/03_%E6%9C%9F%E6%9C%AB%E7%9C%9F%E9%A2%98%E8%AF%95%E5%8D%B7/HTML/%E5%9B%9B%E5%B9%B4%E7%BA%A7%E8%8B%B1%E8%AF%AD_%E4%B8%8B%E5%AD%A6%E6%9C%9F%E6%9C%9F%E6%9C%AB%E7%BB%BC%E5%90%88%E6%A3%80%E6%B5%8B_%E7%BB%BC%E5%90%88%E6%A3%80%E6%B5%8BC%E5%8D%B7.html
小学,四年级,英语,试卷网页,四年级英语_期末复习质量检测_复习质量检测D卷,https://chenzhuanxin.github.io/xianning-teaching-resources/%E4%BA%A4%E4%BB%98%E7%89%A9/03_%E6%9C%9F%E6%9C%AB%E7%9C%9F%E9%A2%98%E8%AF%95%E5%8D%B7/HTML/%E5%9B%9B%E5%B9%B4%E7%BA%A7%E8%8B%B1%E8%AF%AD_%E6%9C%9F%E6%9C%AB%E5%A4%8D%E4%B9%A0%E8%B4%A8%E9%87%8F%E6%A3%80%E6%B5%8B_%E5%A4%8D%E4%B9%A0%E8%B4%A8%E9%87%8F%E6%A3%80%E6%B5%8BD%E5%8D%B7.html
小学,四年级,英语,试卷网页,四年级英语_期末学业质量监测_学业质量监测E卷,https://chenzhuanxin.github.io/xianning-teaching-resources/%E4%BA%A4%E4%BB%98%E7%89%A9/03_%E6%9C%9F%E6%9C%AB%E7%9C%9F%E9%A2%98%E8%AF%95%E5%8D%B7/HTML/%E5%9B%9B%E5%B9%B4%E7%BA%A7%E8%8B%B1%E8%AF%AD_%E6%9C%9F%E6%9C%AB%E5%AD%A6%E4%B8%9A%E8%B4%A8%E9%87%8F%E7%9B%91%E6%B5%8B_%E5%AD%A6%E4%B8%9A%E8%B4%A8%E9%87%8F%E7%9B%91%E6%B5%8BE%E5%8D%B7.html
小学,四年级,英语,试卷网页,四年级英语_第一学期期末质量检测_期末质量检测A卷,https://chenzhuanxin.github.io/xianning-teaching-resources/%E4%BA%A4%E4%BB%98%E7%89%A9/03_%E6%9C%9F%E6%9C%AB%E7%9C%9F%E9%A2%98%E8%AF%95%E5%8D%B7/HTML/%E5%9B%9B%E5%B9%B4%E7%BA%A7%E8%8B%B1%E8%AF%AD_%E7%AC%AC%E4%B8%80%E5%AD%A6%E6%9C%9F%E6%9C%9F%E6%9C%AB%E8%B4%A8%E9%87%8F%E6%A3%80%E6%B5%8B_%E6%9C%9F%E6%9C%AB%E8%B4%A8%E9%87%8F%E6%A3%80%E6%B5%8BA%E5%8D%B7.html
小学,四年级,道德与法治,试卷网页,四年级道德与法治_上学期期末学业水平测试_学业水平测试B卷,https://chenzhuanxin.github.io/xianning-teaching-resources/%E4%BA%A4%E4%BB%98%E7%89%A9/03_%E6%9C%9F%E6%9C%AB%E7%9C%9F%E9%A2%98%E8%AF%95%E5%8D%B7/HTML/%E5%9B%9B%E5%B9%B4%E7%BA%A7%E9%81%93%E5%BE%B7%E4%B8%8E%E6%B3%95%E6%B2%BB_%E4%B8%8A%E5%AD%A6%E6%9C%9F%E6%9C%9F%E6%9C%AB%E5%AD%A6%E4%B8%9A%E6%B0%B4%E5%B9%B3%E6%B5%8B%E8%AF%95_%E5%AD%A6%E4%B8%9A%E6%B0%B4%E5%B9%B3%E6%B5%8B%E8%AF%95B%E5%8D%B7.html
小学,四年级,道德与法治,试卷网页,四年级道德与法治_下学期期末综合检测_综合检测C卷,https://chenzhuanxin.github.io/xianning-teaching-resources/%E4%BA%A4%E4%BB%98%E7%89%A9/03_%E6%9C%9F%E6%9C%AB%E7%9C%9F%E9%A2%98%E8%AF%95%E5%8D%B7/HTML/%E5%9B%9B%E5%B9%B4%E7%BA%A7%E9%81%93%E5%BE%B7%E4%B8%8E%E6%B3%95%E6%B2%BB_%E4%B8%8B%E5%AD%A6%E6%9C%9F%E6%9C%9F%E6%9C%AB%E7%BB%BC%E5%90%88%E6%A3%80%E6%B5%8B_%E7%BB%BC%E5%90%88%E6%A3%80%E6%B5%8BC%E5%8D%B7.html
小学,四年级,道德与法治,试卷网页,四年级道德与法治_期末复习质量检测_复习质量检测D卷,https://chenzhuanxin.github.io/xianning-teaching-resources/%E4%BA%A4%E4%BB%98%E7%89%A9/03_%E6%9C%9F%E6%9C%AB%E7%9C%9F%E9%A2%98%E8%AF%95%E5%8D%B7/HTML/%E5%9B%9B%E5%B9%B4%E7%BA%A7%E9%81%93%E5%BE%B7%E4%B8%8E%E6%B3%95%E6%B2%BB_%E6%9C%9F%E6%9C%AB%E5%A4%8D%E4%B9%A0%E8%B4%A8%E9%87%8F%E6%A3%80%E6%B5%8B_%E5%A4%8D%E4%B9%A0%E8%B4%A8%E9%87%8F%E6%A3%80%E6%B5%8BD%E5%8D%B7.html
小学,四年级,道德与法治,试卷网页,四年级道德与法治_期末学业质量监测_学业质量监测E卷,https://chenzhuanxin.github.io/xianning-teaching-resources/%E4%BA%A4%E4%BB%98%E7%89%A9/03_%E6%9C%9F%E6%9C%AB%E7%9C%9F%E9%A2%98%E8%AF%95%E5%8D%B7/HTML/%E5%9B%9B%E5%B9%B4%E7%BA%A7%E9%81%93%E5%BE%B7%E4%B8%8E%E6%B3%95%E6%B2%BB_%E6%9C%9F%E6%9C%AB%E5%AD%A6%E4%B8%9A%E8%B4%A8%E9%87%8F%E7%9B%91%E6%B5%8B_%E5%AD%A6%E4%B8%9A%E8%B4%A8%E9%87%8F%E7%9B%91%E6%B5%8BE%E5%8D%B7.html
小学,四年级,道德与法治,试卷网页,四年级道德与法治_第一学期期末质量检测_期末质量检测A卷,https://chenzhuanxin.github.io/xianning-teaching-resources/%E4%BA%A4%E4%BB%98%E7%89%A9/03_%E6%9C%9F%E6%9C%AB%E7%9C%9F%E9%A2%98%E8%AF%95%E5%8D%B7/HTML/%E5%9B%9B%E5%B9%B4%E7%BA%A7%E9%81%93%E5%BE%B7%E4%B8%8E%E6%B3%95%E6%B2%BB_%E7%AC%AC%E4%B8%80%E5%AD%A6%E6%9C%9F%E6%9C%9F%E6%9C%AB%E8%B4%A8%E9%87%8F%E6%A3%80%E6%B5%8B_%E6%9C%9F%E6%9C%AB%E8%B4%A8%E9%87%8F%E6%A3%80%E6%B5%8BA%E5%8D%B7.html
小学,四年级,科学,试卷网页,四年级科学_上学期期末学业水平测试_学业水平测试B卷,https://chenzhuanxin.github.io/xianning-teaching-resources/%E4%BA%A4%E4%BB%98%E7%89%A9/03_%E6%9C%9F%E6%9C%AB%E7%9C%9F%E9%A2%98%E8%AF%95%E5%8D%B7/HTML/%E5%9B%9B%E5%B9%B4%E7%BA%A7%E7%A7%91%E5%AD%A6_%E4%B8%8A%E5%AD%A6%E6%9C%9F%E6%9C%9F%E6%9C%AB%E5%AD%A6%E4%B8%9A%E6%B0%B4%E5%B9%B3%E6%B5%8B%E8%AF%95_%E5%AD%A6%E4%B8%9A%E6%B0%B4%E5%B9%B3%E6%B5%8B%E8%AF%95B%E5%8D%B7.html
小学,四年级,科学,试卷网页,四年级科学_下学期期末综合检测_综合检测C卷,https://chenzhuanxin.github.io/xianning-teaching-resources/%E4%BA%A4%E4%BB%98%E7%89%A9/03_%E6%9C%9F%E6%9C%AB%E7%9C%9F%E9%A2%98%E8%AF%95%E5%8D%B7/HTML/%E5%9B%9B%E5%B9%B4%E7%BA%A7%E7%A7%91%E5%AD%A6_%E4%B8%8B%E5%AD%A6%E6%9C%9F%E6%9C%9F%E6%9C%AB%E7%BB%BC%E5%90%88%E6%A3%80%E6%B5%8B_%E7%BB%BC%E5%90%88%E6%A3%80%E6%B5%8BC%E5%8D%B7.html
小学,四年级,科学,试卷网页,四年级科学_期末复习质量检测_复习质量检测D卷,https://chenzhuanxin.github.io/xianning-teaching-resources/%E4%BA%A4%E4%BB%98%E7%89%A9/03_%E6%9C%9F%E6%9C%AB%E7%9C%9F%E9%A2%98%E8%AF%95%E5%8D%B7/HTML/%E5%9B%9B%E5%B9%B4%E7%BA%A7%E7%A7%91%E5%AD%A6_%E6%9C%9F%E6%9C%AB%E5%A4%8D%E4%B9%A0%E8%B4%A8%E9%87%8F%E6%A3%80%E6%B5%8B_%E5%A4%8D%E4%B9%A0%E8%B4%A8%E9%87%8F%E6%A3%80%E6%B5%8BD%E5%8D%B7.html
小学,四年级,科学,试卷网页,四年级科学_期末学业质量监测_学业质量监测E卷,https://chenzhuanxin.github.io/xianning-teaching-resources/%E4%BA%A4%E4%BB%98%E7%89%A9/03_%E6%9C%9F%E6%9C%AB%E7%9C%9F%E9%A2%98%E8%AF%95%E5%8D%B7/HTML/%E5%9B%9B%E5%B9%B4%E7%BA%A7%E7%A7%91%E5%AD%A6_%E6%9C%9F%E6%9C%AB%E5%AD%A6%E4%B8%9A%E8%B4%A8%E9%87%8F%E7%9B%91%E6%B5%8B_%E5%AD%A6%E4%B8%9A%E8%B4%A8%E9%87%8F%E7%9B%91%E6%B5%8BE%E5%8D%B7.html
小学,四年级,科学,试卷网页,四年级科学_第一学期期末质量检测_期末质量检测A卷,https://chenzhuanxin.github.io/xianning-teaching-resources/%E4%BA%A4%E4%BB%98%E7%89%A9/03_%E6%9C%9F%E6%9C%AB%E7%9C%9F%E9%A2%98%E8%AF%95%E5%8D%B7/HTML/%E5%9B%9B%E5%B9%B4%E7%BA%A7%E7%A7%91%E5%AD%A6_%E7%AC%AC%E4%B8%80%E5%AD%A6%E6%9C%9F%E6%9C%9F%E6%9C%AB%E8%B4%A8%E9%87%8F%E6%A3%80%E6%B5%8B_%E6%9C%9F%E6%9C%AB%E8%B4%A8%E9%87%8F%E6%A3%80%E6%B5%8BA%E5%8D%B7.html
小学,五年级,语文,试卷网页,五年级语文_上学期期末学业水平测试_学业水平测试B卷,https://chenzhuanxin.github.io/xianning-teaching-resources/%E4%BA%A4%E4%BB%98%E7%89%A9/03_%E6%9C%9F%E6%9C%AB%E7%9C%9F%E9%A2%98%E8%AF%95%E5%8D%B7/HTML/%E4%BA%94%E5%B9%B4%E7%BA%A7%E8%AF%AD%E6%96%87_%E4%B8%8A%E5%AD%A6%E6%9C%9F%E6%9C%9F%E6%9C%AB%E5%AD%A6%E4%B8%9A%E6%B0%B4%E5%B9%B3%E6%B5%8B%E8%AF%95_%E5%AD%A6%E4%B8%9A%E6%B0%B4%E5%B9%B3%E6%B5%8B%E8%AF%95B%E5%8D%B7.html
小学,五年级,语文,试卷网页,五年级语文_下学期期末综合检测_综合检测C卷,https://chenzhuanxin.github.io/xianning-teaching-resources/%E4%BA%A4%E4%BB%98%E7%89%A9/03_%E6%9C%9F%E6%9C%AB%E7%9C%9F%E9%A2%98%E8%AF%95%E5%8D%B7/HTML/%E4%BA%94%E5%B9%B4%E7%BA%A7%E8%AF%AD%E6%96%87_%E4%B8%8B%E5%AD%A6%E6%9C%9F%E6%9C%9F%E6%9C%AB%E7%BB%BC%E5%90%88%E6%A3%80%E6%B5%8B_%E7%BB%BC%E5%90%88%E6%A3%80%E6%B5%8BC%E5%8D%B7.html
小学,五年级,语文,试卷网页,五年级语文_期末复习质量检测_复习质量检测D卷,https://chenzhuanxin.github.io/xianning-teaching-resources/%E4%BA%A4%E4%BB%98%E7%89%A9/03_%E6%9C%9F%E6%9C%AB%E7%9C%9F%E9%A2%98%E8%AF%95%E5%8D%B7/HTML/%E4%BA%94%E5%B9%B4%E7%BA%A7%E8%AF%AD%E6%96%87_%E6%9C%9F%E6%9C%AB%E5%A4%8D%E4%B9%A0%E8%B4%A8%E9%87%8F%E6%A3%80%E6%B5%8B_%E5%A4%8D%E4%B9%A0%E8%B4%A8%E9%87%8F%E6%A3%80%E6%B5%8BD%E5%8D%B7.html
小学,五年级,语文,试卷网页,五年级语文_期末学业质量监测_学业质量监测E卷,https://chenzhuanxin.github.io/xianning-teaching-resources/%E4%BA%A4%E4%BB%98%E7%89%A9/03_%E6%9C%9F%E6%9C%AB%E7%9C%9F%E9%A2%98%E8%AF%95%E5%8D%B7/HTML/%E4%BA%94%E5%B9%B4%E7%BA%A7%E8%AF%AD%E6%96%87_%E6%9C%9F%E6%9C%AB%E5%AD%A6%E4%B8%9A%E8%B4%A8%E9%87%8F%E7%9B%91%E6%B5%8B_%E5%AD%A6%E4%B8%9A%E8%B4%A8%E9%87%8F%E7%9B%91%E6%B5%8BE%E5%8D%B7.html
小学,五年级,语文,试卷网页,五年级语文_第一学期期末质量检测_期末质量检测A卷,https://chenzhuanxin.github.io/xianning-teaching-resources/%E4%BA%A4%E4%BB%98%E7%89%A9/03_%E6%9C%9F%E6%9C%AB%E7%9C%9F%E9%A2%98%E8%AF%95%E5%8D%B7/HTML/%E4%BA%94%E5%B9%B4%E7%BA%A7%E8%AF%AD%E6%96%87_%E7%AC%AC%E4%B8%80%E5%AD%A6%E6%9C%9F%E6%9C%9F%E6%9C%AB%E8%B4%A8%E9%87%8F%E6%A3%80%E6%B5%8B_%E6%9C%9F%E6%9C%AB%E8%B4%A8%E9%87%8F%E6%A3%80%E6%B5%8BA%E5%8D%B7.html
小学,五年级,数学,试卷网页,五年级数学_上学期期末学业水平测试_学业水平测试B卷,https://chenzhuanxin.github.io/xianning-teaching-resources/%E4%BA%A4%E4%BB%98%E7%89%A9/03_%E6%9C%9F%E6%9C%AB%E7%9C%9F%E9%A2%98%E8%AF%95%E5%8D%B7/HTML/%E4%BA%94%E5%B9%B4%E7%BA%A7%E6%95%B0%E5%AD%A6_%E4%B8%8A%E5%AD%A6%E6%9C%9F%E6%9C%9F%E6%9C%AB%E5%AD%A6%E4%B8%9A%E6%B0%B4%E5%B9%B3%E6%B5%8B%E8%AF%95_%E5%AD%A6%E4%B8%9A%E6%B0%B4%E5%B9%B3%E6%B5%8B%E8%AF%95B%E5%8D%B7.html
小学,五年级,数学,试卷网页,五年级数学_下学期期末综合检测_综合检测C卷,https://chenzhuanxin.github.io/xianning-teaching-resources/%E4%BA%A4%E4%BB%98%E7%89%A9/03_%E6%9C%9F%E6%9C%AB%E7%9C%9F%E9%A2%98%E8%AF%95%E5%8D%B7/HTML/%E4%BA%94%E5%B9%B4%E7%BA%A7%E6%95%B0%E5%AD%A6_%E4%B8%8B%E5%AD%A6%E6%9C%9F%E6%9C%9F%E6%9C%AB%E7%BB%BC%E5%90%88%E6%A3%80%E6%B5%8B_%E7%BB%BC%E5%90%88%E6%A3%80%E6%B5%8BC%E5%8D%B7.html
小学,五年级,数学,试卷网页,五年级数学_期末复习质量检测_复习质量检测D卷,https://chenzhuanxin.github.io/xianning-teaching-resources/%E4%BA%A4%E4%BB%98%E7%89%A9/03_%E6%9C%9F%E6%9C%AB%E7%9C%9F%E9%A2%98%E8%AF%95%E5%8D%B7/HTML/%E4%BA%94%E5%B9%B4%E7%BA%A7%E6%95%B0%E5%AD%A6_%E6%9C%9F%E6%9C%AB%E5%A4%8D%E4%B9%A0%E8%B4%A8%E9%87%8F%E6%A3%80%E6%B5%8B_%E5%A4%8D%E4%B9%A0%E8%B4%A8%E9%87%8F%E6%A3%80%E6%B5%8BD%E5%8D%B7.html
小学,五年级,数学,试卷网页,五年级数学_期末学业质量监测_学业质量监测E卷,https://chenzhuanxin.github.io/xianning-teaching-resources/%E4%BA%A4%E4%BB%98%E7%89%A9/03_%E6%9C%9F%E6%9C%AB%E7%9C%9F%E9%A2%98%E8%AF%95%E5%8D%B7/HTML/%E4%BA%94%E5%B9%B4%E7%BA%A7%E6%95%B0%E5%AD%A6_%E6%9C%9F%E6%9C%AB%E5%AD%A6%E4%B8%9A%E8%B4%A8%E9%87%8F%E7%9B%91%E6%B5%8B_%E5%AD%A6%E4%B8%9A%E8%B4%A8%E9%87%8F%E7%9B%91%E6%B5%8BE%E5%8D%B7.html
小学,五年级,数学,试卷网页,五年级数学_第一学期期末质量检测_期末质量检测A卷,https://chenzhuanxin.github.io/xianning-teaching-resources/%E4%BA%A4%E4%BB%98%E7%89%A9/03_%E6%9C%9F%E6%9C%AB%E7%9C%9F%E9%A2%98%E8%AF%95%E5%8D%B7/HTML/%E4%BA%94%E5%B9%B4%E7%BA%A7%E6%95%B0%E5%AD%A6_%E7%AC%AC%E4%B8%80%E5%AD%A6%E6%9C%9F%E6%9C%9F%E6%9C%AB%E8%B4%A8%E9%87%8F%E6%A3%80%E6%B5%8B_%E6%9C%9F%E6%9C%AB%E8%B4%A8%E9%87%8F%E6%A3%80%E6%B5%8BA%E5%8D%B7.html
小学,五年级,英语,试卷网页,五年级英语_上学期期末学业水平测试_学业水平测试B卷,https://chenzhuanxin.github.io/xianning-teaching-resources/%E4%BA%A4%E4%BB%98%E7%89%A9/03_%E6%9C%9F%E6%9C%AB%E7%9C%9F%E9%A2%98%E8%AF%95%E5%8D%B7/HTML/%E4%BA%94%E5%B9%B4%E7%BA%A7%E8%8B%B1%E8%AF%AD_%E4%B8%8A%E5%AD%A6%E6%9C%9F%E6%9C%9F%E6%9C%AB%E5%AD%A6%E4%B8%9A%E6%B0%B4%E5%B9%B3%E6%B5%8B%E8%AF%95_%E5%AD%A6%E4%B8%9A%E6%B0%B4%E5%B9%B3%E6%B5%8B%E8%AF%95B%E5%8D%B7.html
小学,五年级,英语,试卷网页,五年级英语_下学期期末综合检测_综合检测C卷,https://chenzhuanxin.github.io/xianning-teaching-resources/%E4%BA%A4%E4%BB%98%E7%89%A9/03_%E6%9C%9F%E6%9C%AB%E7%9C%9F%E9%A2%98%E8%AF%95%E5%8D%B7/HTML/%E4%BA%94%E5%B9%B4%E7%BA%A7%E8%8B%B1%E8%AF%AD_%E4%B8%8B%E5%AD%A6%E6%9C%9F%E6%9C%9F%E6%9C%AB%E7%BB%BC%E5%90%88%E6%A3%80%E6%B5%8B_%E7%BB%BC%E5%90%88%E6%A3%80%E6%B5%8BC%E5%8D%B7.html
小学,五年级,英语,试卷网页,五年级英语_期末复习质量检测_复习质量检测D卷,https://chenzhuanxin.github.io/xianning-teaching-resources/%E4%BA%A4%E4%BB%98%E7%89%A9/03_%E6%9C%9F%E6%9C%AB%E7%9C%9F%E9%A2%98%E8%AF%95%E5%8D%B7/HTML/%E4%BA%94%E5%B9%B4%E7%BA%A7%E8%8B%B1%E8%AF%AD_%E6%9C%9F%E6%9C%AB%E5%A4%8D%E4%B9%A0%E8%B4%A8%E9%87%8F%E6%A3%80%E6%B5%8B_%E5%A4%8D%E4%B9%A0%E8%B4%A8%E9%87%8F%E6%A3%80%E6%B5%8BD%E5%8D%B7.html
小学,五年级,英语,试卷网页,五年级英语_期末学业质量监测_学业质量监测E卷,https://chenzhuanxin.github.io/xianning-teaching-resources/%E4%BA%A4%E4%BB%98%E7%89%A9/03_%E6%9C%9F%E6%9C%AB%E7%9C%9F%E9%A2%98%E8%AF%95%E5%8D%B7/HTML/%E4%BA%94%E5%B9%B4%E7%BA%A7%E8%8B%B1%E8%AF%AD_%E6%9C%9F%E6%9C%AB%E5%AD%A6%E4%B8%9A%E8%B4%A8%E9%87%8F%E7%9B%91%E6%B5%8B_%E5%AD%A6%E4%B8%9A%E8%B4%A8%E9%87%8F%E7%9B%91%E6%B5%8BE%E5%8D%B7.html
小学,五年级,英语,试卷网页,五年级英语_第一学期期末质量检测_期末质量检测A卷,https://chenzhuanxin.github.io/xianning-teaching-resources/%E4%BA%A4%E4%BB%98%E7%89%A9/03_%E6%9C%9F%E6%9C%AB%E7%9C%9F%E9%A2%98%E8%AF%95%E5%8D%B7/HTML/%E4%BA%94%E5%B9%B4%E7%BA%A7%E8%8B%B1%E8%AF%AD_%E7%AC%AC%E4%B8%80%E5%AD%A6%E6%9C%9F%E6%9C%9F%E6%9C%AB%E8%B4%A8%E9%87%8F%E6%A3%80%E6%B5%8B_%E6%9C%9F%E6%9C%AB%E8%B4%A8%E9%87%8F%E6%A3%80%E6%B5%8BA%E5%8D%B7.html
小学,五年级,道德与法治,试卷网页,五年级道德与法治_上学期期末学业水平测试_学业水平测试B卷,https://chenzhuanxin.github.io/xianning-teaching-resources/%E4%BA%A4%E4%BB%98%E7%89%A9/03_%E6%9C%9F%E6%9C%AB%E7%9C%9F%E9%A2%98%E8%AF%95%E5%8D%B7/HTML/%E4%BA%94%E5%B9%B4%E7%BA%A7%E9%81%93%E5%BE%B7%E4%B8%8E%E6%B3%95%E6%B2%BB_%E4%B8%8A%E5%AD%A6%E6%9C%9F%E6%9C%9F%E6%9C%AB%E5%AD%A6%E4%B8%9A%E6%B0%B4%E5%B9%B3%E6%B5%8B%E8%AF%95_%E5%AD%A6%E4%B8%9A%E6%B0%B4%E5%B9%B3%E6%B5%8B%E8%AF%95B%E5%8D%B7.html
小学,五年级,道德与法治,试卷网页,五年级道德与法治_下学期期末综合检测_综合检测C卷,https://chenzhuanxin.github.io/xianning-teaching-resources/%E4%BA%A4%E4%BB%98%E7%89%A9/03_%E6%9C%9F%E6%9C%AB%E7%9C%9F%E9%A2%98%E8%AF%95%E5%8D%B7/HTML/%E4%BA%94%E5%B9%B4%E7%BA%A7%E9%81%93%E5%BE%B7%E4%B8%8E%E6%B3%95%E6%B2%BB_%E4%B8%8B%E5%AD%A6%E6%9C%9F%E6%9C%9F%E6%9C%AB%E7%BB%BC%E5%90%88%E6%A3%80%E6%B5%8B_%E7%BB%BC%E5%90%88%E6%A3%80%E6%B5%8BC%E5%8D%B7.html
小学,五年级,道德与法治,试卷网页,五年级道德与法治_期末复习质量检测_复习质量检测D卷,https://chenzhuanxin.github.io/xianning-teaching-resources/%E4%BA%A4%E4%BB%98%E7%89%A9/03_%E6%9C%9F%E6%9C%AB%E7%9C%9F%E9%A2%98%E8%AF%95%E5%8D%B7/HTML/%E4%BA%94%E5%B9%B4%E7%BA%A7%E9%81%93%E5%BE%B7%E4%B8%8E%E6%B3%95%E6%B2%BB_%E6%9C%9F%E6%9C%AB%E5%A4%8D%E4%B9%A0%E8%B4%A8%E9%87%8F%E6%A3%80%E6%B5%8B_%E5%A4%8D%E4%B9%A0%E8%B4%A8%E9%87%8F%E6%A3%80%E6%B5%8BD%E5%8D%B7.html
小学,五年级,道德与法治,试卷网页,五年级道德与法治_期末学业质量监测_学业质量监测E卷,https://chenzhuanxin.github.io/xianning-teaching-resources/%E4%BA%A4%E4%BB%98%E7%89%A9/03_%E6%9C%9F%E6%9C%AB%E7%9C%9F%E9%A2%98%E8%AF%95%E5%8D%B7/HTML/%E4%BA%94%E5%B9%B4%E7%BA%A7%E9%81%93%E5%BE%B7%E4%B8%8E%E6%B3%95%E6%B2%BB_%E6%9C%9F%E6%9C%AB%E5%AD%A6%E4%B8%9A%E8%B4%A8%E9%87%8F%E7%9B%91%E6%B5%8B_%E5%AD%A6%E4%B8%9A%E8%B4%A8%E9%87%8F%E7%9B%91%E6%B5%8BE%E5%8D%B7.html
小学,五年级,道德与法治,试卷网页,五年级道德与法治_第一学期期末质量检测_期末质量检测A卷,https://chenzhuanxin.github.io/xianning-teaching-resources/%E4%BA%A4%E4%BB%98%E7%89%A9/03_%E6%9C%9F%E6%9C%AB%E7%9C%9F%E9%A2%98%E8%AF%95%E5%8D%B7/HTML/%E4%BA%94%E5%B9%B4%E7%BA%A7%E9%81%93%E5%BE%B7%E4%B8%8E%E6%B3%95%E6%B2%BB_%E7%AC%AC%E4%B8%80%E5%AD%A6%E6%9C%9F%E6%9C%9F%E6%9C%AB%E8%B4%A8%E9%87%8F%E6%A3%80%E6%B5%8B_%E6%9C%9F%E6%9C%AB%E8%B4%A8%E9%87%8F%E6%A3%80%E6%B5%8BA%E5%8D%B7.html
小学,五年级,科学,试卷网页,五年级科学_上学期期末学业水平测试_学业水平测试B卷,https://chenzhuanxin.github.io/xianning-teaching-resources/%E4%BA%A4%E4%BB%98%E7%89%A9/03_%E6%9C%9F%E6%9C%AB%E7%9C%9F%E9%A2%98%E8%AF%95%E5%8D%B7/HTML/%E4%BA%94%E5%B9%B4%E7%BA%A7%E7%A7%91%E5%AD%A6_%E4%B8%8A%E5%AD%A6%E6%9C%9F%E6%9C%9F%E6%9C%AB%E5%AD%A6%E4%B8%9A%E6%B0%B4%E5%B9%B3%E6%B5%8B%E8%AF%95_%E5%AD%A6%E4%B8%9A%E6%B0%B4%E5%B9%B3%E6%B5%8B%E8%AF%95B%E5%8D%B7.html
小学,五年级,科学,试卷网页,五年级科学_下学期期末综合检测_综合检测C卷,https://chenzhuanxin.github.io/xianning-teaching-resources/%E4%BA%A4%E4%BB%98%E7%89%A9/03_%E6%9C%9F%E6%9C%AB%E7%9C%9F%E9%A2%98%E8%AF%95%E5%8D%B7/HTML/%E4%BA%94%E5%B9%B4%E7%BA%A7%E7%A7%91%E5%AD%A6_%E4%B8%8B%E5%AD%A6%E6%9C%9F%E6%9C%9F%E6%9C%AB%E7%BB%BC%E5%90%88%E6%A3%80%E6%B5%8B_%E7%BB%BC%E5%90%88%E6%A3%80%E6%B5%8BC%E5%8D%B7.html
小学,五年级,科学,试卷网页,五年级科学_期末复习质量检测_复习质量检测D卷,https://chenzhuanxin.github.io/xianning-teaching-resources/%E4%BA%A4%E4%BB%98%E7%89%A9/03_%E6%9C%9F%E6%9C%AB%E7%9C%9F%E9%A2%98%E8%AF%95%E5%8D%B7/HTML/%E4%BA%94%E5%B9%B4%E7%BA%A7%E7%A7%91%E5%AD%A6_%E6%9C%9F%E6%9C%AB%E5%A4%8D%E4%B9%A0%E8%B4%A8%E9%87%8F%E6%A3%80%E6%B5%8B_%E5%A4%8D%E4%B9%A0%E8%B4%A8%E9%87%8F%E6%A3%80%E6%B5%8BD%E5%8D%B7.html
小学,五年级,科学,试卷网页,五年级科学_期末学业质量监测_学业质量监测E卷,https://chenzhuanxin.github.io/xianning-teaching-resources/%E4%BA%A4%E4%BB%98%E7%89%A9/03_%E6%9C%9F%E6%9C%AB%E7%9C%9F%E9%A2%98%E8%AF%95%E5%8D%B7/HTML/%E4%BA%94%E5%B9%B4%E7%BA%A7%E7%A7%91%E5%AD%A6_%E6%9C%9F%E6%9C%AB%E5%AD%A6%E4%B8%9A%E8%B4%A8%E9%87%8F%E7%9B%91%E6%B5%8B_%E5%AD%A6%E4%B8%9A%E8%B4%A8%E9%87%8F%E7%9B%91%E6%B5%8BE%E5%8D%B7.html
小学,五年级,科学,试卷网页,五年级科学_第一学期期末质量检测_期末质量检测A卷,https://chenzhuanxin.github.io/xianning-teaching-resources/%E4%BA%A4%E4%BB%98%E7%89%A9/03_%E6%9C%9F%E6%9C%AB%E7%9C%9F%E9%A2%98%E8%AF%95%E5%8D%B7/HTML/%E4%BA%94%E5%B9%B4%E7%BA%A7%E7%A7%91%E5%AD%A6_%E7%AC%AC%E4%B8%80%E5%AD%A6%E6%9C%9F%E6%9C%9F%E6%9C%AB%E8%B4%A8%E9%87%8F%E6%A3%80%E6%B5%8B_%E6%9C%9F%E6%9C%AB%E8%B4%A8%E9%87%8F%E6%A3%80%E6%B5%8BA%E5%8D%B7.html
小学,六年级,语文,试卷网页,六年级语文_上学期期末学业水平测试_学业水平测试B卷,https://chenzhuanxin.github.io/xianning-teaching-resources/%E4%BA%A4%E4%BB%98%E7%89%A9/03_%E6%9C%9F%E6%9C%AB%E7%9C%9F%E9%A2%98%E8%AF%95%E5%8D%B7/HTML/%E5%85%AD%E5%B9%B4%E7%BA%A7%E8%AF%AD%E6%96%87_%E4%B8%8A%E5%AD%A6%E6%9C%9F%E6%9C%9F%E6%9C%AB%E5%AD%A6%E4%B8%9A%E6%B0%B4%E5%B9%B3%E6%B5%8B%E8%AF%95_%E5%AD%A6%E4%B8%9A%E6%B0%B4%E5%B9%B3%E6%B5%8B%E8%AF%95B%E5%8D%B7.html
小学,六年级,语文,试卷网页,六年级语文_下学期期末综合检测_综合检测C卷,https://chenzhuanxin.github.io/xianning-teaching-resources/%E4%BA%A4%E4%BB%98%E7%89%A9/03_%E6%9C%9F%E6%9C%AB%E7%9C%9F%E9%A2%98%E8%AF%95%E5%8D%B7/HTML/%E5%85%AD%E5%B9%B4%E7%BA%A7%E8%AF%AD%E6%96%87_%E4%B8%8B%E5%AD%A6%E6%9C%9F%E6%9C%9F%E6%9C%AB%E7%BB%BC%E5%90%88%E6%A3%80%E6%B5%8B_%E7%BB%BC%E5%90%88%E6%A3%80%E6%B5%8BC%E5%8D%B7.html
小学,六年级,语文,试卷网页,六年级语文_期末复习质量检测_复习质量检测D卷,https://chenzhuanxin.github.io/xianning-teaching-resources/%E4%BA%A4%E4%BB%98%E7%89%A9/03_%E6%9C%9F%E6%9C%AB%E7%9C%9F%E9%A2%98%E8%AF%95%E5%8D%B7/HTML/%E5%85%AD%E5%B9%B4%E7%BA%A7%E8%AF%AD%E6%96%87_%E6%9C%9F%E6%9C%AB%E5%A4%8D%E4%B9%A0%E8%B4%A8%E9%87%8F%E6%A3%80%E6%B5%8B_%E5%A4%8D%E4%B9%A0%E8%B4%A8%E9%87%8F%E6%A3%80%E6%B5%8BD%E5%8D%B7.html
小学,六年级,语文,试卷网页,六年级语文_期末学业质量监测_学业质量监测E卷,https://chenzhuanxin.github.io/xianning-teaching-resources/%E4%BA%A4%E4%BB%98%E7%89%A9/03_%E6%9C%9F%E6%9C%AB%E7%9C%9F%E9%A2%98%E8%AF%95%E5%8D%B7/HTML/%E5%85%AD%E5%B9%B4%E7%BA%A7%E8%AF%AD%E6%96%87_%E6%9C%9F%E6%9C%AB%E5%AD%A6%E4%B8%9A%E8%B4%A8%E9%87%8F%E7%9B%91%E6%B5%8B_%E5%AD%A6%E4%B8%9A%E8%B4%A8%E9%87%8F%E7%9B%91%E6%B5%8BE%E5%8D%B7.html
小学,六年级,语文,试卷网页,六年级语文_第一学期期末质量检测_期末质量检测A卷,https://chenzhuanxin.github.io/xianning-teaching-resources/%E4%BA%A4%E4%BB%98%E7%89%A9/03_%E6%9C%9F%E6%9C%AB%E7%9C%9F%E9%A2%98%E8%AF%95%E5%8D%B7/HTML/%E5%85%AD%E5%B9%B4%E7%BA%A7%E8%AF%AD%E6%96%87_%E7%AC%AC%E4%B8%80%E5%AD%A6%E6%9C%9F%E6%9C%9F%E6%9C%AB%E8%B4%A8%E9%87%8F%E6%A3%80%E6%B5%8B_%E6%9C%9F%E6%9C%AB%E8%B4%A8%E9%87%8F%E6%A3%80%E6%B5%8BA%E5%8D%B7.html
小学,六年级,数学,试卷网页,六年级数学_上学期期末学业水平测试_学业水平测试B卷,https://chenzhuanxin.github.io/xianning-teaching-resources/%E4%BA%A4%E4%BB%98%E7%89%A9/03_%E6%9C%9F%E6%9C%AB%E7%9C%9F%E9%A2%98%E8%AF%95%E5%8D%B7/HTML/%E5%85%AD%E5%B9%B4%E7%BA%A7%E6%95%B0%E5%AD%A6_%E4%B8%8A%E5%AD%A6%E6%9C%9F%E6%9C%9F%E6%9C%AB%E5%AD%A6%E4%B8%9A%E6%B0%B4%E5%B9%B3%E6%B5%8B%E8%AF%95_%E5%AD%A6%E4%B8%9A%E6%B0%B4%E5%B9%B3%E6%B5%8B%E8%AF%95B%E5%8D%B7.html
小学,六年级,数学,试卷网页,六年级数学_下学期期末综合检测_综合检测C卷,https://chenzhuanxin.github.io/xianning-teaching-resources/%E4%BA%A4%E4%BB%98%E7%89%A9/03_%E6%9C%9F%E6%9C%AB%E7%9C%9F%E9%A2%98%E8%AF%95%E5%8D%B7/HTML/%E5%85%AD%E5%B9%B4%E7%BA%A7%E6%95%B0%E5%AD%A6_%E4%B8%8B%E5%AD%A6%E6%9C%9F%E6%9C%9F%E6%9C%AB%E7%BB%BC%E5%90%88%E6%A3%80%E6%B5%8B_%E7%BB%BC%E5%90%88%E6%A3%80%E6%B5%8BC%E5%8D%B7.html
小学,六年级,数学,试卷网页,六年级数学_期末复习质量检测_复习质量检测D卷,https://chenzhuanxin.github.io/xianning-teaching-resources/%E4%BA%A4%E4%BB%98%E7%89%A9/03_%E6%9C%9F%E6%9C%AB%E7%9C%9F%E9%A2%98%E8%AF%95%E5%8D%B7/HTML/%E5%85%AD%E5%B9%B4%E7%BA%A7%E6%95%B0%E5%AD%A6_%E6%9C%9F%E6%9C%AB%E5%A4%8D%E4%B9%A0%E8%B4%A8%E9%87%8F%E6%A3%80%E6%B5%8B_%E5%A4%8D%E4%B9%A0%E8%B4%A8%E9%87%8F%E6%A3%80%E6%B5%8BD%E5%8D%B7.html
小学,六年级,数学,试卷网页,六年级数学_期末学业质量监测_学业质量监测E卷,https://chenzhuanxin.github.io/xianning-teaching-resources/%E4%BA%A4%E4%BB%98%E7%89%A9/03_%E6%9C%9F%E6%9C%AB%E7%9C%9F%E9%A2%98%E8%AF%95%E5%8D%B7/HTML/%E5%85%AD%E5%B9%B4%E7%BA%A7%E6%95%B0%E5%AD%A6_%E6%9C%9F%E6%9C%AB%E5%AD%A6%E4%B8%9A%E8%B4%A8%E9%87%8F%E7%9B%91%E6%B5%8B_%E5%AD%A6%E4%B8%9A%E8%B4%A8%E9%87%8F%E7%9B%91%E6%B5%8BE%E5%8D%B7.html
小学,六年级,数学,试卷网页,六年级数学_第一学期期末质量检测_期末质量检测A卷,https://chenzhuanxin.github.io/xianning-teaching-resources/%E4%BA%A4%E4%BB%98%E7%89%A9/03_%E6%9C%9F%E6%9C%AB%E7%9C%9F%E9%A2%98%E8%AF%95%E5%8D%B7/HTML/%E5%85%AD%E5%B9%B4%E7%BA%A7%E6%95%B0%E5%AD%A6_%E7%AC%AC%E4%B8%80%E5%AD%A6%E6%9C%9F%E6%9C%9F%E6%9C%AB%E8%B4%A8%E9%87%8F%E6%A3%80%E6%B5%8B_%E6%9C%9F%E6%9C%AB%E8%B4%A8%E9%87%8F%E6%A3%80%E6%B5%8BA%E5%8D%B7.html
小学,六年级,英语,试卷网页,六年级英语_上学期期末学业水平测试_学业水平测试B卷,https://chenzhuanxin.github.io/xianning-teaching-resources/%E4%BA%A4%E4%BB%98%E7%89%A9/03_%E6%9C%9F%E6%9C%AB%E7%9C%9F%E9%A2%98%E8%AF%95%E5%8D%B7/HTML/%E5%85%AD%E5%B9%B4%E7%BA%A7%E8%8B%B1%E8%AF%AD_%E4%B8%8A%E5%AD%A6%E6%9C%9F%E6%9C%9F%E6%9C%AB%E5%AD%A6%E4%B8%9A%E6%B0%B4%E5%B9%B3%E6%B5%8B%E8%AF%95_%E5%AD%A6%E4%B8%9A%E6%B0%B4%E5%B9%B3%E6%B5%8B%E8%AF%95B%E5%8D%B7.html
小学,六年级,英语,试卷网页,六年级英语_下学期期末综合检测_综合检测C卷,https://chenzhuanxin.github.io/xianning-teaching-resources/%E4%BA%A4%E4%BB%98%E7%89%A9/03_%E6%9C%9F%E6%9C%AB%E7%9C%9F%E9%A2%98%E8%AF%95%E5%8D%B7/HTML/%E5%85%AD%E5%B9%B4%E7%BA%A7%E8%8B%B1%E8%AF%AD_%E4%B8%8B%E5%AD%A6%E6%9C%9F%E6%9C%9F%E6%9C%AB%E7%BB%BC%E5%90%88%E6%A3%80%E6%B5%8B_%E7%BB%BC%E5%90%88%E6%A3%80%E6%B5%8BC%E5%8D%B7.html
小学,六年级,英语,试卷网页,六年级英语_期末复习质量检测_复习质量检测D卷,https://chenzhuanxin.github.io/xianning-teaching-resources/%E4%BA%A4%E4%BB%98%E7%89%A9/03_%E6%9C%9F%E6%9C%AB%E7%9C%9F%E9%A2%98%E8%AF%95%E5%8D%B7/HTML/%E5%85%AD%E5%B9%B4%E7%BA%A7%E8%8B%B1%E8%AF%AD_%E6%9C%9F%E6%9C%AB%E5%A4%8D%E4%B9%A0%E8%B4%A8%E9%87%8F%E6%A3%80%E6%B5%8B_%E5%A4%8D%E4%B9%A0%E8%B4%A8%E9%87%8F%E6%A3%80%E6%B5%8BD%E5%8D%B7.html
小学,六年级,英语,试卷网页,六年级英语_期末学业质量监测_学业质量监测E卷,https://chenzhuanxin.github.io/xianning-teaching-resources/%E4%BA%A4%E4%BB%98%E7%89%A9/03_%E6%9C%9F%E6%9C%AB%E7%9C%9F%E9%A2%98%E8%AF%95%E5%8D%B7/HTML/%E5%85%AD%E5%B9%B4%E7%BA%A7%E8%8B%B1%E8%AF%AD_%E6%9C%9F%E6%9C%AB%E5%AD%A6%E4%B8%9A%E8%B4%A8%E9%87%8F%E7%9B%91%E6%B5%8B_%E5%AD%A6%E4%B8%9A%E8%B4%A8%E9%87%8F%E7%9B%91%E6%B5%8BE%E5%8D%B7.html
小学,六年级,英语,试卷网页,六年级英语_第一学期期末质量检测_期末质量检测A卷,https://chenzhuanxin.github.io/xianning-teaching-resources/%E4%BA%A4%E4%BB%98%E7%89%A9/03_%E6%9C%9F%E6%9C%AB%E7%9C%9F%E9%A2%98%E8%AF%95%E5%8D%B7/HTML/%E5%85%AD%E5%B9%B4%E7%BA%A7%E8%8B%B1%E8%AF%AD_%E7%AC%AC%E4%B8%80%E5%AD%A6%E6%9C%9F%E6%9C%9F%E6%9C%AB%E8%B4%A8%E9%87%8F%E6%A3%80%E6%B5%8B_%E6%9C%9F%E6%9C%AB%E8%B4%A8%E9%87%8F%E6%A3%80%E6%B5%8BA%E5%8D%B7.html
小学,六年级,道德与法治,试卷网页,六年级道德与法治_上学期期末学业水平测试_学业水平测试B卷,https://chenzhuanxin.github.io/xianning-teaching-resources/%E4%BA%A4%E4%BB%98%E7%89%A9/03_%E6%9C%9F%E6%9C%AB%E7%9C%9F%E9%A2%98%E8%AF%95%E5%8D%B7/HTML/%E5%85%AD%E5%B9%B4%E7%BA%A7%E9%81%93%E5%BE%B7%E4%B8%8E%E6%B3%95%E6%B2%BB_%E4%B8%8A%E5%AD%A6%E6%9C%9F%E6%9C%9F%E6%9C%AB%E5%AD%A6%E4%B8%9A%E6%B0%B4%E5%B9%B3%E6%B5%8B%E8%AF%95_%E5%AD%A6%E4%B8%9A%E6%B0%B4%E5%B9%B3%E6%B5%8B%E8%AF%95B%E5%8D%B7.html
小学,六年级,道德与法治,试卷网页,六年级道德与法治_下学期期末综合检测_综合检测C卷,https://chenzhuanxin.github.io/xianning-teaching-resources/%E4%BA%A4%E4%BB%98%E7%89%A9/03_%E6%9C%9F%E6%9C%AB%E7%9C%9F%E9%A2%98%E8%AF%95%E5%8D%B7/HTML/%E5%85%AD%E5%B9%B4%E7%BA%A7%E9%81%93%E5%BE%B7%E4%B8%8E%E6%B3%95%E6%B2%BB_%E4%B8%8B%E5%AD%A6%E6%9C%9F%E6%9C%9F%E6%9C%AB%E7%BB%BC%E5%90%88%E6%A3%80%E6%B5%8B_%E7%BB%BC%E5%90%88%E6%A3%80%E6%B5%8BC%E5%8D%B7.html
小学,六年级,道德与法治,试卷网页,六年级道德与法治_期末复习质量检测_复习质量检测D卷,https://chenzhuanxin.github.io/xianning-teaching-resources/%E4%BA%A4%E4%BB%98%E7%89%A9/03_%E6%9C%9F%E6%9C%AB%E7%9C%9F%E9%A2%98%E8%AF%95%E5%8D%B7/HTML/%E5%85%AD%E5%B9%B4%E7%BA%A7%E9%81%93%E5%BE%B7%E4%B8%8E%E6%B3%95%E6%B2%BB_%E6%9C%9F%E6%9C%AB%E5%A4%8D%E4%B9%A0%E8%B4%A8%E9%87%8F%E6%A3%80%E6%B5%8B_%E5%A4%8D%E4%B9%A0%E8%B4%A8%E9%87%8F%E6%A3%80%E6%B5%8BD%E5%8D%B7.html
小学,六年级,道德与法治,试卷网页,六年级道德与法治_期末学业质量监测_学业质量监测E卷,https://chenzhuanxin.github.io/xianning-teaching-resources/%E4%BA%A4%E4%BB%98%E7%89%A9/03_%E6%9C%9F%E6%9C%AB%E7%9C%9F%E9%A2%98%E8%AF%95%E5%8D%B7/HTML/%E5%85%AD%E5%B9%B4%E7%BA%A7%E9%81%93%E5%BE%B7%E4%B8%8E%E6%B3%95%E6%B2%BB_%E6%9C%9F%E6%9C%AB%E5%AD%A6%E4%B8%9A%E8%B4%A8%E9%87%8F%E7%9B%91%E6%B5%8B_%E5%AD%A6%E4%B8%9A%E8%B4%A8%E9%87%8F%E7%9B%91%E6%B5%8BE%E5%8D%B7.html
小学,六年级,道德与法治,试卷网页,六年级道德与法治_第一学期期末质量检测_期末质量检测A卷,https://chenzhuanxin.github.io/xianning-teaching-resources/%E4%BA%A4%E4%BB%98%E7%89%A9/03_%E6%9C%9F%E6%9C%AB%E7%9C%9F%E9%A2%98%E8%AF%95%E5%8D%B7/HTML/%E5%85%AD%E5%B9%B4%E7%BA%A7%E9%81%93%E5%BE%B7%E4%B8%8E%E6%B3%95%E6%B2%BB_%E7%AC%AC%E4%B8%80%E5%AD%A6%E6%9C%9F%E6%9C%9F%E6%9C%AB%E8%B4%A8%E9%87%8F%E6%A3%80%E6%B5%8B_%E6%9C%9F%E6%9C%AB%E8%B4%A8%E9%87%8F%E6%A3%80%E6%B5%8BA%E5%8D%B7.html
小学,六年级,科学,试卷网页,六年级科学_上学期期末学业水平测试_学业水平测试B卷,https://chenzhuanxin.github.io/xianning-teaching-resources/%E4%BA%A4%E4%BB%98%E7%89%A9/03_%E6%9C%9F%E6%9C%AB%E7%9C%9F%E9%A2%98%E8%AF%95%E5%8D%B7/HTML/%E5%85%AD%E5%B9%B4%E7%BA%A7%E7%A7%91%E5%AD%A6_%E4%B8%8A%E5%AD%A6%E6%9C%9F%E6%9C%9F%E6%9C%AB%E5%AD%A6%E4%B8%9A%E6%B0%B4%E5%B9%B3%E6%B5%8B%E8%AF%95_%E5%AD%A6%E4%B8%9A%E6%B0%B4%E5%B9%B3%E6%B5%8B%E8%AF%95B%E5%8D%B7.html
小学,六年级,科学,试卷网页,六年级科学_下学期期末综合检测_综合检测C卷,https://chenzhuanxin.github.io/xianning-teaching-resources/%E4%BA%A4%E4%BB%98%E7%89%A9/03_%E6%9C%9F%E6%9C%AB%E7%9C%9F%E9%A2%98%E8%AF%95%E5%8D%B7/HTML/%E5%85%AD%E5%B9%B4%E7%BA%A7%E7%A7%91%E5%AD%A6_%E4%B8%8B%E5%AD%A6%E6%9C%9F%E6%9C%9F%E6%9C%AB%E7%BB%BC%E5%90%88%E6%A3%80%E6%B5%8B_%E7%BB%BC%E5%90%88%E6%A3%80%E6%B5%8BC%E5%8D%B7.html
小学,六年级,科学,试卷网页,六年级科学_期末复习质量检测_复习质量检测D卷,https://chenzhuanxin.github.io/xianning-teaching-resources/%E4%BA%A4%E4%BB%98%E7%89%A9/03_%E6%9C%9F%E6%9C%AB%E7%9C%9F%E9%A2%98%E8%AF%95%E5%8D%B7/HTML/%E5%85%AD%E5%B9%B4%E7%BA%A7%E7%A7%91%E5%AD%A6_%E6%9C%9F%E6%9C%AB%E5%A4%8D%E4%B9%A0%E8%B4%A8%E9%87%8F%E6%A3%80%E6%B5%8B_%E5%A4%8D%E4%B9%A0%E8%B4%A8%E9%87%8F%E6%A3%80%E6%B5%8BD%E5%8D%B7.html
小学,六年级,科学,试卷网页,六年级科学_期末学业质量监测_学业质量监测E卷,https://chenzhuanxin.github.io/xianning-teaching-resources/%E4%BA%A4%E4%BB%98%E7%89%A9/03_%E6%9C%9F%E6%9C%AB%E7%9C%9F%E9%A2%98%E8%AF%95%E5%8D%B7/HTML/%E5%85%AD%E5%B9%B4%E7%BA%A7%E7%A7%91%E5%AD%A6_%E6%9C%9F%E6%9C%AB%E5%AD%A6%E4%B8%9A%E8%B4%A8%E9%87%8F%E7%9B%91%E6%B5%8B_%E5%AD%A6%E4%B8%9A%E8%B4%A8%E9%87%8F%E7%9B%91%E6%B5%8BE%E5%8D%B7.html
小学,六年级,科学,试卷网页,六年级科学_第一学期期末质量检测_期末质量检测A卷,https://chenzhuanxin.github.io/xianning-teaching-resources/%E4%BA%A4%E4%BB%98%E7%89%A9/03_%E6%9C%9F%E6%9C%AB%E7%9C%9F%E9%A2%98%E8%AF%95%E5%8D%B7/HTML/%E5%85%AD%E5%B9%B4%E7%BA%A7%E7%A7%91%E5%AD%A6_%E7%AC%AC%E4%B8%80%E5%AD%A6%E6%9C%9F%E6%9C%9F%E6%9C%AB%E8%B4%A8%E9%87%8F%E6%A3%80%E6%B5%8B_%E6%9C%9F%E6%9C%AB%E8%B4%A8%E9%87%8F%E6%A3%80%E6%B5%8BA%E5%8D%B7.html
初中,七年级,语文,试卷网页,七年级语文_上学期期末学业水平测试_学业水平测试B卷,https://chenzhuanxin.github.io/xianning-teaching-resources/%E4%BA%A4%E4%BB%98%E7%89%A9/03_%E6%9C%9F%E6%9C%AB%E7%9C%9F%E9%A2%98%E8%AF%95%E5%8D%B7/HTML/%E4%B8%83%E5%B9%B4%E7%BA%A7%E8%AF%AD%E6%96%87_%E4%B8%8A%E5%AD%A6%E6%9C%9F%E6%9C%9F%E6%9C%AB%E5%AD%A6%E4%B8%9A%E6%B0%B4%E5%B9%B3%E6%B5%8B%E8%AF%95_%E5%AD%A6%E4%B8%9A%E6%B0%B4%E5%B9%B3%E6%B5%8B%E8%AF%95B%E5%8D%B7.html
初中,七年级,语文,试卷网页,七年级语文_下学期期末综合检测_综合检测C卷,https://chenzhuanxin.github.io/xianning-teaching-resources/%E4%BA%A4%E4%BB%98%E7%89%A9/03_%E6%9C%9F%E6%9C%AB%E7%9C%9F%E9%A2%98%E8%AF%95%E5%8D%B7/HTML/%E4%B8%83%E5%B9%B4%E7%BA%A7%E8%AF%AD%E6%96%87_%E4%B8%8B%E5%AD%A6%E6%9C%9F%E6%9C%9F%E6%9C%AB%E7%BB%BC%E5%90%88%E6%A3%80%E6%B5%8B_%E7%BB%BC%E5%90%88%E6%A3%80%E6%B5%8BC%E5%8D%B7.html
初中,七年级,语文,试卷网页,七年级语文_期末复习质量检测_复习质量检测D卷,https://chenzhuanxin.github.io/xianning-teaching-resources/%E4%BA%A4%E4%BB%98%E7%89%A9/03_%E6%9C%9F%E6%9C%AB%E7%9C%9F%E9%A2%98%E8%AF%95%E5%8D%B7/HTML/%E4%B8%83%E5%B9%B4%E7%BA%A7%E8%AF%AD%E6%96%87_%E6%9C%9F%E6%9C%AB%E5%A4%8D%E4%B9%A0%E8%B4%A8%E9%87%8F%E6%A3%80%E6%B5%8B_%E5%A4%8D%E4%B9%A0%E8%B4%A8%E9%87%8F%E6%A3%80%E6%B5%8BD%E5%8D%B7.html
初中,七年级,语文,试卷网页,七年级语文_期末学业质量监测_学业质量监测E卷,https://chenzhuanxin.github.io/xianning-teaching-resources/%E4%BA%A4%E4%BB%98%E7%89%A9/03_%E6%9C%9F%E6%9C%AB%E7%9C%9F%E9%A2%98%E8%AF%95%E5%8D%B7/HTML/%E4%B8%83%E5%B9%B4%E7%BA%A7%E8%AF%AD%E6%96%87_%E6%9C%9F%E6%9C%AB%E5%AD%A6%E4%B8%9A%E8%B4%A8%E9%87%8F%E7%9B%91%E6%B5%8B_%E5%AD%A6%E4%B8%9A%E8%B4%A8%E9%87%8F%E7%9B%91%E6%B5%8BE%E5%8D%B7.html
初中,七年级,语文,试卷网页,七年级语文_第一学期期末质量检测_期末质量检测A卷,https://chenzhuanxin.github.io/xianning-teaching-resources/%E4%BA%A4%E4%BB%98%E7%89%A9/03_%E6%9C%9F%E6%9C%AB%E7%9C%9F%E9%A2%98%E8%AF%95%E5%8D%B7/HTML/%E4%B8%83%E5%B9%B4%E7%BA%A7%E8%AF%AD%E6%96%87_%E7%AC%AC%E4%B8%80%E5%AD%A6%E6%9C%9F%E6%9C%9F%E6%9C%AB%E8%B4%A8%E9%87%8F%E6%A3%80%E6%B5%8B_%E6%9C%9F%E6%9C%AB%E8%B4%A8%E9%87%8F%E6%A3%80%E6%B5%8BA%E5%8D%B7.html
初中,七年级,数学,试卷网页,七年级数学_上学期期末学业水平测试_学业水平测试B卷,https://chenzhuanxin.github.io/xianning-teaching-resources/%E4%BA%A4%E4%BB%98%E7%89%A9/03_%E6%9C%9F%E6%9C%AB%E7%9C%9F%E9%A2%98%E8%AF%95%E5%8D%B7/HTML/%E4%B8%83%E5%B9%B4%E7%BA%A7%E6%95%B0%E5%AD%A6_%E4%B8%8A%E5%AD%A6%E6%9C%9F%E6%9C%9F%E6%9C%AB%E5%AD%A6%E4%B8%9A%E6%B0%B4%E5%B9%B3%E6%B5%8B%E8%AF%95_%E5%AD%A6%E4%B8%9A%E6%B0%B4%E5%B9%B3%E6%B5%8B%E8%AF%95B%E5%8D%B7.html
初中,七年级,数学,试卷网页,七年级数学_下学期期末综合检测_综合检测C卷,https://chenzhuanxin.github.io/xianning-teaching-resources/%E4%BA%A4%E4%BB%98%E7%89%A9/03_%E6%9C%9F%E6%9C%AB%E7%9C%9F%E9%A2%98%E8%AF%95%E5%8D%B7/HTML/%E4%B8%83%E5%B9%B4%E7%BA%A7%E6%95%B0%E5%AD%A6_%E4%B8%8B%E5%AD%A6%E6%9C%9F%E6%9C%9F%E6%9C%AB%E7%BB%BC%E5%90%88%E6%A3%80%E6%B5%8B_%E7%BB%BC%E5%90%88%E6%A3%80%E6%B5%8BC%E5%8D%B7.html
初中,七年级,数学,试卷网页,七年级数学_期末复习质量检测_复习质量检测D卷,https://chenzhuanxin.github.io/xianning-teaching-resources/%E4%BA%A4%E4%BB%98%E7%89%A9/03_%E6%9C%9F%E6%9C%AB%E7%9C%9F%E9%A2%98%E8%AF%95%E5%8D%B7/HTML/%E4%B8%83%E5%B9%B4%E7%BA%A7%E6%95%B0%E5%AD%A6_%E6%9C%9F%E6%9C%AB%E5%A4%8D%E4%B9%A0%E8%B4%A8%E9%87%8F%E6%A3%80%E6%B5%8B_%E5%A4%8D%E4%B9%A0%E8%B4%A8%E9%87%8F%E6%A3%80%E6%B5%8BD%E5%8D%B7.html
初中,七年级,数学,试卷网页,七年级数学_期末学业质量监测_学业质量监测E卷,https://chenzhuanxin.github.io/xianning-teaching-resources/%E4%BA%A4%E4%BB%98%E7%89%A9/03_%E6%9C%9F%E6%9C%AB%E7%9C%9F%E9%A2%98%E8%AF%95%E5%8D%B7/HTML/%E4%B8%83%E5%B9%B4%E7%BA%A7%E6%95%B0%E5%AD%A6_%E6%9C%9F%E6%9C%AB%E5%AD%A6%E4%B8%9A%E8%B4%A8%E9%87%8F%E7%9B%91%E6%B5%8B_%E5%AD%A6%E4%B8%9A%E8%B4%A8%E9%87%8F%E7%9B%91%E6%B5%8BE%E5%8D%B7.html
初中,七年级,数学,试卷网页,七年级数学_第一学期期末质量检测_期末质量检测A卷,https://chenzhuanxin.github.io/xianning-teaching-resources/%E4%BA%A4%E4%BB%98%E7%89%A9/03_%E6%9C%9F%E6%9C%AB%E7%9C%9F%E9%A2%98%E8%AF%95%E5%8D%B7/HTML/%E4%B8%83%E5%B9%B4%E7%BA%A7%E6%95%B0%E5%AD%A6_%E7%AC%AC%E4%B8%80%E5%AD%A6%E6%9C%9F%E6%9C%9F%E6%9C%AB%E8%B4%A8%E9%87%8F%E6%A3%80%E6%B5%8B_%E6%9C%9F%E6%9C%AB%E8%B4%A8%E9%87%8F%E6%A3%80%E6%B5%8BA%E5%8D%B7.html
初中,七年级,英语,试卷网页,七年级英语_上学期期末学业水平测试_学业水平测试B卷,https://chenzhuanxin.github.io/xianning-teaching-resources/%E4%BA%A4%E4%BB%98%E7%89%A9/03_%E6%9C%9F%E6%9C%AB%E7%9C%9F%E9%A2%98%E8%AF%95%E5%8D%B7/HTML/%E4%B8%83%E5%B9%B4%E7%BA%A7%E8%8B%B1%E8%AF%AD_%E4%B8%8A%E5%AD%A6%E6%9C%9F%E6%9C%9F%E6%9C%AB%E5%AD%A6%E4%B8%9A%E6%B0%B4%E5%B9%B3%E6%B5%8B%E8%AF%95_%E5%AD%A6%E4%B8%9A%E6%B0%B4%E5%B9%B3%E6%B5%8B%E8%AF%95B%E5%8D%B7.html
初中,七年级,英语,试卷网页,七年级英语_下学期期末综合检测_综合检测C卷,https://chenzhuanxin.github.io/xianning-teaching-resources/%E4%BA%A4%E4%BB%98%E7%89%A9/03_%E6%9C%9F%E6%9C%AB%E7%9C%9F%E9%A2%98%E8%AF%95%E5%8D%B7/HTML/%E4%B8%83%E5%B9%B4%E7%BA%A7%E8%8B%B1%E8%AF%AD_%E4%B8%8B%E5%AD%A6%E6%9C%9F%E6%9C%9F%E6%9C%AB%E7%BB%BC%E5%90%88%E6%A3%80%E6%B5%8B_%E7%BB%BC%E5%90%88%E6%A3%80%E6%B5%8BC%E5%8D%B7.html
初中,七年级,英语,试卷网页,七年级英语_期末复习质量检测_复习质量检测D卷,https://chenzhuanxin.github.io/xianning-teaching-resources/%E4%BA%A4%E4%BB%98%E7%89%A9/03_%E6%9C%9F%E6%9C%AB%E7%9C%9F%E9%A2%98%E8%AF%95%E5%8D%B7/HTML/%E4%B8%83%E5%B9%B4%E7%BA%A7%E8%8B%B1%E8%AF%AD_%E6%9C%9F%E6%9C%AB%E5%A4%8D%E4%B9%A0%E8%B4%A8%E9%87%8F%E6%A3%80%E6%B5%8B_%E5%A4%8D%E4%B9%A0%E8%B4%A8%E9%87%8F%E6%A3%80%E6%B5%8BD%E5%8D%B7.html
初中,七年级,英语,试卷网页,七年级英语_期末学业质量监测_学业质量监测E卷,https://chenzhuanxin.github.io/xianning-teaching-resources/%E4%BA%A4%E4%BB%98%E7%89%A9/03_%E6%9C%9F%E6%9C%AB%E7%9C%9F%E9%A2%98%E8%AF%95%E5%8D%B7/HTML/%E4%B8%83%E5%B9%B4%E7%BA%A7%E8%8B%B1%E8%AF%AD_%E6%9C%9F%E6%9C%AB%E5%AD%A6%E4%B8%9A%E8%B4%A8%E9%87%8F%E7%9B%91%E6%B5%8B_%E5%AD%A6%E4%B8%9A%E8%B4%A8%E9%87%8F%E7%9B%91%E6%B5%8BE%E5%8D%B7.html
初中,七年级,英语,试卷网页,七年级英语_第一学期期末质量检测_期末质量检测A卷,https://chenzhuanxin.github.io/xianning-teaching-resources/%E4%BA%A4%E4%BB%98%E7%89%A9/03_%E6%9C%9F%E6%9C%AB%E7%9C%9F%E9%A2%98%E8%AF%95%E5%8D%B7/HTML/%E4%B8%83%E5%B9%B4%E7%BA%A7%E8%8B%B1%E8%AF%AD_%E7%AC%AC%E4%B8%80%E5%AD%A6%E6%9C%9F%E6%9C%9F%E6%9C%AB%E8%B4%A8%E9%87%8F%E6%A3%80%E6%B5%8B_%E6%9C%9F%E6%9C%AB%E8%B4%A8%E9%87%8F%E6%A3%80%E6%B5%8BA%E5%8D%B7.html
初中,七年级,道德与法治,试卷网页,七年级道德与法治_上学期期末学业水平测试_学业水平测试B卷,https://chenzhuanxin.github.io/xianning-teaching-resources/%E4%BA%A4%E4%BB%98%E7%89%A9/03_%E6%9C%9F%E6%9C%AB%E7%9C%9F%E9%A2%98%E8%AF%95%E5%8D%B7/HTML/%E4%B8%83%E5%B9%B4%E7%BA%A7%E9%81%93%E5%BE%B7%E4%B8%8E%E6%B3%95%E6%B2%BB_%E4%B8%8A%E5%AD%A6%E6%9C%9F%E6%9C%9F%E6%9C%AB%E5%AD%A6%E4%B8%9A%E6%B0%B4%E5%B9%B3%E6%B5%8B%E8%AF%95_%E5%AD%A6%E4%B8%9A%E6%B0%B4%E5%B9%B3%E6%B5%8B%E8%AF%95B%E5%8D%B7.html
初中,七年级,道德与法治,试卷网页,七年级道德与法治_下学期期末综合检测_综合检测C卷,https://chenzhuanxin.github.io/xianning-teaching-resources/%E4%BA%A4%E4%BB%98%E7%89%A9/03_%E6%9C%9F%E6%9C%AB%E7%9C%9F%E9%A2%98%E8%AF%95%E5%8D%B7/HTML/%E4%B8%83%E5%B9%B4%E7%BA%A7%E9%81%93%E5%BE%B7%E4%B8%8E%E6%B3%95%E6%B2%BB_%E4%B8%8B%E5%AD%A6%E6%9C%9F%E6%9C%9F%E6%9C%AB%E7%BB%BC%E5%90%88%E6%A3%80%E6%B5%8B_%E7%BB%BC%E5%90%88%E6%A3%80%E6%B5%8BC%E5%8D%B7.html
初中,七年级,道德与法治,试卷网页,七年级道德与法治_期末复习质量检测_复习质量检测D卷,https://chenzhuanxin.github.io/xianning-teaching-resources/%E4%BA%A4%E4%BB%98%E7%89%A9/03_%E6%9C%9F%E6%9C%AB%E7%9C%9F%E9%A2%98%E8%AF%95%E5%8D%B7/HTML/%E4%B8%83%E5%B9%B4%E7%BA%A7%E9%81%93%E5%BE%B7%E4%B8%8E%E6%B3%95%E6%B2%BB_%E6%9C%9F%E6%9C%AB%E5%A4%8D%E4%B9%A0%E8%B4%A8%E9%87%8F%E6%A3%80%E6%B5%8B_%E5%A4%8D%E4%B9%A0%E8%B4%A8%E9%87%8F%E6%A3%80%E6%B5%8BD%E5%8D%B7.html
初中,七年级,道德与法治,试卷网页,七年级道德与法治_期末学业质量监测_学业质量监测E卷,https://chenzhuanxin.github.io/xianning-teaching-resources/%E4%BA%A4%E4%BB%98%E7%89%A9/03_%E6%9C%9F%E6%9C%AB%E7%9C%9F%E9%A2%98%E8%AF%95%E5%8D%B7/HTML/%E4%B8%83%E5%B9%B4%E7%BA%A7%E9%81%93%E5%BE%B7%E4%B8%8E%E6%B3%95%E6%B2%BB_%E6%9C%9F%E6%9C%AB%E5%AD%A6%E4%B8%9A%E8%B4%A8%E9%87%8F%E7%9B%91%E6%B5%8B_%E5%AD%A6%E4%B8%9A%E8%B4%A8%E9%87%8F%E7%9B%91%E6%B5%8BE%E5%8D%B7.html
初中,七年级,道德与法治,试卷网页,七年级道德与法治_第一学期期末质量检测_期末质量检测A卷,https://chenzhuanxin.github.io/xianning-teaching-resources/%E4%BA%A4%E4%BB%98%E7%89%A9/03_%E6%9C%9F%E6%9C%AB%E7%9C%9F%E9%A2%98%E8%AF%95%E5%8D%B7/HTML/%E4%B8%83%E5%B9%B4%E7%BA%A7%E9%81%93%E5%BE%B7%E4%B8%8E%E6%B3%95%E6%B2%BB_%E7%AC%AC%E4%B8%80%E5%AD%A6%E6%9C%9F%E6%9C%9F%E6%9C%AB%E8%B4%A8%E9%87%8F%E6%A3%80%E6%B5%8B_%E6%9C%9F%E6%9C%AB%E8%B4%A8%E9%87%8F%E6%A3%80%E6%B5%8BA%E5%8D%B7.html
初中,七年级,生物,试卷网页,七年级生物_上学期期末学业水平测试_学业水平测试B卷,https://chenzhuanxin.github.io/xianning-teaching-resources/%E4%BA%A4%E4%BB%98%E7%89%A9/03_%E6%9C%9F%E6%9C%AB%E7%9C%9F%E9%A2%98%E8%AF%95%E5%8D%B7/HTML/%E4%B8%83%E5%B9%B4%E7%BA%A7%E7%94%9F%E7%89%A9_%E4%B8%8A%E5%AD%A6%E6%9C%9F%E6%9C%9F%E6%9C%AB%E5%AD%A6%E4%B8%9A%E6%B0%B4%E5%B9%B3%E6%B5%8B%E8%AF%95_%E5%AD%A6%E4%B8%9A%E6%B0%B4%E5%B9%B3%E6%B5%8B%E8%AF%95B%E5%8D%B7.html
初中,七年级,生物,试卷网页,七年级生物_下学期期末综合检测_综合检测C卷,https://chenzhuanxin.github.io/xianning-teaching-resources/%E4%BA%A4%E4%BB%98%E7%89%A9/03_%E6%9C%9F%E6%9C%AB%E7%9C%9F%E9%A2%98%E8%AF%95%E5%8D%B7/HTML/%E4%B8%83%E5%B9%B4%E7%BA%A7%E7%94%9F%E7%89%A9_%E4%B8%8B%E5%AD%A6%E6%9C%9F%E6%9C%9F%E6%9C%AB%E7%BB%BC%E5%90%88%E6%A3%80%E6%B5%8B_%E7%BB%BC%E5%90%88%E6%A3%80%E6%B5%8BC%E5%8D%B7.html
初中,七年级,生物,试卷网页,七年级生物_期末复习质量检测_复习质量检测D卷,https://chenzhuanxin.github.io/xianning-teaching-resources/%E4%BA%A4%E4%BB%98%E7%89%A9/03_%E6%9C%9F%E6%9C%AB%E7%9C%9F%E9%A2%98%E8%AF%95%E5%8D%B7/HTML/%E4%B8%83%E5%B9%B4%E7%BA%A7%E7%94%9F%E7%89%A9_%E6%9C%9F%E6%9C%AB%E5%A4%8D%E4%B9%A0%E8%B4%A8%E9%87%8F%E6%A3%80%E6%B5%8B_%E5%A4%8D%E4%B9%A0%E8%B4%A8%E9%87%8F%E6%A3%80%E6%B5%8BD%E5%8D%B7.html
初中,七年级,生物,试卷网页,七年级生物_期末学业质量监测_学业质量监测E卷,https://chenzhuanxin.github.io/xianning-teaching-resources/%E4%BA%A4%E4%BB%98%E7%89%A9/03_%E6%9C%9F%E6%9C%AB%E7%9C%9F%E9%A2%98%E8%AF%95%E5%8D%B7/HTML/%E4%B8%83%E5%B9%B4%E7%BA%A7%E7%94%9F%E7%89%A9_%E6%9C%9F%E6%9C%AB%E5%AD%A6%E4%B8%9A%E8%B4%A8%E9%87%8F%E7%9B%91%E6%B5%8B_%E5%AD%A6%E4%B8%9A%E8%B4%A8%E9%87%8F%E7%9B%91%E6%B5%8BE%E5%8D%B7.html
初中,七年级,生物,试卷网页,七年级生物_第一学期期末质量检测_期末质量检测A卷,https://chenzhuanxin.github.io/xianning-teaching-resources/%E4%BA%A4%E4%BB%98%E7%89%A9/03_%E6%9C%9F%E6%9C%AB%E7%9C%9F%E9%A2%98%E8%AF%95%E5%8D%B7/HTML/%E4%B8%83%E5%B9%B4%E7%BA%A7%E7%94%9F%E7%89%A9_%E7%AC%AC%E4%B8%80%E5%AD%A6%E6%9C%9F%E6%9C%9F%E6%9C%AB%E8%B4%A8%E9%87%8F%E6%A3%80%E6%B5%8B_%E6%9C%9F%E6%9C%AB%E8%B4%A8%E9%87%8F%E6%A3%80%E6%B5%8BA%E5%8D%B7.html
初中,七年级,历史,试卷网页,七年级历史_上学期期末学业水平测试_学业水平测试B卷,https://chenzhuanxin.github.io/xianning-teaching-resources/%E4%BA%A4%E4%BB%98%E7%89%A9/03_%E6%9C%9F%E6%9C%AB%E7%9C%9F%E9%A2%98%E8%AF%95%E5%8D%B7/HTML/%E4%B8%83%E5%B9%B4%E7%BA%A7%E5%8E%86%E5%8F%B2_%E4%B8%8A%E5%AD%A6%E6%9C%9F%E6%9C%9F%E6%9C%AB%E5%AD%A6%E4%B8%9A%E6%B0%B4%E5%B9%B3%E6%B5%8B%E8%AF%95_%E5%AD%A6%E4%B8%9A%E6%B0%B4%E5%B9%B3%E6%B5%8B%E8%AF%95B%E5%8D%B7.html
初中,七年级,历史,试卷网页,七年级历史_下学期期末综合检测_综合检测C卷,https://chenzhuanxin.github.io/xianning-teaching-resources/%E4%BA%A4%E4%BB%98%E7%89%A9/03_%E6%9C%9F%E6%9C%AB%E7%9C%9F%E9%A2%98%E8%AF%95%E5%8D%B7/HTML/%E4%B8%83%E5%B9%B4%E7%BA%A7%E5%8E%86%E5%8F%B2_%E4%B8%8B%E5%AD%A6%E6%9C%9F%E6%9C%9F%E6%9C%AB%E7%BB%BC%E5%90%88%E6%A3%80%E6%B5%8B_%E7%BB%BC%E5%90%88%E6%A3%80%E6%B5%8BC%E5%8D%B7.html
初中,七年级,历史,试卷网页,七年级历史_期末复习质量检测_复习质量检测D卷,https://chenzhuanxin.github.io/xianning-teaching-resources/%E4%BA%A4%E4%BB%98%E7%89%A9/03_%E6%9C%9F%E6%9C%AB%E7%9C%9F%E9%A2%98%E8%AF%95%E5%8D%B7/HTML/%E4%B8%83%E5%B9%B4%E7%BA%A7%E5%8E%86%E5%8F%B2_%E6%9C%9F%E6%9C%AB%E5%A4%8D%E4%B9%A0%E8%B4%A8%E9%87%8F%E6%A3%80%E6%B5%8B_%E5%A4%8D%E4%B9%A0%E8%B4%A8%E9%87%8F%E6%A3%80%E6%B5%8BD%E5%8D%B7.html
初中,七年级,历史,试卷网页,七年级历史_期末学业质量监测_学业质量监测E卷,https://chenzhuanxin.github.io/xianning-teaching-resources/%E4%BA%A4%E4%BB%98%E7%89%A9/03_%E6%9C%9F%E6%9C%AB%E7%9C%9F%E9%A2%98%E8%AF%95%E5%8D%B7/HTML/%E4%B8%83%E5%B9%B4%E7%BA%A7%E5%8E%86%E5%8F%B2_%E6%9C%9F%E6%9C%AB%E5%AD%A6%E4%B8%9A%E8%B4%A8%E9%87%8F%E7%9B%91%E6%B5%8B_%E5%AD%A6%E4%B8%9A%E8%B4%A8%E9%87%8F%E7%9B%91%E6%B5%8BE%E5%8D%B7.html
初中,七年级,历史,试卷网页,七年级历史_第一学期期末质量检测_期末质量检测A卷,https://chenzhuanxin.github.io/xianning-teaching-resources/%E4%BA%A4%E4%BB%98%E7%89%A9/03_%E6%9C%9F%E6%9C%AB%E7%9C%9F%E9%A2%98%E8%AF%95%E5%8D%B7/HTML/%E4%B8%83%E5%B9%B4%E7%BA%A7%E5%8E%86%E5%8F%B2_%E7%AC%AC%E4%B8%80%E5%AD%A6%E6%9C%9F%E6%9C%9F%E6%9C%AB%E8%B4%A8%E9%87%8F%E6%A3%80%E6%B5%8B_%E6%9C%9F%E6%9C%AB%E8%B4%A8%E9%87%8F%E6%A3%80%E6%B5%8BA%E5%8D%B7.html
初中,七年级,地理,试卷网页,七年级地理_上学期期末学业水平测试_学业水平测试B卷,https://chenzhuanxin.github.io/xianning-teaching-resources/%E4%BA%A4%E4%BB%98%E7%89%A9/03_%E6%9C%9F%E6%9C%AB%E7%9C%9F%E9%A2%98%E8%AF%95%E5%8D%B7/HTML/%E4%B8%83%E5%B9%B4%E7%BA%A7%E5%9C%B0%E7%90%86_%E4%B8%8A%E5%AD%A6%E6%9C%9F%E6%9C%9F%E6%9C%AB%E5%AD%A6%E4%B8%9A%E6%B0%B4%E5%B9%B3%E6%B5%8B%E8%AF%95_%E5%AD%A6%E4%B8%9A%E6%B0%B4%E5%B9%B3%E6%B5%8B%E8%AF%95B%E5%8D%B7.html
初中,七年级,地理,试卷网页,七年级地理_下学期期末综合检测_综合检测C卷,https://chenzhuanxin.github.io/xianning-teaching-resources/%E4%BA%A4%E4%BB%98%E7%89%A9/03_%E6%9C%9F%E6%9C%AB%E7%9C%9F%E9%A2%98%E8%AF%95%E5%8D%B7/HTML/%E4%B8%83%E5%B9%B4%E7%BA%A7%E5%9C%B0%E7%90%86_%E4%B8%8B%E5%AD%A6%E6%9C%9F%E6%9C%9F%E6%9C%AB%E7%BB%BC%E5%90%88%E6%A3%80%E6%B5%8B_%E7%BB%BC%E5%90%88%E6%A3%80%E6%B5%8BC%E5%8D%B7.html
初中,七年级,地理,试卷网页,七年级地理_期末复习质量检测_复习质量检测D卷,https://chenzhuanxin.github.io/xianning-teaching-resources/%E4%BA%A4%E4%BB%98%E7%89%A9/03_%E6%9C%9F%E6%9C%AB%E7%9C%9F%E9%A2%98%E8%AF%95%E5%8D%B7/HTML/%E4%B8%83%E5%B9%B4%E7%BA%A7%E5%9C%B0%E7%90%86_%E6%9C%9F%E6%9C%AB%E5%A4%8D%E4%B9%A0%E8%B4%A8%E9%87%8F%E6%A3%80%E6%B5%8B_%E5%A4%8D%E4%B9%A0%E8%B4%A8%E9%87%8F%E6%A3%80%E6%B5%8BD%E5%8D%B7.html
初中,七年级,地理,试卷网页,七年级地理_期末学业质量监测_学业质量监测E卷,https://chenzhuanxin.github.io/xianning-teaching-resources/%E4%BA%A4%E4%BB%98%E7%89%A9/03_%E6%9C%9F%E6%9C%AB%E7%9C%9F%E9%A2%98%E8%AF%95%E5%8D%B7/HTML/%E4%B8%83%E5%B9%B4%E7%BA%A7%E5%9C%B0%E7%90%86_%E6%9C%9F%E6%9C%AB%E5%AD%A6%E4%B8%9A%E8%B4%A8%E9%87%8F%E7%9B%91%E6%B5%8B_%E5%AD%A6%E4%B8%9A%E8%B4%A8%E9%87%8F%E7%9B%91%E6%B5%8BE%E5%8D%B7.html
初中,七年级,地理,试卷网页,七年级地理_第一学期期末质量检测_期末质量检测A卷,https://chenzhuanxin.github.io/xianning-teaching-resources/%E4%BA%A4%E4%BB%98%E7%89%A9/03_%E6%9C%9F%E6%9C%AB%E7%9C%9F%E9%A2%98%E8%AF%95%E5%8D%B7/HTML/%E4%B8%83%E5%B9%B4%E7%BA%A7%E5%9C%B0%E7%90%86_%E7%AC%AC%E4%B8%80%E5%AD%A6%E6%9C%9F%E6%9C%9F%E6%9C%AB%E8%B4%A8%E9%87%8F%E6%A3%80%E6%B5%8B_%E6%9C%9F%E6%9C%AB%E8%B4%A8%E9%87%8F%E6%A3%80%E6%B5%8BA%E5%8D%B7.html
初中,八年级,语文,试卷网页,八年级语文_期末学业质量综合评价_综合评价E卷,https://chenzhuanxin.github.io/xianning-teaching-resources/%E4%BA%A4%E4%BB%98%E7%89%A9/03_%E6%9C%9F%E6%9C%AB%E7%9C%9F%E9%A2%98%E8%AF%95%E5%8D%B7/HTML/%E5%85%AB%E5%B9%B4%E7%BA%A7%E8%AF%AD%E6%96%87_%E6%9C%9F%E6%9C%AB%E5%AD%A6%E4%B8%9A%E8%B4%A8%E9%87%8F%E7%BB%BC%E5%90%88%E8%AF%84%E4%BB%B7_%E7%BB%BC%E5%90%88%E8%AF%84%E4%BB%B7E%E5%8D%B7.html
初中,八年级,语文,试卷网页,八年级语文_期末综合能力提升测试_能力提升C卷,https://chenzhuanxin.github.io/xianning-teaching-resources/%E4%BA%A4%E4%BB%98%E7%89%A9/03_%E6%9C%9F%E6%9C%AB%E7%9C%9F%E9%A2%98%E8%AF%95%E5%8D%B7/HTML/%E5%85%AB%E5%B9%B4%E7%BA%A7%E8%AF%AD%E6%96%87_%E6%9C%9F%E6%9C%AB%E7%BB%BC%E5%90%88%E8%83%BD%E5%8A%9B%E6%8F%90%E5%8D%87%E6%B5%8B%E8%AF%95_%E8%83%BD%E5%8A%9B%E6%8F%90%E5%8D%87C%E5%8D%B7.html
初中,八年级,语文,试卷网页,八年级语文_第一学期期末质量检测_期末质量检测A卷,https://chenzhuanxin.github.io/xianning-teaching-resources/%E4%BA%A4%E4%BB%98%E7%89%A9/03_%E6%9C%9F%E6%9C%AB%E7%9C%9F%E9%A2%98%E8%AF%95%E5%8D%B7/HTML/%E5%85%AB%E5%B9%B4%E7%BA%A7%E8%AF%AD%E6%96%87_%E7%AC%AC%E4%B8%80%E5%AD%A6%E6%9C%9F%E6%9C%9F%E6%9C%AB%E8%B4%A8%E9%87%8F%E6%A3%80%E6%B5%8B_%E6%9C%9F%E6%9C%AB%E8%B4%A8%E9%87%8F%E6%A3%80%E6%B5%8BA%E5%8D%B7.html
初中,八年级,语文,试卷网页,八年级语文_第二学期期末学业水平测试_学业水平测试B卷,https://chenzhuanxin.github.io/xianning-teaching-resources/%E4%BA%A4%E4%BB%98%E7%89%A9/03_%E6%9C%9F%E6%9C%AB%E7%9C%9F%E9%A2%98%E8%AF%95%E5%8D%B7/HTML/%E5%85%AB%E5%B9%B4%E7%BA%A7%E8%AF%AD%E6%96%87_%E7%AC%AC%E4%BA%8C%E5%AD%A6%E6%9C%9F%E6%9C%9F%E6%9C%AB%E5%AD%A6%E4%B8%9A%E6%B0%B4%E5%B9%B3%E6%B5%8B%E8%AF%95_%E5%AD%A6%E4%B8%9A%E6%B0%B4%E5%B9%B3%E6%B5%8B%E8%AF%95B%E5%8D%B7.html
初中,八年级,语文,试卷网页,八年级语文_第二学期期末教学质量监测_质量监测D卷,https://chenzhuanxin.github.io/xianning-teaching-resources/%E4%BA%A4%E4%BB%98%E7%89%A9/03_%E6%9C%9F%E6%9C%AB%E7%9C%9F%E9%A2%98%E8%AF%95%E5%8D%B7/HTML/%E5%85%AB%E5%B9%B4%E7%BA%A7%E8%AF%AD%E6%96%87_%E7%AC%AC%E4%BA%8C%E5%AD%A6%E6%9C%9F%E6%9C%9F%E6%9C%AB%E6%95%99%E5%AD%A6%E8%B4%A8%E9%87%8F%E7%9B%91%E6%B5%8B_%E8%B4%A8%E9%87%8F%E7%9B%91%E6%B5%8BD%E5%8D%B7.html
初中,八年级,数学,试卷网页,八年级数学_期末综合能力提升测试_能力提升C卷,https://chenzhuanxin.github.io/xianning-teaching-resources/%E4%BA%A4%E4%BB%98%E7%89%A9/03_%E6%9C%9F%E6%9C%AB%E7%9C%9F%E9%A2%98%E8%AF%95%E5%8D%B7/HTML/%E5%85%AB%E5%B9%B4%E7%BA%A7%E6%95%B0%E5%AD%A6_%E6%9C%9F%E6%9C%AB%E7%BB%BC%E5%90%88%E8%83%BD%E5%8A%9B%E6%8F%90%E5%8D%87%E6%B5%8B%E8%AF%95_%E8%83%BD%E5%8A%9B%E6%8F%90%E5%8D%87C%E5%8D%B7.html
初中,八年级,数学,试卷网页,八年级数学_第一学期期末学业质量综合评价_综合评价E卷,https://chenzhuanxin.github.io/xianning-teaching-resources/%E4%BA%A4%E4%BB%98%E7%89%A9/03_%E6%9C%9F%E6%9C%AB%E7%9C%9F%E9%A2%98%E8%AF%95%E5%8D%B7/HTML/%E5%85%AB%E5%B9%B4%E7%BA%A7%E6%95%B0%E5%AD%A6_%E7%AC%AC%E4%B8%80%E5%AD%A6%E6%9C%9F%E6%9C%9F%E6%9C%AB%E5%AD%A6%E4%B8%9A%E8%B4%A8%E9%87%8F%E7%BB%BC%E5%90%88%E8%AF%84%E4%BB%B7_%E7%BB%BC%E5%90%88%E8%AF%84%E4%BB%B7E%E5%8D%B7.html
初中,八年级,数学,试卷网页,八年级数学_第一学期期末质量检测_期末质量检测A卷,https://chenzhuanxin.github.io/xianning-teaching-resources/%E4%BA%A4%E4%BB%98%E7%89%A9/03_%E6%9C%9F%E6%9C%AB%E7%9C%9F%E9%A2%98%E8%AF%95%E5%8D%B7/HTML/%E5%85%AB%E5%B9%B4%E7%BA%A7%E6%95%B0%E5%AD%A6_%E7%AC%AC%E4%B8%80%E5%AD%A6%E6%9C%9F%E6%9C%9F%E6%9C%AB%E8%B4%A8%E9%87%8F%E6%A3%80%E6%B5%8B_%E6%9C%9F%E6%9C%AB%E8%B4%A8%E9%87%8F%E6%A3%80%E6%B5%8BA%E5%8D%B7.html
初中,八年级,数学,试卷网页,八年级数学_第二学期期末学业水平测试_学业水平测试B卷,https://chenzhuanxin.github.io/xianning-teaching-resources/%E4%BA%A4%E4%BB%98%E7%89%A9/03_%E6%9C%9F%E6%9C%AB%E7%9C%9F%E9%A2%98%E8%AF%95%E5%8D%B7/HTML/%E5%85%AB%E5%B9%B4%E7%BA%A7%E6%95%B0%E5%AD%A6_%E7%AC%AC%E4%BA%8C%E5%AD%A6%E6%9C%9F%E6%9C%9F%E6%9C%AB%E5%AD%A6%E4%B8%9A%E6%B0%B4%E5%B9%B3%E6%B5%8B%E8%AF%95_%E5%AD%A6%E4%B8%9A%E6%B0%B4%E5%B9%B3%E6%B5%8B%E8%AF%95B%E5%8D%B7.html
初中,八年级,数学,试卷网页,八年级数学_第二学期期末教学质量监测_质量监测D卷,https://chenzhuanxin.github.io/xianning-teaching-resources/%E4%BA%A4%E4%BB%98%E7%89%A9/03_%E6%9C%9F%E6%9C%AB%E7%9C%9F%E9%A2%98%E8%AF%95%E5%8D%B7/HTML/%E5%85%AB%E5%B9%B4%E7%BA%A7%E6%95%B0%E5%AD%A6_%E7%AC%AC%E4%BA%8C%E5%AD%A6%E6%9C%9F%E6%9C%9F%E6%9C%AB%E6%95%99%E5%AD%A6%E8%B4%A8%E9%87%8F%E7%9B%91%E6%B5%8B_%E8%B4%A8%E9%87%8F%E7%9B%91%E6%B5%8BD%E5%8D%B7.html
初中,八年级,英语,试卷网页,八年级英语_期末综合能力提升测试_能力提升C卷,https://chenzhuanxin.github.io/xianning-teaching-resources/%E4%BA%A4%E4%BB%98%E7%89%A9/03_%E6%9C%9F%E6%9C%AB%E7%9C%9F%E9%A2%98%E8%AF%95%E5%8D%B7/HTML/%E5%85%AB%E5%B9%B4%E7%BA%A7%E8%8B%B1%E8%AF%AD_%E6%9C%9F%E6%9C%AB%E7%BB%BC%E5%90%88%E8%83%BD%E5%8A%9B%E6%8F%90%E5%8D%87%E6%B5%8B%E8%AF%95_%E8%83%BD%E5%8A%9B%E6%8F%90%E5%8D%87C%E5%8D%B7.html
初中,八年级,英语,试卷网页,八年级英语_第一学期期末学业质量综合评价_综合评价E卷,https://chenzhuanxin.github.io/xianning-teaching-resources/%E4%BA%A4%E4%BB%98%E7%89%A9/03_%E6%9C%9F%E6%9C%AB%E7%9C%9F%E9%A2%98%E8%AF%95%E5%8D%B7/HTML/%E5%85%AB%E5%B9%B4%E7%BA%A7%E8%8B%B1%E8%AF%AD_%E7%AC%AC%E4%B8%80%E5%AD%A6%E6%9C%9F%E6%9C%9F%E6%9C%AB%E5%AD%A6%E4%B8%9A%E8%B4%A8%E9%87%8F%E7%BB%BC%E5%90%88%E8%AF%84%E4%BB%B7_%E7%BB%BC%E5%90%88%E8%AF%84%E4%BB%B7E%E5%8D%B7.html
初中,八年级,英语,试卷网页,八年级英语_第一学期期末质量检测_期末质量检测A卷,https://chenzhuanxin.github.io/xianning-teaching-resources/%E4%BA%A4%E4%BB%98%E7%89%A9/03_%E6%9C%9F%E6%9C%AB%E7%9C%9F%E9%A2%98%E8%AF%95%E5%8D%B7/HTML/%E5%85%AB%E5%B9%B4%E7%BA%A7%E8%8B%B1%E8%AF%AD_%E7%AC%AC%E4%B8%80%E5%AD%A6%E6%9C%9F%E6%9C%9F%E6%9C%AB%E8%B4%A8%E9%87%8F%E6%A3%80%E6%B5%8B_%E6%9C%9F%E6%9C%AB%E8%B4%A8%E9%87%8F%E6%A3%80%E6%B5%8BA%E5%8D%B7.html
初中,八年级,英语,试卷网页,八年级英语_第二学期期末学业水平测试_学业水平测试B卷,https://chenzhuanxin.github.io/xianning-teaching-resources/%E4%BA%A4%E4%BB%98%E7%89%A9/03_%E6%9C%9F%E6%9C%AB%E7%9C%9F%E9%A2%98%E8%AF%95%E5%8D%B7/HTML/%E5%85%AB%E5%B9%B4%E7%BA%A7%E8%8B%B1%E8%AF%AD_%E7%AC%AC%E4%BA%8C%E5%AD%A6%E6%9C%9F%E6%9C%9F%E6%9C%AB%E5%AD%A6%E4%B8%9A%E6%B0%B4%E5%B9%B3%E6%B5%8B%E8%AF%95_%E5%AD%A6%E4%B8%9A%E6%B0%B4%E5%B9%B3%E6%B5%8B%E8%AF%95B%E5%8D%B7.html
初中,八年级,英语,试卷网页,八年级英语_第二学期期末教学质量监测_质量监测D卷,https://chenzhuanxin.github.io/xianning-teaching-resources/%E4%BA%A4%E4%BB%98%E7%89%A9/03_%E6%9C%9F%E6%9C%AB%E7%9C%9F%E9%A2%98%E8%AF%95%E5%8D%B7/HTML/%E5%85%AB%E5%B9%B4%E7%BA%A7%E8%8B%B1%E8%AF%AD_%E7%AC%AC%E4%BA%8C%E5%AD%A6%E6%9C%9F%E6%9C%9F%E6%9C%AB%E6%95%99%E5%AD%A6%E8%B4%A8%E9%87%8F%E7%9B%91%E6%B5%8B_%E8%B4%A8%E9%87%8F%E7%9B%91%E6%B5%8BD%E5%8D%B7.html
初中,八年级,道德与法治,试卷网页,八年级道德与法治_期末综合能力提升测试_能力提升C卷,https://chenzhuanxin.github.io/xianning-teaching-resources/%E4%BA%A4%E4%BB%98%E7%89%A9/03_%E6%9C%9F%E6%9C%AB%E7%9C%9F%E9%A2%98%E8%AF%95%E5%8D%B7/HTML/%E5%85%AB%E5%B9%B4%E7%BA%A7%E9%81%93%E5%BE%B7%E4%B8%8E%E6%B3%95%E6%B2%BB_%E6%9C%9F%E6%9C%AB%E7%BB%BC%E5%90%88%E8%83%BD%E5%8A%9B%E6%8F%90%E5%8D%87%E6%B5%8B%E8%AF%95_%E8%83%BD%E5%8A%9B%E6%8F%90%E5%8D%87C%E5%8D%B7.html
初中,八年级,道德与法治,试卷网页,八年级道德与法治_第一学期期末学业质量综合评价_综合评价E卷,https://chenzhuanxin.github.io/xianning-teaching-resources/%E4%BA%A4%E4%BB%98%E7%89%A9/03_%E6%9C%9F%E6%9C%AB%E7%9C%9F%E9%A2%98%E8%AF%95%E5%8D%B7/HTML/%E5%85%AB%E5%B9%B4%E7%BA%A7%E9%81%93%E5%BE%B7%E4%B8%8E%E6%B3%95%E6%B2%BB_%E7%AC%AC%E4%B8%80%E5%AD%A6%E6%9C%9F%E6%9C%9F%E6%9C%AB%E5%AD%A6%E4%B8%9A%E8%B4%A8%E9%87%8F%E7%BB%BC%E5%90%88%E8%AF%84%E4%BB%B7_%E7%BB%BC%E5%90%88%E8%AF%84%E4%BB%B7E%E5%8D%B7.html
初中,八年级,道德与法治,试卷网页,八年级道德与法治_第一学期期末质量检测_期末质量检测A卷,https://chenzhuanxin.github.io/xianning-teaching-resources/%E4%BA%A4%E4%BB%98%E7%89%A9/03_%E6%9C%9F%E6%9C%AB%E7%9C%9F%E9%A2%98%E8%AF%95%E5%8D%B7/HTML/%E5%85%AB%E5%B9%B4%E7%BA%A7%E9%81%93%E5%BE%B7%E4%B8%8E%E6%B3%95%E6%B2%BB_%E7%AC%AC%E4%B8%80%E5%AD%A6%E6%9C%9F%E6%9C%9F%E6%9C%AB%E8%B4%A8%E9%87%8F%E6%A3%80%E6%B5%8B_%E6%9C%9F%E6%9C%AB%E8%B4%A8%E9%87%8F%E6%A3%80%E6%B5%8BA%E5%8D%B7.html
初中,八年级,道德与法治,试卷网页,八年级道德与法治_第二学期期末学业水平测试_学业水平测试B卷,https://chenzhuanxin.github.io/xianning-teaching-resources/%E4%BA%A4%E4%BB%98%E7%89%A9/03_%E6%9C%9F%E6%9C%AB%E7%9C%9F%E9%A2%98%E8%AF%95%E5%8D%B7/HTML/%E5%85%AB%E5%B9%B4%E7%BA%A7%E9%81%93%E5%BE%B7%E4%B8%8E%E6%B3%95%E6%B2%BB_%E7%AC%AC%E4%BA%8C%E5%AD%A6%E6%9C%9F%E6%9C%9F%E6%9C%AB%E5%AD%A6%E4%B8%9A%E6%B0%B4%E5%B9%B3%E6%B5%8B%E8%AF%95_%E5%AD%A6%E4%B8%9A%E6%B0%B4%E5%B9%B3%E6%B5%8B%E8%AF%95B%E5%8D%B7.html
初中,八年级,道德与法治,试卷网页,八年级道德与法治_第二学期期末教学质量监测_质量监测D卷,https://chenzhuanxin.github.io/xianning-teaching-resources/%E4%BA%A4%E4%BB%98%E7%89%A9/03_%E6%9C%9F%E6%9C%AB%E7%9C%9F%E9%A2%98%E8%AF%95%E5%8D%B7/HTML/%E5%85%AB%E5%B9%B4%E7%BA%A7%E9%81%93%E5%BE%B7%E4%B8%8E%E6%B3%95%E6%B2%BB_%E7%AC%AC%E4%BA%8C%E5%AD%A6%E6%9C%9F%E6%9C%9F%E6%9C%AB%E6%95%99%E5%AD%A6%E8%B4%A8%E9%87%8F%E7%9B%91%E6%B5%8B_%E8%B4%A8%E9%87%8F%E7%9B%91%E6%B5%8BD%E5%8D%B7.html
初中,八年级,物理,试卷网页,八年级物理_期末综合能力提升测试_能力提升C卷,https://chenzhuanxin.github.io/xianning-teaching-resources/%E4%BA%A4%E4%BB%98%E7%89%A9/03_%E6%9C%9F%E6%9C%AB%E7%9C%9F%E9%A2%98%E8%AF%95%E5%8D%B7/HTML/%E5%85%AB%E5%B9%B4%E7%BA%A7%E7%89%A9%E7%90%86_%E6%9C%9F%E6%9C%AB%E7%BB%BC%E5%90%88%E8%83%BD%E5%8A%9B%E6%8F%90%E5%8D%87%E6%B5%8B%E8%AF%95_%E8%83%BD%E5%8A%9B%E6%8F%90%E5%8D%87C%E5%8D%B7.html
初中,八年级,物理,试卷网页,八年级物理_第一学期期末学业质量综合评价_综合评价E卷,https://chenzhuanxin.github.io/xianning-teaching-resources/%E4%BA%A4%E4%BB%98%E7%89%A9/03_%E6%9C%9F%E6%9C%AB%E7%9C%9F%E9%A2%98%E8%AF%95%E5%8D%B7/HTML/%E5%85%AB%E5%B9%B4%E7%BA%A7%E7%89%A9%E7%90%86_%E7%AC%AC%E4%B8%80%E5%AD%A6%E6%9C%9F%E6%9C%9F%E6%9C%AB%E5%AD%A6%E4%B8%9A%E8%B4%A8%E9%87%8F%E7%BB%BC%E5%90%88%E8%AF%84%E4%BB%B7_%E7%BB%BC%E5%90%88%E8%AF%84%E4%BB%B7E%E5%8D%B7.html
初中,八年级,物理,试卷网页,八年级物理_第一学期期末质量检测_期末质量检测A卷,https://chenzhuanxin.github.io/xianning-teaching-resources/%E4%BA%A4%E4%BB%98%E7%89%A9/03_%E6%9C%9F%E6%9C%AB%E7%9C%9F%E9%A2%98%E8%AF%95%E5%8D%B7/HTML/%E5%85%AB%E5%B9%B4%E7%BA%A7%E7%89%A9%E7%90%86_%E7%AC%AC%E4%B8%80%E5%AD%A6%E6%9C%9F%E6%9C%9F%E6%9C%AB%E8%B4%A8%E9%87%8F%E6%A3%80%E6%B5%8B_%E6%9C%9F%E6%9C%AB%E8%B4%A8%E9%87%8F%E6%A3%80%E6%B5%8BA%E5%8D%B7.html
初中,八年级,物理,试卷网页,八年级物理_第二学期期末学业水平测试_学业水平测试B卷,https://chenzhuanxin.github.io/xianning-teaching-resources/%E4%BA%A4%E4%BB%98%E7%89%A9/03_%E6%9C%9F%E6%9C%AB%E7%9C%9F%E9%A2%98%E8%AF%95%E5%8D%B7/HTML/%E5%85%AB%E5%B9%B4%E7%BA%A7%E7%89%A9%E7%90%86_%E7%AC%AC%E4%BA%8C%E5%AD%A6%E6%9C%9F%E6%9C%9F%E6%9C%AB%E5%AD%A6%E4%B8%9A%E6%B0%B4%E5%B9%B3%E6%B5%8B%E8%AF%95_%E5%AD%A6%E4%B8%9A%E6%B0%B4%E5%B9%B3%E6%B5%8B%E8%AF%95B%E5%8D%B7.html
初中,八年级,物理,试卷网页,八年级物理_第二学期期末教学质量监测_质量监测D卷,https://chenzhuanxin.github.io/xianning-teaching-resources/%E4%BA%A4%E4%BB%98%E7%89%A9/03_%E6%9C%9F%E6%9C%AB%E7%9C%9F%E9%A2%98%E8%AF%95%E5%8D%B7/HTML/%E5%85%AB%E5%B9%B4%E7%BA%A7%E7%89%A9%E7%90%86_%E7%AC%AC%E4%BA%8C%E5%AD%A6%E6%9C%9F%E6%9C%9F%E6%9C%AB%E6%95%99%E5%AD%A6%E8%B4%A8%E9%87%8F%E7%9B%91%E6%B5%8B_%E8%B4%A8%E9%87%8F%E7%9B%91%E6%B5%8BD%E5%8D%B7.html
初中,八年级,生物,试卷网页,八年级生物_期末综合能力提升测试_能力提升C卷,https://chenzhuanxin.github.io/xianning-teaching-resources/%E4%BA%A4%E4%BB%98%E7%89%A9/03_%E6%9C%9F%E6%9C%AB%E7%9C%9F%E9%A2%98%E8%AF%95%E5%8D%B7/HTML/%E5%85%AB%E5%B9%B4%E7%BA%A7%E7%94%9F%E7%89%A9_%E6%9C%9F%E6%9C%AB%E7%BB%BC%E5%90%88%E8%83%BD%E5%8A%9B%E6%8F%90%E5%8D%87%E6%B5%8B%E8%AF%95_%E8%83%BD%E5%8A%9B%E6%8F%90%E5%8D%87C%E5%8D%B7.html
初中,八年级,生物,试卷网页,八年级生物_第一学期期末学业质量综合评价_综合评价E卷,https://chenzhuanxin.github.io/xianning-teaching-resources/%E4%BA%A4%E4%BB%98%E7%89%A9/03_%E6%9C%9F%E6%9C%AB%E7%9C%9F%E9%A2%98%E8%AF%95%E5%8D%B7/HTML/%E5%85%AB%E5%B9%B4%E7%BA%A7%E7%94%9F%E7%89%A9_%E7%AC%AC%E4%B8%80%E5%AD%A6%E6%9C%9F%E6%9C%9F%E6%9C%AB%E5%AD%A6%E4%B8%9A%E8%B4%A8%E9%87%8F%E7%BB%BC%E5%90%88%E8%AF%84%E4%BB%B7_%E7%BB%BC%E5%90%88%E8%AF%84%E4%BB%B7E%E5%8D%B7.html
初中,八年级,生物,试卷网页,八年级生物_第一学期期末质量检测_期末质量检测A卷,https://chenzhuanxin.github.io/xianning-teaching-resources/%E4%BA%A4%E4%BB%98%E7%89%A9/03_%E6%9C%9F%E6%9C%AB%E7%9C%9F%E9%A2%98%E8%AF%95%E5%8D%B7/HTML/%E5%85%AB%E5%B9%B4%E7%BA%A7%E7%94%9F%E7%89%A9_%E7%AC%AC%E4%B8%80%E5%AD%A6%E6%9C%9F%E6%9C%9F%E6%9C%AB%E8%B4%A8%E9%87%8F%E6%A3%80%E6%B5%8B_%E6%9C%9F%E6%9C%AB%E8%B4%A8%E9%87%8F%E6%A3%80%E6%B5%8BA%E5%8D%B7.html
初中,八年级,生物,试卷网页,八年级生物_第二学期期末学业水平测试_学业水平测试B卷,https://chenzhuanxin.github.io/xianning-teaching-resources/%E4%BA%A4%E4%BB%98%E7%89%A9/03_%E6%9C%9F%E6%9C%AB%E7%9C%9F%E9%A2%98%E8%AF%95%E5%8D%B7/HTML/%E5%85%AB%E5%B9%B4%E7%BA%A7%E7%94%9F%E7%89%A9_%E7%AC%AC%E4%BA%8C%E5%AD%A6%E6%9C%9F%E6%9C%9F%E6%9C%AB%E5%AD%A6%E4%B8%9A%E6%B0%B4%E5%B9%B3%E6%B5%8B%E8%AF%95_%E5%AD%A6%E4%B8%9A%E6%B0%B4%E5%B9%B3%E6%B5%8B%E8%AF%95B%E5%8D%B7.html
初中,八年级,生物,试卷网页,八年级生物_第二学期期末教学质量监测_质量监测D卷,https://chenzhuanxin.github.io/xianning-teaching-resources/%E4%BA%A4%E4%BB%98%E7%89%A9/03_%E6%9C%9F%E6%9C%AB%E7%9C%9F%E9%A2%98%E8%AF%95%E5%8D%B7/HTML/%E5%85%AB%E5%B9%B4%E7%BA%A7%E7%94%9F%E7%89%A9_%E7%AC%AC%E4%BA%8C%E5%AD%A6%E6%9C%9F%E6%9C%9F%E6%9C%AB%E6%95%99%E5%AD%A6%E8%B4%A8%E9%87%8F%E7%9B%91%E6%B5%8B_%E8%B4%A8%E9%87%8F%E7%9B%91%E6%B5%8BD%E5%8D%B7.html
初中,八年级,历史,试卷网页,八年级历史_期末综合能力提升测试_能力提升C卷,https://chenzhuanxin.github.io/xianning-teaching-resources/%E4%BA%A4%E4%BB%98%E7%89%A9/03_%E6%9C%9F%E6%9C%AB%E7%9C%9F%E9%A2%98%E8%AF%95%E5%8D%B7/HTML/%E5%85%AB%E5%B9%B4%E7%BA%A7%E5%8E%86%E5%8F%B2_%E6%9C%9F%E6%9C%AB%E7%BB%BC%E5%90%88%E8%83%BD%E5%8A%9B%E6%8F%90%E5%8D%87%E6%B5%8B%E8%AF%95_%E8%83%BD%E5%8A%9B%E6%8F%90%E5%8D%87C%E5%8D%B7.html
初中,八年级,历史,试卷网页,八年级历史_第一学期期末学业质量综合评价_综合评价E卷,https://chenzhuanxin.github.io/xianning-teaching-resources/%E4%BA%A4%E4%BB%98%E7%89%A9/03_%E6%9C%9F%E6%9C%AB%E7%9C%9F%E9%A2%98%E8%AF%95%E5%8D%B7/HTML/%E5%85%AB%E5%B9%B4%E7%BA%A7%E5%8E%86%E5%8F%B2_%E7%AC%AC%E4%B8%80%E5%AD%A6%E6%9C%9F%E6%9C%9F%E6%9C%AB%E5%AD%A6%E4%B8%9A%E8%B4%A8%E9%87%8F%E7%BB%BC%E5%90%88%E8%AF%84%E4%BB%B7_%E7%BB%BC%E5%90%88%E8%AF%84%E4%BB%B7E%E5%8D%B7.html
初中,八年级,历史,试卷网页,八年级历史_第一学期期末质量检测_期末质量检测A卷,https://chenzhuanxin.github.io/xianning-teaching-resources/%E4%BA%A4%E4%BB%98%E7%89%A9/03_%E6%9C%9F%E6%9C%AB%E7%9C%9F%E9%A2%98%E8%AF%95%E5%8D%B7/HTML/%E5%85%AB%E5%B9%B4%E7%BA%A7%E5%8E%86%E5%8F%B2_%E7%AC%AC%E4%B8%80%E5%AD%A6%E6%9C%9F%E6%9C%9F%E6%9C%AB%E8%B4%A8%E9%87%8F%E6%A3%80%E6%B5%8B_%E6%9C%9F%E6%9C%AB%E8%B4%A8%E9%87%8F%E6%A3%80%E6%B5%8BA%E5%8D%B7.html
初中,八年级,历史,试卷网页,八年级历史_第二学期期末学业水平测试_学业水平测试B卷,https://chenzhuanxin.github.io/xianning-teaching-resources/%E4%BA%A4%E4%BB%98%E7%89%A9/03_%E6%9C%9F%E6%9C%AB%E7%9C%9F%E9%A2%98%E8%AF%95%E5%8D%B7/HTML/%E5%85%AB%E5%B9%B4%E7%BA%A7%E5%8E%86%E5%8F%B2_%E7%AC%AC%E4%BA%8C%E5%AD%A6%E6%9C%9F%E6%9C%9F%E6%9C%AB%E5%AD%A6%E4%B8%9A%E6%B0%B4%E5%B9%B3%E6%B5%8B%E8%AF%95_%E5%AD%A6%E4%B8%9A%E6%B0%B4%E5%B9%B3%E6%B5%8B%E8%AF%95B%E5%8D%B7.html
初中,八年级,历史,试卷网页,八年级历史_第二学期期末教学质量监测_质量监测D卷,https://chenzhuanxin.github.io/xianning-teaching-resources/%E4%BA%A4%E4%BB%98%E7%89%A9/03_%E6%9C%9F%E6%9C%AB%E7%9C%9F%E9%A2%98%E8%AF%95%E5%8D%B7/HTML/%E5%85%AB%E5%B9%B4%E7%BA%A7%E5%8E%86%E5%8F%B2_%E7%AC%AC%E4%BA%8C%E5%AD%A6%E6%9C%9F%E6%9C%9F%E6%9C%AB%E6%95%99%E5%AD%A6%E8%B4%A8%E9%87%8F%E7%9B%91%E6%B5%8B_%E8%B4%A8%E9%87%8F%E7%9B%91%E6%B5%8BD%E5%8D%B7.html
初中,八年级,地理,试卷网页,八年级地理_期末综合能力提升测试_能力提升C卷,https://chenzhuanxin.github.io/xianning-teaching-resources/%E4%BA%A4%E4%BB%98%E7%89%A9/03_%E6%9C%9F%E6%9C%AB%E7%9C%9F%E9%A2%98%E8%AF%95%E5%8D%B7/HTML/%E5%85%AB%E5%B9%B4%E7%BA%A7%E5%9C%B0%E7%90%86_%E6%9C%9F%E6%9C%AB%E7%BB%BC%E5%90%88%E8%83%BD%E5%8A%9B%E6%8F%90%E5%8D%87%E6%B5%8B%E8%AF%95_%E8%83%BD%E5%8A%9B%E6%8F%90%E5%8D%87C%E5%8D%B7.html
初中,八年级,地理,试卷网页,八年级地理_第一学期期末学业质量综合评价_综合评价E卷,https://chenzhuanxin.github.io/xianning-teaching-resources/%E4%BA%A4%E4%BB%98%E7%89%A9/03_%E6%9C%9F%E6%9C%AB%E7%9C%9F%E9%A2%98%E8%AF%95%E5%8D%B7/HTML/%E5%85%AB%E5%B9%B4%E7%BA%A7%E5%9C%B0%E7%90%86_%E7%AC%AC%E4%B8%80%E5%AD%A6%E6%9C%9F%E6%9C%9F%E6%9C%AB%E5%AD%A6%E4%B8%9A%E8%B4%A8%E9%87%8F%E7%BB%BC%E5%90%88%E8%AF%84%E4%BB%B7_%E7%BB%BC%E5%90%88%E8%AF%84%E4%BB%B7E%E5%8D%B7.html
初中,八年级,地理,试卷网页,八年级地理_第一学期期末质量检测_期末质量检测A卷,https://chenzhuanxin.github.io/xianning-teaching-resources/%E4%BA%A4%E4%BB%98%E7%89%A9/03_%E6%9C%9F%E6%9C%AB%E7%9C%9F%E9%A2%98%E8%AF%95%E5%8D%B7/HTML/%E5%85%AB%E5%B9%B4%E7%BA%A7%E5%9C%B0%E7%90%86_%E7%AC%AC%E4%B8%80%E5%AD%A6%E6%9C%9F%E6%9C%9F%E6%9C%AB%E8%B4%A8%E9%87%8F%E6%A3%80%E6%B5%8B_%E6%9C%9F%E6%9C%AB%E8%B4%A8%E9%87%8F%E6%A3%80%E6%B5%8BA%E5%8D%B7.html
初中,八年级,地理,试卷网页,八年级地理_第二学期期末学业水平测试_学业水平测试B卷,https://chenzhuanxin.github.io/xianning-teaching-resources/%E4%BA%A4%E4%BB%98%E7%89%A9/03_%E6%9C%9F%E6%9C%AB%E7%9C%9F%E9%A2%98%E8%AF%95%E5%8D%B7/HTML/%E5%85%AB%E5%B9%B4%E7%BA%A7%E5%9C%B0%E7%90%86_%E7%AC%AC%E4%BA%8C%E5%AD%A6%E6%9C%9F%E6%9C%9F%E6%9C%AB%E5%AD%A6%E4%B8%9A%E6%B0%B4%E5%B9%B3%E6%B5%8B%E8%AF%95_%E5%AD%A6%E4%B8%9A%E6%B0%B4%E5%B9%B3%E6%B5%8B%E8%AF%95B%E5%8D%B7.html
初中,八年级,地理,试卷网页,八年级地理_第二学期期末教学质量监测_质量监测D卷,https://chenzhuanxin.github.io/xianning-teaching-resources/%E4%BA%A4%E4%BB%98%E7%89%A9/03_%E6%9C%9F%E6%9C%AB%E7%9C%9F%E9%A2%98%E8%AF%95%E5%8D%B7/HTML/%E5%85%AB%E5%B9%B4%E7%BA%A7%E5%9C%B0%E7%90%86_%E7%AC%AC%E4%BA%8C%E5%AD%A6%E6%9C%9F%E6%9C%9F%E6%9C%AB%E6%95%99%E5%AD%A6%E8%B4%A8%E9%87%8F%E7%9B%91%E6%B5%8B_%E8%B4%A8%E9%87%8F%E7%9B%91%E6%B5%8BD%E5%8D%B7.html
初中,九年级,语文,试卷网页,九年级语文_中考学业水平模拟考试_学业水平E卷,https://chenzhuanxin.github.io/xianning-teaching-resources/%E4%BA%A4%E4%BB%98%E7%89%A9/03_%E6%9C%9F%E6%9C%AB%E7%9C%9F%E9%A2%98%E8%AF%95%E5%8D%B7/HTML/%E4%B9%9D%E5%B9%B4%E7%BA%A7%E8%AF%AD%E6%96%87_%E4%B8%AD%E8%80%83%E5%AD%A6%E4%B8%9A%E6%B0%B4%E5%B9%B3%E6%A8%A1%E6%8B%9F%E8%80%83%E8%AF%95_%E5%AD%A6%E4%B8%9A%E6%B0%B4%E5%B9%B3E%E5%8D%B7.html
初中,九年级,语文,试卷网页,九年级语文_中考语文综合能力测试_综合能力C卷,https://chenzhuanxin.github.io/xianning-teaching-resources/%E4%BA%A4%E4%BB%98%E7%89%A9/03_%E6%9C%9F%E6%9C%AB%E7%9C%9F%E9%A2%98%E8%AF%95%E5%8D%B7/HTML/%E4%B9%9D%E5%B9%B4%E7%BA%A7%E8%AF%AD%E6%96%87_%E4%B8%AD%E8%80%83%E8%AF%AD%E6%96%87%E7%BB%BC%E5%90%88%E8%83%BD%E5%8A%9B%E6%B5%8B%E8%AF%95_%E7%BB%BC%E5%90%88%E8%83%BD%E5%8A%9BC%E5%8D%B7.html
初中,九年级,语文,试卷网页,九年级语文_第一学期期末质量检测_期末质量检测A卷,https://chenzhuanxin.github.io/xianning-teaching-resources/%E4%BA%A4%E4%BB%98%E7%89%A9/03_%E6%9C%9F%E6%9C%AB%E7%9C%9F%E9%A2%98%E8%AF%95%E5%8D%B7/HTML/%E4%B9%9D%E5%B9%B4%E7%BA%A7%E8%AF%AD%E6%96%87_%E7%AC%AC%E4%B8%80%E5%AD%A6%E6%9C%9F%E6%9C%9F%E6%9C%AB%E8%B4%A8%E9%87%8F%E6%A3%80%E6%B5%8B_%E6%9C%9F%E6%9C%AB%E8%B4%A8%E9%87%8F%E6%A3%80%E6%B5%8BA%E5%8D%B7.html
初中,九年级,语文,试卷网页,九年级语文_第二学期中考模拟测试_中考模拟测试B卷,https://chenzhuanxin.github.io/xianning-teaching-resources/%E4%BA%A4%E4%BB%98%E7%89%A9/03_%E6%9C%9F%E6%9C%AB%E7%9C%9F%E9%A2%98%E8%AF%95%E5%8D%B7/HTML/%E4%B9%9D%E5%B9%B4%E7%BA%A7%E8%AF%AD%E6%96%87_%E7%AC%AC%E4%BA%8C%E5%AD%A6%E6%9C%9F%E4%B8%AD%E8%80%83%E6%A8%A1%E6%8B%9F%E6%B5%8B%E8%AF%95_%E4%B8%AD%E8%80%83%E6%A8%A1%E6%8B%9F%E6%B5%8B%E8%AF%95B%E5%8D%B7.html
初中,九年级,语文,试卷网页,九年级语文_第二学期期末教学质量监测_质量监测D卷,https://chenzhuanxin.github.io/xianning-teaching-resources/%E4%BA%A4%E4%BB%98%E7%89%A9/03_%E6%9C%9F%E6%9C%AB%E7%9C%9F%E9%A2%98%E8%AF%95%E5%8D%B7/HTML/%E4%B9%9D%E5%B9%B4%E7%BA%A7%E8%AF%AD%E6%96%87_%E7%AC%AC%E4%BA%8C%E5%AD%A6%E6%9C%9F%E6%9C%9F%E6%9C%AB%E6%95%99%E5%AD%A6%E8%B4%A8%E9%87%8F%E7%9B%91%E6%B5%8B_%E8%B4%A8%E9%87%8F%E7%9B%91%E6%B5%8BD%E5%8D%B7.html
初中,九年级,数学,试卷网页,九年级数学_中考学业水平模拟考试_学业水平E卷,https://chenzhuanxin.github.io/xianning-teaching-resources/%E4%BA%A4%E4%BB%98%E7%89%A9/03_%E6%9C%9F%E6%9C%AB%E7%9C%9F%E9%A2%98%E8%AF%95%E5%8D%B7/HTML/%E4%B9%9D%E5%B9%B4%E7%BA%A7%E6%95%B0%E5%AD%A6_%E4%B8%AD%E8%80%83%E5%AD%A6%E4%B8%9A%E6%B0%B4%E5%B9%B3%E6%A8%A1%E6%8B%9F%E8%80%83%E8%AF%95_%E5%AD%A6%E4%B8%9A%E6%B0%B4%E5%B9%B3E%E5%8D%B7.html
初中,九年级,数学,试卷网页,九年级数学_中考数学综合能力测试_综合能力C卷,https://chenzhuanxin.github.io/xianning-teaching-resources/%E4%BA%A4%E4%BB%98%E7%89%A9/03_%E6%9C%9F%E6%9C%AB%E7%9C%9F%E9%A2%98%E8%AF%95%E5%8D%B7/HTML/%E4%B9%9D%E5%B9%B4%E7%BA%A7%E6%95%B0%E5%AD%A6_%E4%B8%AD%E8%80%83%E6%95%B0%E5%AD%A6%E7%BB%BC%E5%90%88%E8%83%BD%E5%8A%9B%E6%B5%8B%E8%AF%95_%E7%BB%BC%E5%90%88%E8%83%BD%E5%8A%9BC%E5%8D%B7.html
初中,九年级,数学,试卷网页,九年级数学_第一学期期末质量检测_期末质量检测A卷,https://chenzhuanxin.github.io/xianning-teaching-resources/%E4%BA%A4%E4%BB%98%E7%89%A9/03_%E6%9C%9F%E6%9C%AB%E7%9C%9F%E9%A2%98%E8%AF%95%E5%8D%B7/HTML/%E4%B9%9D%E5%B9%B4%E7%BA%A7%E6%95%B0%E5%AD%A6_%E7%AC%AC%E4%B8%80%E5%AD%A6%E6%9C%9F%E6%9C%9F%E6%9C%AB%E8%B4%A8%E9%87%8F%E6%A3%80%E6%B5%8B_%E6%9C%9F%E6%9C%AB%E8%B4%A8%E9%87%8F%E6%A3%80%E6%B5%8BA%E5%8D%B7.html
初中,九年级,数学,试卷网页,九年级数学_第二学期中考模拟测试_中考模拟测试B卷,https://chenzhuanxin.github.io/xianning-teaching-resources/%E4%BA%A4%E4%BB%98%E7%89%A9/03_%E6%9C%9F%E6%9C%AB%E7%9C%9F%E9%A2%98%E8%AF%95%E5%8D%B7/HTML/%E4%B9%9D%E5%B9%B4%E7%BA%A7%E6%95%B0%E5%AD%A6_%E7%AC%AC%E4%BA%8C%E5%AD%A6%E6%9C%9F%E4%B8%AD%E8%80%83%E6%A8%A1%E6%8B%9F%E6%B5%8B%E8%AF%95_%E4%B8%AD%E8%80%83%E6%A8%A1%E6%8B%9F%E6%B5%8B%E8%AF%95B%E5%8D%B7.html
初中,九年级,数学,试卷网页,九年级数学_第二学期期末教学质量监测_质量监测D卷,https://chenzhuanxin.github.io/xianning-teaching-resources/%E4%BA%A4%E4%BB%98%E7%89%A9/03_%E6%9C%9F%E6%9C%AB%E7%9C%9F%E9%A2%98%E8%AF%95%E5%8D%B7/HTML/%E4%B9%9D%E5%B9%B4%E7%BA%A7%E6%95%B0%E5%AD%A6_%E7%AC%AC%E4%BA%8C%E5%AD%A6%E6%9C%9F%E6%9C%9F%E6%9C%AB%E6%95%99%E5%AD%A6%E8%B4%A8%E9%87%8F%E7%9B%91%E6%B5%8B_%E8%B4%A8%E9%87%8F%E7%9B%91%E6%B5%8BD%E5%8D%B7.html
初中,九年级,英语,试卷网页,九年级英语_中考学业水平模拟考试_学业水平E卷,https://chenzhuanxin.github.io/xianning-teaching-resources/%E4%BA%A4%E4%BB%98%E7%89%A9/03_%E6%9C%9F%E6%9C%AB%E7%9C%9F%E9%A2%98%E8%AF%95%E5%8D%B7/HTML/%E4%B9%9D%E5%B9%B4%E7%BA%A7%E8%8B%B1%E8%AF%AD_%E4%B8%AD%E8%80%83%E5%AD%A6%E4%B8%9A%E6%B0%B4%E5%B9%B3%E6%A8%A1%E6%8B%9F%E8%80%83%E8%AF%95_%E5%AD%A6%E4%B8%9A%E6%B0%B4%E5%B9%B3E%E5%8D%B7.html
初中,九年级,英语,试卷网页,九年级英语_中考英语综合能力测试_综合能力C卷,https://chenzhuanxin.github.io/xianning-teaching-resources/%E4%BA%A4%E4%BB%98%E7%89%A9/03_%E6%9C%9F%E6%9C%AB%E7%9C%9F%E9%A2%98%E8%AF%95%E5%8D%B7/HTML/%E4%B9%9D%E5%B9%B4%E7%BA%A7%E8%8B%B1%E8%AF%AD_%E4%B8%AD%E8%80%83%E8%8B%B1%E8%AF%AD%E7%BB%BC%E5%90%88%E8%83%BD%E5%8A%9B%E6%B5%8B%E8%AF%95_%E7%BB%BC%E5%90%88%E8%83%BD%E5%8A%9BC%E5%8D%B7.html
初中,九年级,英语,试卷网页,九年级英语_第一学期期末质量检测_期末质量检测A卷,https://chenzhuanxin.github.io/xianning-teaching-resources/%E4%BA%A4%E4%BB%98%E7%89%A9/03_%E6%9C%9F%E6%9C%AB%E7%9C%9F%E9%A2%98%E8%AF%95%E5%8D%B7/HTML/%E4%B9%9D%E5%B9%B4%E7%BA%A7%E8%8B%B1%E8%AF%AD_%E7%AC%AC%E4%B8%80%E5%AD%A6%E6%9C%9F%E6%9C%9F%E6%9C%AB%E8%B4%A8%E9%87%8F%E6%A3%80%E6%B5%8B_%E6%9C%9F%E6%9C%AB%E8%B4%A8%E9%87%8F%E6%A3%80%E6%B5%8BA%E5%8D%B7.html
初中,九年级,英语,试卷网页,九年级英语_第二学期中考模拟测试_中考模拟测试B卷,https://chenzhuanxin.github.io/xianning-teaching-resources/%E4%BA%A4%E4%BB%98%E7%89%A9/03_%E6%9C%9F%E6%9C%AB%E7%9C%9F%E9%A2%98%E8%AF%95%E5%8D%B7/HTML/%E4%B9%9D%E5%B9%B4%E7%BA%A7%E8%8B%B1%E8%AF%AD_%E7%AC%AC%E4%BA%8C%E5%AD%A6%E6%9C%9F%E4%B8%AD%E8%80%83%E6%A8%A1%E6%8B%9F%E6%B5%8B%E8%AF%95_%E4%B8%AD%E8%80%83%E6%A8%A1%E6%8B%9F%E6%B5%8B%E8%AF%95B%E5%8D%B7.html
初中,九年级,英语,试卷网页,九年级英语_第二学期期末教学质量监测_质量监测D卷,https://chenzhuanxin.github.io/xianning-teaching-resources/%E4%BA%A4%E4%BB%98%E7%89%A9/03_%E6%9C%9F%E6%9C%AB%E7%9C%9F%E9%A2%98%E8%AF%95%E5%8D%B7/HTML/%E4%B9%9D%E5%B9%B4%E7%BA%A7%E8%8B%B1%E8%AF%AD_%E7%AC%AC%E4%BA%8C%E5%AD%A6%E6%9C%9F%E6%9C%9F%E6%9C%AB%E6%95%99%E5%AD%A6%E8%B4%A8%E9%87%8F%E7%9B%91%E6%B5%8B_%E8%B4%A8%E9%87%8F%E7%9B%91%E6%B5%8BD%E5%8D%B7.html
初中,九年级,道德与法治,试卷网页,九年级道德与法治_中考学业水平模拟考试_学业水平E卷,https://chenzhuanxin.github.io/xianning-teaching-resources/%E4%BA%A4%E4%BB%98%E7%89%A9/03_%E6%9C%9F%E6%9C%AB%E7%9C%9F%E9%A2%98%E8%AF%95%E5%8D%B7/HTML/%E4%B9%9D%E5%B9%B4%E7%BA%A7%E9%81%93%E5%BE%B7%E4%B8%8E%E6%B3%95%E6%B2%BB_%E4%B8%AD%E8%80%83%E5%AD%A6%E4%B8%9A%E6%B0%B4%E5%B9%B3%E6%A8%A1%E6%8B%9F%E8%80%83%E8%AF%95_%E5%AD%A6%E4%B8%9A%E6%B0%B4%E5%B9%B3E%E5%8D%B7.html
初中,九年级,道德与法治,试卷网页,九年级道德与法治_中考道法综合能力测试_综合能力C卷,https://chenzhuanxin.github.io/xianning-teaching-resources/%E4%BA%A4%E4%BB%98%E7%89%A9/03_%E6%9C%9F%E6%9C%AB%E7%9C%9F%E9%A2%98%E8%AF%95%E5%8D%B7/HTML/%E4%B9%9D%E5%B9%B4%E7%BA%A7%E9%81%93%E5%BE%B7%E4%B8%8E%E6%B3%95%E6%B2%BB_%E4%B8%AD%E8%80%83%E9%81%93%E6%B3%95%E7%BB%BC%E5%90%88%E8%83%BD%E5%8A%9B%E6%B5%8B%E8%AF%95_%E7%BB%BC%E5%90%88%E8%83%BD%E5%8A%9BC%E5%8D%B7.html
初中,九年级,道德与法治,试卷网页,九年级道德与法治_第一学期期末质量检测_期末质量检测A卷,https://chenzhuanxin.github.io/xianning-teaching-resources/%E4%BA%A4%E4%BB%98%E7%89%A9/03_%E6%9C%9F%E6%9C%AB%E7%9C%9F%E9%A2%98%E8%AF%95%E5%8D%B7/HTML/%E4%B9%9D%E5%B9%B4%E7%BA%A7%E9%81%93%E5%BE%B7%E4%B8%8E%E6%B3%95%E6%B2%BB_%E7%AC%AC%E4%B8%80%E5%AD%A6%E6%9C%9F%E6%9C%9F%E6%9C%AB%E8%B4%A8%E9%87%8F%E6%A3%80%E6%B5%8B_%E6%9C%9F%E6%9C%AB%E8%B4%A8%E9%87%8F%E6%A3%80%E6%B5%8BA%E5%8D%B7.html
初中,九年级,道德与法治,试卷网页,九年级道德与法治_第二学期中考模拟测试_中考模拟测试B卷,https://chenzhuanxin.github.io/xianning-teaching-resources/%E4%BA%A4%E4%BB%98%E7%89%A9/03_%E6%9C%9F%E6%9C%AB%E7%9C%9F%E9%A2%98%E8%AF%95%E5%8D%B7/HTML/%E4%B9%9D%E5%B9%B4%E7%BA%A7%E9%81%93%E5%BE%B7%E4%B8%8E%E6%B3%95%E6%B2%BB_%E7%AC%AC%E4%BA%8C%E5%AD%A6%E6%9C%9F%E4%B8%AD%E8%80%83%E6%A8%A1%E6%8B%9F%E6%B5%8B%E8%AF%95_%E4%B8%AD%E8%80%83%E6%A8%A1%E6%8B%9F%E6%B5%8B%E8%AF%95B%E5%8D%B7.html
初中,九年级,道德与法治,试卷网页,九年级道德与法治_第二学期期末教学质量监测_质量监测D卷,https://chenzhuanxin.github.io/xianning-teaching-resources/%E4%BA%A4%E4%BB%98%E7%89%A9/03_%E6%9C%9F%E6%9C%AB%E7%9C%9F%E9%A2%98%E8%AF%95%E5%8D%B7/HTML/%E4%B9%9D%E5%B9%B4%E7%BA%A7%E9%81%93%E5%BE%B7%E4%B8%8E%E6%B3%95%E6%B2%BB_%E7%AC%AC%E4%BA%8C%E5%AD%A6%E6%9C%9F%E6%9C%9F%E6%9C%AB%E6%95%99%E5%AD%A6%E8%B4%A8%E9%87%8F%E7%9B%91%E6%B5%8B_%E8%B4%A8%E9%87%8F%E7%9B%91%E6%B5%8BD%E5%8D%B7.html
初中,九年级,物理,试卷网页,九年级物理_中考学业水平模拟考试_学业水平E卷,https://chenzhuanxin.github.io/xianning-teaching-resources/%E4%BA%A4%E4%BB%98%E7%89%A9/03_%E6%9C%9F%E6%9C%AB%E7%9C%9F%E9%A2%98%E8%AF%95%E5%8D%B7/HTML/%E4%B9%9D%E5%B9%B4%E7%BA%A7%E7%89%A9%E7%90%86_%E4%B8%AD%E8%80%83%E5%AD%A6%E4%B8%9A%E6%B0%B4%E5%B9%B3%E6%A8%A1%E6%8B%9F%E8%80%83%E8%AF%95_%E5%AD%A6%E4%B8%9A%E6%B0%B4%E5%B9%B3E%E5%8D%B7.html
初中,九年级,物理,试卷网页,九年级物理_中考物理综合能力测试_综合能力C卷,https://chenzhuanxin.github.io/xianning-teaching-resources/%E4%BA%A4%E4%BB%98%E7%89%A9/03_%E6%9C%9F%E6%9C%AB%E7%9C%9F%E9%A2%98%E8%AF%95%E5%8D%B7/HTML/%E4%B9%9D%E5%B9%B4%E7%BA%A7%E7%89%A9%E7%90%86_%E4%B8%AD%E8%80%83%E7%89%A9%E7%90%86%E7%BB%BC%E5%90%88%E8%83%BD%E5%8A%9B%E6%B5%8B%E8%AF%95_%E7%BB%BC%E5%90%88%E8%83%BD%E5%8A%9BC%E5%8D%B7.html
初中,九年级,物理,试卷网页,九年级物理_第一学期期末质量检测_期末质量检测A卷,https://chenzhuanxin.github.io/xianning-teaching-resources/%E4%BA%A4%E4%BB%98%E7%89%A9/03_%E6%9C%9F%E6%9C%AB%E7%9C%9F%E9%A2%98%E8%AF%95%E5%8D%B7/HTML/%E4%B9%9D%E5%B9%B4%E7%BA%A7%E7%89%A9%E7%90%86_%E7%AC%AC%E4%B8%80%E5%AD%A6%E6%9C%9F%E6%9C%9F%E6%9C%AB%E8%B4%A8%E9%87%8F%E6%A3%80%E6%B5%8B_%E6%9C%9F%E6%9C%AB%E8%B4%A8%E9%87%8F%E6%A3%80%E6%B5%8BA%E5%8D%B7.html
初中,九年级,物理,试卷网页,九年级物理_第二学期中考模拟测试_中考模拟测试B卷,https://chenzhuanxin.github.io/xianning-teaching-resources/%E4%BA%A4%E4%BB%98%E7%89%A9/03_%E6%9C%9F%E6%9C%AB%E7%9C%9F%E9%A2%98%E8%AF%95%E5%8D%B7/HTML/%E4%B9%9D%E5%B9%B4%E7%BA%A7%E7%89%A9%E7%90%86_%E7%AC%AC%E4%BA%8C%E5%AD%A6%E6%9C%9F%E4%B8%AD%E8%80%83%E6%A8%A1%E6%8B%9F%E6%B5%8B%E8%AF%95_%E4%B8%AD%E8%80%83%E6%A8%A1%E6%8B%9F%E6%B5%8B%E8%AF%95B%E5%8D%B7.html
初中,九年级,物理,试卷网页,九年级物理_第二学期期末教学质量监测_质量监测D卷,https://chenzhuanxin.github.io/xianning-teaching-resources/%E4%BA%A4%E4%BB%98%E7%89%A9/03_%E6%9C%9F%E6%9C%AB%E7%9C%9F%E9%A2%98%E8%AF%95%E5%8D%B7/HTML/%E4%B9%9D%E5%B9%B4%E7%BA%A7%E7%89%A9%E7%90%86_%E7%AC%AC%E4%BA%8C%E5%AD%A6%E6%9C%9F%E6%9C%9F%E6%9C%AB%E6%95%99%E5%AD%A6%E8%B4%A8%E9%87%8F%E7%9B%91%E6%B5%8B_%E8%B4%A8%E9%87%8F%E7%9B%91%E6%B5%8BD%E5%8D%B7.html
初中,九年级,化学,试卷网页,九年级化学_中考化学综合能力测试_综合能力C卷,https://chenzhuanxin.github.io/xianning-teaching-resources/%E4%BA%A4%E4%BB%98%E7%89%A9/03_%E6%9C%9F%E6%9C%AB%E7%9C%9F%E9%A2%98%E8%AF%95%E5%8D%B7/HTML/%E4%B9%9D%E5%B9%B4%E7%BA%A7%E5%8C%96%E5%AD%A6_%E4%B8%AD%E8%80%83%E5%8C%96%E5%AD%A6%E7%BB%BC%E5%90%88%E8%83%BD%E5%8A%9B%E6%B5%8B%E8%AF%95_%E7%BB%BC%E5%90%88%E8%83%BD%E5%8A%9BC%E5%8D%B7.html
初中,九年级,化学,试卷网页,九年级化学_中考学业水平模拟考试_学业水平E卷,https://chenzhuanxin.github.io/xianning-teaching-resources/%E4%BA%A4%E4%BB%98%E7%89%A9/03_%E6%9C%9F%E6%9C%AB%E7%9C%9F%E9%A2%98%E8%AF%95%E5%8D%B7/HTML/%E4%B9%9D%E5%B9%B4%E7%BA%A7%E5%8C%96%E5%AD%A6_%E4%B8%AD%E8%80%83%E5%AD%A6%E4%B8%9A%E6%B0%B4%E5%B9%B3%E6%A8%A1%E6%8B%9F%E8%80%83%E8%AF%95_%E5%AD%A6%E4%B8%9A%E6%B0%B4%E5%B9%B3E%E5%8D%B7.html
初中,九年级,化学,试卷网页,九年级化学_第一学期期末质量检测_期末质量检测A卷,https://chenzhuanxin.github.io/xianning-teaching-resources/%E4%BA%A4%E4%BB%98%E7%89%A9/03_%E6%9C%9F%E6%9C%AB%E7%9C%9F%E9%A2%98%E8%AF%95%E5%8D%B7/HTML/%E4%B9%9D%E5%B9%B4%E7%BA%A7%E5%8C%96%E5%AD%A6_%E7%AC%AC%E4%B8%80%E5%AD%A6%E6%9C%9F%E6%9C%9F%E6%9C%AB%E8%B4%A8%E9%87%8F%E6%A3%80%E6%B5%8B_%E6%9C%9F%E6%9C%AB%E8%B4%A8%E9%87%8F%E6%A3%80%E6%B5%8BA%E5%8D%B7.html
初中,九年级,化学,试卷网页,九年级化学_第二学期中考模拟测试_中考模拟测试B卷,https://chenzhuanxin.github.io/xianning-teaching-resources/%E4%BA%A4%E4%BB%98%E7%89%A9/03_%E6%9C%9F%E6%9C%AB%E7%9C%9F%E9%A2%98%E8%AF%95%E5%8D%B7/HTML/%E4%B9%9D%E5%B9%B4%E7%BA%A7%E5%8C%96%E5%AD%A6_%E7%AC%AC%E4%BA%8C%E5%AD%A6%E6%9C%9F%E4%B8%AD%E8%80%83%E6%A8%A1%E6%8B%9F%E6%B5%8B%E8%AF%95_%E4%B8%AD%E8%80%83%E6%A8%A1%E6%8B%9F%E6%B5%8B%E8%AF%95B%E5%8D%B7.html
初中,九年级,化学,试卷网页,九年级化学_第二学期期末教学质量监测_质量监测D卷,https://chenzhuanxin.github.io/xianning-teaching-resources/%E4%BA%A4%E4%BB%98%E7%89%A9/03_%E6%9C%9F%E6%9C%AB%E7%9C%9F%E9%A2%98%E8%AF%95%E5%8D%B7/HTML/%E4%B9%9D%E5%B9%B4%E7%BA%A7%E5%8C%96%E5%AD%A6_%E7%AC%AC%E4%BA%8C%E5%AD%A6%E6%9C%9F%E6%9C%9F%E6%9C%AB%E6%95%99%E5%AD%A6%E8%B4%A8%E9%87%8F%E7%9B%91%E6%B5%8B_%E8%B4%A8%E9%87%8F%E7%9B%91%E6%B5%8BD%E5%8D%B7.html
初中,九年级,历史,试卷网页,九年级历史_中考历史综合能力测试_综合能力C卷,https://chenzhuanxin.github.io/xianning-teaching-resources/%E4%BA%A4%E4%BB%98%E7%89%A9/03_%E6%9C%9F%E6%9C%AB%E7%9C%9F%E9%A2%98%E8%AF%95%E5%8D%B7/HTML/%E4%B9%9D%E5%B9%B4%E7%BA%A7%E5%8E%86%E5%8F%B2_%E4%B8%AD%E8%80%83%E5%8E%86%E5%8F%B2%E7%BB%BC%E5%90%88%E8%83%BD%E5%8A%9B%E6%B5%8B%E8%AF%95_%E7%BB%BC%E5%90%88%E8%83%BD%E5%8A%9BC%E5%8D%B7.html
初中,九年级,历史,试卷网页,九年级历史_中考学业水平模拟考试_学业水平E卷,https://chenzhuanxin.github.io/xianning-teaching-resources/%E4%BA%A4%E4%BB%98%E7%89%A9/03_%E6%9C%9F%E6%9C%AB%E7%9C%9F%E9%A2%98%E8%AF%95%E5%8D%B7/HTML/%E4%B9%9D%E5%B9%B4%E7%BA%A7%E5%8E%86%E5%8F%B2_%E4%B8%AD%E8%80%83%E5%AD%A6%E4%B8%9A%E6%B0%B4%E5%B9%B3%E6%A8%A1%E6%8B%9F%E8%80%83%E8%AF%95_%E5%AD%A6%E4%B8%9A%E6%B0%B4%E5%B9%B3E%E5%8D%B7.html
初中,九年级,历史,试卷网页,九年级历史_第一学期期末质量检测_期末质量检测A卷,https://chenzhuanxin.github.io/xianning-teaching-resources/%E4%BA%A4%E4%BB%98%E7%89%A9/03_%E6%9C%9F%E6%9C%AB%E7%9C%9F%E9%A2%98%E8%AF%95%E5%8D%B7/HTML/%E4%B9%9D%E5%B9%B4%E7%BA%A7%E5%8E%86%E5%8F%B2_%E7%AC%AC%E4%B8%80%E5%AD%A6%E6%9C%9F%E6%9C%9F%E6%9C%AB%E8%B4%A8%E9%87%8F%E6%A3%80%E6%B5%8B_%E6%9C%9F%E6%9C%AB%E8%B4%A8%E9%87%8F%E6%A3%80%E6%B5%8BA%E5%8D%B7.html
初中,九年级,历史,试卷网页,九年级历史_第二学期中考模拟测试_中考模拟测试B卷,https://chenzhuanxin.github.io/xianning-teaching-resources/%E4%BA%A4%E4%BB%98%E7%89%A9/03_%E6%9C%9F%E6%9C%AB%E7%9C%9F%E9%A2%98%E8%AF%95%E5%8D%B7/HTML/%E4%B9%9D%E5%B9%B4%E7%BA%A7%E5%8E%86%E5%8F%B2_%E7%AC%AC%E4%BA%8C%E5%AD%A6%E6%9C%9F%E4%B8%AD%E8%80%83%E6%A8%A1%E6%8B%9F%E6%B5%8B%E8%AF%95_%E4%B8%AD%E8%80%83%E6%A8%A1%E6%8B%9F%E6%B5%8B%E8%AF%95B%E5%8D%B7.html
初中,九年级,历史,试卷网页,九年级历史_第二学期期末教学质量监测_质量监测D卷,https://chenzhuanxin.github.io/xianning-teaching-resources/%E4%BA%A4%E4%BB%98%E7%89%A9/03_%E6%9C%9F%E6%9C%AB%E7%9C%9F%E9%A2%98%E8%AF%95%E5%8D%B7/HTML/%E4%B9%9D%E5%B9%B4%E7%BA%A7%E5%8E%86%E5%8F%B2_%E7%AC%AC%E4%BA%8C%E5%AD%A6%E6%9C%9F%E6%9C%9F%E6%9C%AB%E6%95%99%E5%AD%A6%E8%B4%A8%E9%87%8F%E7%9B%91%E6%B5%8B_%E8%B4%A8%E9%87%8F%E7%9B%91%E6%B5%8BD%E5%8D%B7.html
高中,高一,语文,试卷网页,高一语文_学年度期末学业水平测试_学业水平E卷,https://chenzhuanxin.github.io/xianning-teaching-resources/%E4%BA%A4%E4%BB%98%E7%89%A9/03_%E6%9C%9F%E6%9C%AB%E7%9C%9F%E9%A2%98%E8%AF%95%E5%8D%B7/HTML/%E9%AB%98%E4%B8%80%E8%AF%AD%E6%96%87_%E5%AD%A6%E5%B9%B4%E5%BA%A6%E6%9C%9F%E6%9C%AB%E5%AD%A6%E4%B8%9A%E6%B0%B4%E5%B9%B3%E6%B5%8B%E8%AF%95_%E5%AD%A6%E4%B8%9A%E6%B0%B4%E5%B9%B3E%E5%8D%B7.html
高中,高一,语文,试卷网页,高一语文_第一学期期末教学质量监测_质量监测B卷,https://chenzhuanxin.github.io/xianning-teaching-resources/%E4%BA%A4%E4%BB%98%E7%89%A9/03_%E6%9C%9F%E6%9C%AB%E7%9C%9F%E9%A2%98%E8%AF%95%E5%8D%B7/HTML/%E9%AB%98%E4%B8%80%E8%AF%AD%E6%96%87_%E7%AC%AC%E4%B8%80%E5%AD%A6%E6%9C%9F%E6%9C%9F%E6%9C%AB%E6%95%99%E5%AD%A6%E8%B4%A8%E9%87%8F%E7%9B%91%E6%B5%8B_%E8%B4%A8%E9%87%8F%E7%9B%91%E6%B5%8BB%E5%8D%B7.html
高中,高一,语文,试卷网页,高一语文_第一学期期末质量检测_期末质量检测A卷,https://chenzhuanxin.github.io/xianning-teaching-resources/%E4%BA%A4%E4%BB%98%E7%89%A9/03_%E6%9C%9F%E6%9C%AB%E7%9C%9F%E9%A2%98%E8%AF%95%E5%8D%B7/HTML/%E9%AB%98%E4%B8%80%E8%AF%AD%E6%96%87_%E7%AC%AC%E4%B8%80%E5%AD%A6%E6%9C%9F%E6%9C%9F%E6%9C%AB%E8%B4%A8%E9%87%8F%E6%A3%80%E6%B5%8B_%E6%9C%9F%E6%9C%AB%E8%B4%A8%E9%87%8F%E6%A3%80%E6%B5%8BA%E5%8D%B7.html
高中,高一,语文,试卷网页,高一语文_第二学期期末综合能力测试_综合能力D卷,https://chenzhuanxin.github.io/xianning-teaching-resources/%E4%BA%A4%E4%BB%98%E7%89%A9/03_%E6%9C%9F%E6%9C%AB%E7%9C%9F%E9%A2%98%E8%AF%95%E5%8D%B7/HTML/%E9%AB%98%E4%B8%80%E8%AF%AD%E6%96%87_%E7%AC%AC%E4%BA%8C%E5%AD%A6%E6%9C%9F%E6%9C%9F%E6%9C%AB%E7%BB%BC%E5%90%88%E8%83%BD%E5%8A%9B%E6%B5%8B%E8%AF%95_%E7%BB%BC%E5%90%88%E8%83%BD%E5%8A%9BD%E5%8D%B7.html
高中,高一,语文,试卷网页,高一语文_第二学期期末质量检测_期末质量检测C卷,https://chenzhuanxin.github.io/xianning-teaching-resources/%E4%BA%A4%E4%BB%98%E7%89%A9/03_%E6%9C%9F%E6%9C%AB%E7%9C%9F%E9%A2%98%E8%AF%95%E5%8D%B7/HTML/%E9%AB%98%E4%B8%80%E8%AF%AD%E6%96%87_%E7%AC%AC%E4%BA%8C%E5%AD%A6%E6%9C%9F%E6%9C%9F%E6%9C%AB%E8%B4%A8%E9%87%8F%E6%A3%80%E6%B5%8B_%E6%9C%9F%E6%9C%AB%E8%B4%A8%E9%87%8F%E6%A3%80%E6%B5%8BC%E5%8D%B7.html
高中,高一,数学,试卷网页,高一数学_学年度期末学业水平测试_学业水平E卷,https://chenzhuanxin.github.io/xianning-teaching-resources/%E4%BA%A4%E4%BB%98%E7%89%A9/03_%E6%9C%9F%E6%9C%AB%E7%9C%9F%E9%A2%98%E8%AF%95%E5%8D%B7/HTML/%E9%AB%98%E4%B8%80%E6%95%B0%E5%AD%A6_%E5%AD%A6%E5%B9%B4%E5%BA%A6%E6%9C%9F%E6%9C%AB%E5%AD%A6%E4%B8%9A%E6%B0%B4%E5%B9%B3%E6%B5%8B%E8%AF%95_%E5%AD%A6%E4%B8%9A%E6%B0%B4%E5%B9%B3E%E5%8D%B7.html
高中,高一,数学,试卷网页,高一数学_第一学期期末教学质量监测_质量监测B卷,https://chenzhuanxin.github.io/xianning-teaching-resources/%E4%BA%A4%E4%BB%98%E7%89%A9/03_%E6%9C%9F%E6%9C%AB%E7%9C%9F%E9%A2%98%E8%AF%95%E5%8D%B7/HTML/%E9%AB%98%E4%B8%80%E6%95%B0%E5%AD%A6_%E7%AC%AC%E4%B8%80%E5%AD%A6%E6%9C%9F%E6%9C%9F%E6%9C%AB%E6%95%99%E5%AD%A6%E8%B4%A8%E9%87%8F%E7%9B%91%E6%B5%8B_%E8%B4%A8%E9%87%8F%E7%9B%91%E6%B5%8BB%E5%8D%B7.html
高中,高一,数学,试卷网页,高一数学_第一学期期末质量检测_期末质量检测A卷,https://chenzhuanxin.github.io/xianning-teaching-resources/%E4%BA%A4%E4%BB%98%E7%89%A9/03_%E6%9C%9F%E6%9C%AB%E7%9C%9F%E9%A2%98%E8%AF%95%E5%8D%B7/HTML/%E9%AB%98%E4%B8%80%E6%95%B0%E5%AD%A6_%E7%AC%AC%E4%B8%80%E5%AD%A6%E6%9C%9F%E6%9C%9F%E6%9C%AB%E8%B4%A8%E9%87%8F%E6%A3%80%E6%B5%8B_%E6%9C%9F%E6%9C%AB%E8%B4%A8%E9%87%8F%E6%A3%80%E6%B5%8BA%E5%8D%B7.html
高中,高一,数学,试卷网页,高一数学_第二学期期末综合能力测试_综合能力D卷,https://chenzhuanxin.github.io/xianning-teaching-resources/%E4%BA%A4%E4%BB%98%E7%89%A9/03_%E6%9C%9F%E6%9C%AB%E7%9C%9F%E9%A2%98%E8%AF%95%E5%8D%B7/HTML/%E9%AB%98%E4%B8%80%E6%95%B0%E5%AD%A6_%E7%AC%AC%E4%BA%8C%E5%AD%A6%E6%9C%9F%E6%9C%9F%E6%9C%AB%E7%BB%BC%E5%90%88%E8%83%BD%E5%8A%9B%E6%B5%8B%E8%AF%95_%E7%BB%BC%E5%90%88%E8%83%BD%E5%8A%9BD%E5%8D%B7.html
高中,高一,数学,试卷网页,高一数学_第二学期期末质量检测_期末质量检测C卷,https://chenzhuanxin.github.io/xianning-teaching-resources/%E4%BA%A4%E4%BB%98%E7%89%A9/03_%E6%9C%9F%E6%9C%AB%E7%9C%9F%E9%A2%98%E8%AF%95%E5%8D%B7/HTML/%E9%AB%98%E4%B8%80%E6%95%B0%E5%AD%A6_%E7%AC%AC%E4%BA%8C%E5%AD%A6%E6%9C%9F%E6%9C%9F%E6%9C%AB%E8%B4%A8%E9%87%8F%E6%A3%80%E6%B5%8B_%E6%9C%9F%E6%9C%AB%E8%B4%A8%E9%87%8F%E6%A3%80%E6%B5%8BC%E5%8D%B7.html
高中,高一,英语,试卷网页,高一英语_学年度期末学业水平测试_学业水平E卷,https://chenzhuanxin.github.io/xianning-teaching-resources/%E4%BA%A4%E4%BB%98%E7%89%A9/03_%E6%9C%9F%E6%9C%AB%E7%9C%9F%E9%A2%98%E8%AF%95%E5%8D%B7/HTML/%E9%AB%98%E4%B8%80%E8%8B%B1%E8%AF%AD_%E5%AD%A6%E5%B9%B4%E5%BA%A6%E6%9C%9F%E6%9C%AB%E5%AD%A6%E4%B8%9A%E6%B0%B4%E5%B9%B3%E6%B5%8B%E8%AF%95_%E5%AD%A6%E4%B8%9A%E6%B0%B4%E5%B9%B3E%E5%8D%B7.html
高中,高一,英语,试卷网页,高一英语_第一学期期末教学质量监测_质量监测B卷,https://chenzhuanxin.github.io/xianning-teaching-resources/%E4%BA%A4%E4%BB%98%E7%89%A9/03_%E6%9C%9F%E6%9C%AB%E7%9C%9F%E9%A2%98%E8%AF%95%E5%8D%B7/HTML/%E9%AB%98%E4%B8%80%E8%8B%B1%E8%AF%AD_%E7%AC%AC%E4%B8%80%E5%AD%A6%E6%9C%9F%E6%9C%9F%E6%9C%AB%E6%95%99%E5%AD%A6%E8%B4%A8%E9%87%8F%E7%9B%91%E6%B5%8B_%E8%B4%A8%E9%87%8F%E7%9B%91%E6%B5%8BB%E5%8D%B7.html
高中,高一,英语,试卷网页,高一英语_第一学期期末质量检测_期末质量检测A卷,https://chenzhuanxin.github.io/xianning-teaching-resources/%E4%BA%A4%E4%BB%98%E7%89%A9/03_%E6%9C%9F%E6%9C%AB%E7%9C%9F%E9%A2%98%E8%AF%95%E5%8D%B7/HTML/%E9%AB%98%E4%B8%80%E8%8B%B1%E8%AF%AD_%E7%AC%AC%E4%B8%80%E5%AD%A6%E6%9C%9F%E6%9C%9F%E6%9C%AB%E8%B4%A8%E9%87%8F%E6%A3%80%E6%B5%8B_%E6%9C%9F%E6%9C%AB%E8%B4%A8%E9%87%8F%E6%A3%80%E6%B5%8BA%E5%8D%B7.html
高中,高一,英语,试卷网页,高一英语_第二学期期末综合能力测试_综合能力D卷,https://chenzhuanxin.github.io/xianning-teaching-resources/%E4%BA%A4%E4%BB%98%E7%89%A9/03_%E6%9C%9F%E6%9C%AB%E7%9C%9F%E9%A2%98%E8%AF%95%E5%8D%B7/HTML/%E9%AB%98%E4%B8%80%E8%8B%B1%E8%AF%AD_%E7%AC%AC%E4%BA%8C%E5%AD%A6%E6%9C%9F%E6%9C%9F%E6%9C%AB%E7%BB%BC%E5%90%88%E8%83%BD%E5%8A%9B%E6%B5%8B%E8%AF%95_%E7%BB%BC%E5%90%88%E8%83%BD%E5%8A%9BD%E5%8D%B7.html
高中,高一,英语,试卷网页,高一英语_第二学期期末质量检测_期末质量检测C卷,https://chenzhuanxin.github.io/xianning-teaching-resources/%E4%BA%A4%E4%BB%98%E7%89%A9/03_%E6%9C%9F%E6%9C%AB%E7%9C%9F%E9%A2%98%E8%AF%95%E5%8D%B7/HTML/%E9%AB%98%E4%B8%80%E8%8B%B1%E8%AF%AD_%E7%AC%AC%E4%BA%8C%E5%AD%A6%E6%9C%9F%E6%9C%9F%E6%9C%AB%E8%B4%A8%E9%87%8F%E6%A3%80%E6%B5%8B_%E6%9C%9F%E6%9C%AB%E8%B4%A8%E9%87%8F%E6%A3%80%E6%B5%8BC%E5%8D%B7.html
高中,高一,思想政治,试卷网页,高一思想政治_学年度期末学业水平测试_学业水平E卷,https://chenzhuanxin.github.io/xianning-teaching-resources/%E4%BA%A4%E4%BB%98%E7%89%A9/03_%E6%9C%9F%E6%9C%AB%E7%9C%9F%E9%A2%98%E8%AF%95%E5%8D%B7/HTML/%E9%AB%98%E4%B8%80%E6%80%9D%E6%83%B3%E6%94%BF%E6%B2%BB_%E5%AD%A6%E5%B9%B4%E5%BA%A6%E6%9C%9F%E6%9C%AB%E5%AD%A6%E4%B8%9A%E6%B0%B4%E5%B9%B3%E6%B5%8B%E8%AF%95_%E5%AD%A6%E4%B8%9A%E6%B0%B4%E5%B9%B3E%E5%8D%B7.html
高中,高一,思想政治,试卷网页,高一思想政治_第一学期期末教学质量监测_质量监测B卷,https://chenzhuanxin.github.io/xianning-teaching-resources/%E4%BA%A4%E4%BB%98%E7%89%A9/03_%E6%9C%9F%E6%9C%AB%E7%9C%9F%E9%A2%98%E8%AF%95%E5%8D%B7/HTML/%E9%AB%98%E4%B8%80%E6%80%9D%E6%83%B3%E6%94%BF%E6%B2%BB_%E7%AC%AC%E4%B8%80%E5%AD%A6%E6%9C%9F%E6%9C%9F%E6%9C%AB%E6%95%99%E5%AD%A6%E8%B4%A8%E9%87%8F%E7%9B%91%E6%B5%8B_%E8%B4%A8%E9%87%8F%E7%9B%91%E6%B5%8BB%E5%8D%B7.html
高中,高一,思想政治,试卷网页,高一思想政治_第一学期期末质量检测_期末质量检测A卷,https://chenzhuanxin.github.io/xianning-teaching-resources/%E4%BA%A4%E4%BB%98%E7%89%A9/03_%E6%9C%9F%E6%9C%AB%E7%9C%9F%E9%A2%98%E8%AF%95%E5%8D%B7/HTML/%E9%AB%98%E4%B8%80%E6%80%9D%E6%83%B3%E6%94%BF%E6%B2%BB_%E7%AC%AC%E4%B8%80%E5%AD%A6%E6%9C%9F%E6%9C%9F%E6%9C%AB%E8%B4%A8%E9%87%8F%E6%A3%80%E6%B5%8B_%E6%9C%9F%E6%9C%AB%E8%B4%A8%E9%87%8F%E6%A3%80%E6%B5%8BA%E5%8D%B7.html
高中,高一,思想政治,试卷网页,高一思想政治_第二学期期末综合能力测试_综合能力D卷,https://chenzhuanxin.github.io/xianning-teaching-resources/%E4%BA%A4%E4%BB%98%E7%89%A9/03_%E6%9C%9F%E6%9C%AB%E7%9C%9F%E9%A2%98%E8%AF%95%E5%8D%B7/HTML/%E9%AB%98%E4%B8%80%E6%80%9D%E6%83%B3%E6%94%BF%E6%B2%BB_%E7%AC%AC%E4%BA%8C%E5%AD%A6%E6%9C%9F%E6%9C%9F%E6%9C%AB%E7%BB%BC%E5%90%88%E8%83%BD%E5%8A%9B%E6%B5%8B%E8%AF%95_%E7%BB%BC%E5%90%88%E8%83%BD%E5%8A%9BD%E5%8D%B7.html
高中,高一,思想政治,试卷网页,高一思想政治_第二学期期末质量检测_期末质量检测C卷,https://chenzhuanxin.github.io/xianning-teaching-resources/%E4%BA%A4%E4%BB%98%E7%89%A9/03_%E6%9C%9F%E6%9C%AB%E7%9C%9F%E9%A2%98%E8%AF%95%E5%8D%B7/HTML/%E9%AB%98%E4%B8%80%E6%80%9D%E6%83%B3%E6%94%BF%E6%B2%BB_%E7%AC%AC%E4%BA%8C%E5%AD%A6%E6%9C%9F%E6%9C%9F%E6%9C%AB%E8%B4%A8%E9%87%8F%E6%A3%80%E6%B5%8B_%E6%9C%9F%E6%9C%AB%E8%B4%A8%E9%87%8F%E6%A3%80%E6%B5%8BC%E5%8D%B7.html
高中,高一,物理,试卷网页,高一物理_学年度期末学业水平测试_学业水平E卷,https://chenzhuanxin.github.io/xianning-teaching-resources/%E4%BA%A4%E4%BB%98%E7%89%A9/03_%E6%9C%9F%E6%9C%AB%E7%9C%9F%E9%A2%98%E8%AF%95%E5%8D%B7/HTML/%E9%AB%98%E4%B8%80%E7%89%A9%E7%90%86_%E5%AD%A6%E5%B9%B4%E5%BA%A6%E6%9C%9F%E6%9C%AB%E5%AD%A6%E4%B8%9A%E6%B0%B4%E5%B9%B3%E6%B5%8B%E8%AF%95_%E5%AD%A6%E4%B8%9A%E6%B0%B4%E5%B9%B3E%E5%8D%B7.html
高中,高一,物理,试卷网页,高一物理_第一学期期末教学质量监测_质量监测B卷,https://chenzhuanxin.github.io/xianning-teaching-resources/%E4%BA%A4%E4%BB%98%E7%89%A9/03_%E6%9C%9F%E6%9C%AB%E7%9C%9F%E9%A2%98%E8%AF%95%E5%8D%B7/HTML/%E9%AB%98%E4%B8%80%E7%89%A9%E7%90%86_%E7%AC%AC%E4%B8%80%E5%AD%A6%E6%9C%9F%E6%9C%9F%E6%9C%AB%E6%95%99%E5%AD%A6%E8%B4%A8%E9%87%8F%E7%9B%91%E6%B5%8B_%E8%B4%A8%E9%87%8F%E7%9B%91%E6%B5%8BB%E5%8D%B7.html
高中,高一,物理,试卷网页,高一物理_第一学期期末质量检测_期末质量检测A卷,https://chenzhuanxin.github.io/xianning-teaching-resources/%E4%BA%A4%E4%BB%98%E7%89%A9/03_%E6%9C%9F%E6%9C%AB%E7%9C%9F%E9%A2%98%E8%AF%95%E5%8D%B7/HTML/%E9%AB%98%E4%B8%80%E7%89%A9%E7%90%86_%E7%AC%AC%E4%B8%80%E5%AD%A6%E6%9C%9F%E6%9C%9F%E6%9C%AB%E8%B4%A8%E9%87%8F%E6%A3%80%E6%B5%8B_%E6%9C%9F%E6%9C%AB%E8%B4%A8%E9%87%8F%E6%A3%80%E6%B5%8BA%E5%8D%B7.html
高中,高一,物理,试卷网页,高一物理_第二学期期末综合能力测试_综合能力D卷,https://chenzhuanxin.github.io/xianning-teaching-resources/%E4%BA%A4%E4%BB%98%E7%89%A9/03_%E6%9C%9F%E6%9C%AB%E7%9C%9F%E9%A2%98%E8%AF%95%E5%8D%B7/HTML/%E9%AB%98%E4%B8%80%E7%89%A9%E7%90%86_%E7%AC%AC%E4%BA%8C%E5%AD%A6%E6%9C%9F%E6%9C%9F%E6%9C%AB%E7%BB%BC%E5%90%88%E8%83%BD%E5%8A%9B%E6%B5%8B%E8%AF%95_%E7%BB%BC%E5%90%88%E8%83%BD%E5%8A%9BD%E5%8D%B7.html
高中,高一,物理,试卷网页,高一物理_第二学期期末质量检测_期末质量检测C卷,https://chenzhuanxin.github.io/xianning-teaching-resources/%E4%BA%A4%E4%BB%98%E7%89%A9/03_%E6%9C%9F%E6%9C%AB%E7%9C%9F%E9%A2%98%E8%AF%95%E5%8D%B7/HTML/%E9%AB%98%E4%B8%80%E7%89%A9%E7%90%86_%E7%AC%AC%E4%BA%8C%E5%AD%A6%E6%9C%9F%E6%9C%9F%E6%9C%AB%E8%B4%A8%E9%87%8F%E6%A3%80%E6%B5%8B_%E6%9C%9F%E6%9C%AB%E8%B4%A8%E9%87%8F%E6%A3%80%E6%B5%8BC%E5%8D%B7.html
高中,高一,化学,试卷网页,高一化学_学年度期末学业水平测试_学业水平E卷,https://chenzhuanxin.github.io/xianning-teaching-resources/%E4%BA%A4%E4%BB%98%E7%89%A9/03_%E6%9C%9F%E6%9C%AB%E7%9C%9F%E9%A2%98%E8%AF%95%E5%8D%B7/HTML/%E9%AB%98%E4%B8%80%E5%8C%96%E5%AD%A6_%E5%AD%A6%E5%B9%B4%E5%BA%A6%E6%9C%9F%E6%9C%AB%E5%AD%A6%E4%B8%9A%E6%B0%B4%E5%B9%B3%E6%B5%8B%E8%AF%95_%E5%AD%A6%E4%B8%9A%E6%B0%B4%E5%B9%B3E%E5%8D%B7.html
高中,高一,化学,试卷网页,高一化学_第一学期期末教学质量监测_质量监测B卷,https://chenzhuanxin.github.io/xianning-teaching-resources/%E4%BA%A4%E4%BB%98%E7%89%A9/03_%E6%9C%9F%E6%9C%AB%E7%9C%9F%E9%A2%98%E8%AF%95%E5%8D%B7/HTML/%E9%AB%98%E4%B8%80%E5%8C%96%E5%AD%A6_%E7%AC%AC%E4%B8%80%E5%AD%A6%E6%9C%9F%E6%9C%9F%E6%9C%AB%E6%95%99%E5%AD%A6%E8%B4%A8%E9%87%8F%E7%9B%91%E6%B5%8B_%E8%B4%A8%E9%87%8F%E7%9B%91%E6%B5%8BB%E5%8D%B7.html
高中,高一,化学,试卷网页,高一化学_第一学期期末质量检测_期末质量检测A卷,https://chenzhuanxin.github.io/xianning-teaching-resources/%E4%BA%A4%E4%BB%98%E7%89%A9/03_%E6%9C%9F%E6%9C%AB%E7%9C%9F%E9%A2%98%E8%AF%95%E5%8D%B7/HTML/%E9%AB%98%E4%B8%80%E5%8C%96%E5%AD%A6_%E7%AC%AC%E4%B8%80%E5%AD%A6%E6%9C%9F%E6%9C%9F%E6%9C%AB%E8%B4%A8%E9%87%8F%E6%A3%80%E6%B5%8B_%E6%9C%9F%E6%9C%AB%E8%B4%A8%E9%87%8F%E6%A3%80%E6%B5%8BA%E5%8D%B7.html
高中,高一,化学,试卷网页,高一化学_第二学期期末综合能力测试_综合能力D卷,https://chenzhuanxin.github.io/xianning-teaching-resources/%E4%BA%A4%E4%BB%98%E7%89%A9/03_%E6%9C%9F%E6%9C%AB%E7%9C%9F%E9%A2%98%E8%AF%95%E5%8D%B7/HTML/%E9%AB%98%E4%B8%80%E5%8C%96%E5%AD%A6_%E7%AC%AC%E4%BA%8C%E5%AD%A6%E6%9C%9F%E6%9C%9F%E6%9C%AB%E7%BB%BC%E5%90%88%E8%83%BD%E5%8A%9B%E6%B5%8B%E8%AF%95_%E7%BB%BC%E5%90%88%E8%83%BD%E5%8A%9BD%E5%8D%B7.html
高中,高一,化学,试卷网页,高一化学_第二学期期末质量检测_期末质量检测C卷,https://chenzhuanxin.github.io/xianning-teaching-resources/%E4%BA%A4%E4%BB%98%E7%89%A9/03_%E6%9C%9F%E6%9C%AB%E7%9C%9F%E9%A2%98%E8%AF%95%E5%8D%B7/HTML/%E9%AB%98%E4%B8%80%E5%8C%96%E5%AD%A6_%E7%AC%AC%E4%BA%8C%E5%AD%A6%E6%9C%9F%E6%9C%9F%E6%9C%AB%E8%B4%A8%E9%87%8F%E6%A3%80%E6%B5%8B_%E6%9C%9F%E6%9C%AB%E8%B4%A8%E9%87%8F%E6%A3%80%E6%B5%8BC%E5%8D%B7.html
高中,高一,生物,试卷网页,高一生物_学年度期末学业水平测试_学业水平E卷,https://chenzhuanxin.github.io/xianning-teaching-resources/%E4%BA%A4%E4%BB%98%E7%89%A9/03_%E6%9C%9F%E6%9C%AB%E7%9C%9F%E9%A2%98%E8%AF%95%E5%8D%B7/HTML/%E9%AB%98%E4%B8%80%E7%94%9F%E7%89%A9_%E5%AD%A6%E5%B9%B4%E5%BA%A6%E6%9C%9F%E6%9C%AB%E5%AD%A6%E4%B8%9A%E6%B0%B4%E5%B9%B3%E6%B5%8B%E8%AF%95_%E5%AD%A6%E4%B8%9A%E6%B0%B4%E5%B9%B3E%E5%8D%B7.html
高中,高一,生物,试卷网页,高一生物_第一学期期末教学质量监测_质量监测B卷,https://chenzhuanxin.github.io/xianning-teaching-resources/%E4%BA%A4%E4%BB%98%E7%89%A9/03_%E6%9C%9F%E6%9C%AB%E7%9C%9F%E9%A2%98%E8%AF%95%E5%8D%B7/HTML/%E9%AB%98%E4%B8%80%E7%94%9F%E7%89%A9_%E7%AC%AC%E4%B8%80%E5%AD%A6%E6%9C%9F%E6%9C%9F%E6%9C%AB%E6%95%99%E5%AD%A6%E8%B4%A8%E9%87%8F%E7%9B%91%E6%B5%8B_%E8%B4%A8%E9%87%8F%E7%9B%91%E6%B5%8BB%E5%8D%B7.html
高中,高一,生物,试卷网页,高一生物_第一学期期末质量检测_期末质量检测A卷,https://chenzhuanxin.github.io/xianning-teaching-resources/%E4%BA%A4%E4%BB%98%E7%89%A9/03_%E6%9C%9F%E6%9C%AB%E7%9C%9F%E9%A2%98%E8%AF%95%E5%8D%B7/HTML/%E9%AB%98%E4%B8%80%E7%94%9F%E7%89%A9_%E7%AC%AC%E4%B8%80%E5%AD%A6%E6%9C%9F%E6%9C%9F%E6%9C%AB%E8%B4%A8%E9%87%8F%E6%A3%80%E6%B5%8B_%E6%9C%9F%E6%9C%AB%E8%B4%A8%E9%87%8F%E6%A3%80%E6%B5%8BA%E5%8D%B7.html
高中,高一,生物,试卷网页,高一生物_第二学期期末综合能力测试_综合能力D卷,https://chenzhuanxin.github.io/xianning-teaching-resources/%E4%BA%A4%E4%BB%98%E7%89%A9/03_%E6%9C%9F%E6%9C%AB%E7%9C%9F%E9%A2%98%E8%AF%95%E5%8D%B7/HTML/%E9%AB%98%E4%B8%80%E7%94%9F%E7%89%A9_%E7%AC%AC%E4%BA%8C%E5%AD%A6%E6%9C%9F%E6%9C%9F%E6%9C%AB%E7%BB%BC%E5%90%88%E8%83%BD%E5%8A%9B%E6%B5%8B%E8%AF%95_%E7%BB%BC%E5%90%88%E8%83%BD%E5%8A%9BD%E5%8D%B7.html
高中,高一,生物,试卷网页,高一生物_第二学期期末质量检测_期末质量检测C卷,https://chenzhuanxin.github.io/xianning-teaching-resources/%E4%BA%A4%E4%BB%98%E7%89%A9/03_%E6%9C%9F%E6%9C%AB%E7%9C%9F%E9%A2%98%E8%AF%95%E5%8D%B7/HTML/%E9%AB%98%E4%B8%80%E7%94%9F%E7%89%A9_%E7%AC%AC%E4%BA%8C%E5%AD%A6%E6%9C%9F%E6%9C%9F%E6%9C%AB%E8%B4%A8%E9%87%8F%E6%A3%80%E6%B5%8B_%E6%9C%9F%E6%9C%AB%E8%B4%A8%E9%87%8F%E6%A3%80%E6%B5%8BC%E5%8D%B7.html
高中,高一,历史,试卷网页,高一历史_学年度期末学业水平测试_学业水平E卷,https://chenzhuanxin.github.io/xianning-teaching-resources/%E4%BA%A4%E4%BB%98%E7%89%A9/03_%E6%9C%9F%E6%9C%AB%E7%9C%9F%E9%A2%98%E8%AF%95%E5%8D%B7/HTML/%E9%AB%98%E4%B8%80%E5%8E%86%E5%8F%B2_%E5%AD%A6%E5%B9%B4%E5%BA%A6%E6%9C%9F%E6%9C%AB%E5%AD%A6%E4%B8%9A%E6%B0%B4%E5%B9%B3%E6%B5%8B%E8%AF%95_%E5%AD%A6%E4%B8%9A%E6%B0%B4%E5%B9%B3E%E5%8D%B7.html
高中,高一,历史,试卷网页,高一历史_第一学期期末教学质量监测_质量监测B卷,https://chenzhuanxin.github.io/xianning-teaching-resources/%E4%BA%A4%E4%BB%98%E7%89%A9/03_%E6%9C%9F%E6%9C%AB%E7%9C%9F%E9%A2%98%E8%AF%95%E5%8D%B7/HTML/%E9%AB%98%E4%B8%80%E5%8E%86%E5%8F%B2_%E7%AC%AC%E4%B8%80%E5%AD%A6%E6%9C%9F%E6%9C%9F%E6%9C%AB%E6%95%99%E5%AD%A6%E8%B4%A8%E9%87%8F%E7%9B%91%E6%B5%8B_%E8%B4%A8%E9%87%8F%E7%9B%91%E6%B5%8BB%E5%8D%B7.html
高中,高一,历史,试卷网页,高一历史_第一学期期末质量检测_期末质量检测A卷,https://chenzhuanxin.github.io/xianning-teaching-resources/%E4%BA%A4%E4%BB%98%E7%89%A9/03_%E6%9C%9F%E6%9C%AB%E7%9C%9F%E9%A2%98%E8%AF%95%E5%8D%B7/HTML/%E9%AB%98%E4%B8%80%E5%8E%86%E5%8F%B2_%E7%AC%AC%E4%B8%80%E5%AD%A6%E6%9C%9F%E6%9C%9F%E6%9C%AB%E8%B4%A8%E9%87%8F%E6%A3%80%E6%B5%8B_%E6%9C%9F%E6%9C%AB%E8%B4%A8%E9%87%8F%E6%A3%80%E6%B5%8BA%E5%8D%B7.html
高中,高一,历史,试卷网页,高一历史_第二学期期末综合能力测试_综合能力D卷,https://chenzhuanxin.github.io/xianning-teaching-resources/%E4%BA%A4%E4%BB%98%E7%89%A9/03_%E6%9C%9F%E6%9C%AB%E7%9C%9F%E9%A2%98%E8%AF%95%E5%8D%B7/HTML/%E9%AB%98%E4%B8%80%E5%8E%86%E5%8F%B2_%E7%AC%AC%E4%BA%8C%E5%AD%A6%E6%9C%9F%E6%9C%9F%E6%9C%AB%E7%BB%BC%E5%90%88%E8%83%BD%E5%8A%9B%E6%B5%8B%E8%AF%95_%E7%BB%BC%E5%90%88%E8%83%BD%E5%8A%9BD%E5%8D%B7.html
高中,高一,历史,试卷网页,高一历史_第二学期期末质量检测_期末质量检测C卷,https://chenzhuanxin.github.io/xianning-teaching-resources/%E4%BA%A4%E4%BB%98%E7%89%A9/03_%E6%9C%9F%E6%9C%AB%E7%9C%9F%E9%A2%98%E8%AF%95%E5%8D%B7/HTML/%E9%AB%98%E4%B8%80%E5%8E%86%E5%8F%B2_%E7%AC%AC%E4%BA%8C%E5%AD%A6%E6%9C%9F%E6%9C%9F%E6%9C%AB%E8%B4%A8%E9%87%8F%E6%A3%80%E6%B5%8B_%E6%9C%9F%E6%9C%AB%E8%B4%A8%E9%87%8F%E6%A3%80%E6%B5%8BC%E5%8D%B7.html
高中,高一,地理,试卷网页,高一地理_学年度期末学业水平测试_学业水平E卷,https://chenzhuanxin.github.io/xianning-teaching-resources/%E4%BA%A4%E4%BB%98%E7%89%A9/03_%E6%9C%9F%E6%9C%AB%E7%9C%9F%E9%A2%98%E8%AF%95%E5%8D%B7/HTML/%E9%AB%98%E4%B8%80%E5%9C%B0%E7%90%86_%E5%AD%A6%E5%B9%B4%E5%BA%A6%E6%9C%9F%E6%9C%AB%E5%AD%A6%E4%B8%9A%E6%B0%B4%E5%B9%B3%E6%B5%8B%E8%AF%95_%E5%AD%A6%E4%B8%9A%E6%B0%B4%E5%B9%B3E%E5%8D%B7.html
高中,高一,地理,试卷网页,高一地理_第一学期期末教学质量监测_质量监测B卷,https://chenzhuanxin.github.io/xianning-teaching-resources/%E4%BA%A4%E4%BB%98%E7%89%A9/03_%E6%9C%9F%E6%9C%AB%E7%9C%9F%E9%A2%98%E8%AF%95%E5%8D%B7/HTML/%E9%AB%98%E4%B8%80%E5%9C%B0%E7%90%86_%E7%AC%AC%E4%B8%80%E5%AD%A6%E6%9C%9F%E6%9C%9F%E6%9C%AB%E6%95%99%E5%AD%A6%E8%B4%A8%E9%87%8F%E7%9B%91%E6%B5%8B_%E8%B4%A8%E9%87%8F%E7%9B%91%E6%B5%8BB%E5%8D%B7.html
高中,高一,地理,试卷网页,高一地理_第一学期期末质量检测_期末质量检测A卷,https://chenzhuanxin.github.io/xianning-teaching-resources/%E4%BA%A4%E4%BB%98%E7%89%A9/03_%E6%9C%9F%E6%9C%AB%E7%9C%9F%E9%A2%98%E8%AF%95%E5%8D%B7/HTML/%E9%AB%98%E4%B8%80%E5%9C%B0%E7%90%86_%E7%AC%AC%E4%B8%80%E5%AD%A6%E6%9C%9F%E6%9C%9F%E6%9C%AB%E8%B4%A8%E9%87%8F%E6%A3%80%E6%B5%8B_%E6%9C%9F%E6%9C%AB%E8%B4%A8%E9%87%8F%E6%A3%80%E6%B5%8BA%E5%8D%B7.html
高中,高一,地理,试卷网页,高一地理_第二学期期末综合能力测试_综合能力D卷,https://chenzhuanxin.github.io/xianning-teaching-resources/%E4%BA%A4%E4%BB%98%E7%89%A9/03_%E6%9C%9F%E6%9C%AB%E7%9C%9F%E9%A2%98%E8%AF%95%E5%8D%B7/HTML/%E9%AB%98%E4%B8%80%E5%9C%B0%E7%90%86_%E7%AC%AC%E4%BA%8C%E5%AD%A6%E6%9C%9F%E6%9C%9F%E6%9C%AB%E7%BB%BC%E5%90%88%E8%83%BD%E5%8A%9B%E6%B5%8B%E8%AF%95_%E7%BB%BC%E5%90%88%E8%83%BD%E5%8A%9BD%E5%8D%B7.html
高中,高一,地理,试卷网页,高一地理_第二学期期末质量检测_期末质量检测C卷,https://chenzhuanxin.github.io/xianning-teaching-resources/%E4%BA%A4%E4%BB%98%E7%89%A9/03_%E6%9C%9F%E6%9C%AB%E7%9C%9F%E9%A2%98%E8%AF%95%E5%8D%B7/HTML/%E9%AB%98%E4%B8%80%E5%9C%B0%E7%90%86_%E7%AC%AC%E4%BA%8C%E5%AD%A6%E6%9C%9F%E6%9C%9F%E6%9C%AB%E8%B4%A8%E9%87%8F%E6%A3%80%E6%B5%8B_%E6%9C%9F%E6%9C%AB%E8%B4%A8%E9%87%8F%E6%A3%80%E6%B5%8BC%E5%8D%B7.html
高中,高二,语文,试卷网页,高二语文_学年度期末学业水平测试_学业水平E卷,https://chenzhuanxin.github.io/xianning-teaching-resources/%E4%BA%A4%E4%BB%98%E7%89%A9/03_%E6%9C%9F%E6%9C%AB%E7%9C%9F%E9%A2%98%E8%AF%95%E5%8D%B7/HTML/%E9%AB%98%E4%BA%8C%E8%AF%AD%E6%96%87_%E5%AD%A6%E5%B9%B4%E5%BA%A6%E6%9C%9F%E6%9C%AB%E5%AD%A6%E4%B8%9A%E6%B0%B4%E5%B9%B3%E6%B5%8B%E8%AF%95_%E5%AD%A6%E4%B8%9A%E6%B0%B4%E5%B9%B3E%E5%8D%B7.html
高中,高二,语文,试卷网页,高二语文_第一学期期末教学质量监测_质量监测B卷,https://chenzhuanxin.github.io/xianning-teaching-resources/%E4%BA%A4%E4%BB%98%E7%89%A9/03_%E6%9C%9F%E6%9C%AB%E7%9C%9F%E9%A2%98%E8%AF%95%E5%8D%B7/HTML/%E9%AB%98%E4%BA%8C%E8%AF%AD%E6%96%87_%E7%AC%AC%E4%B8%80%E5%AD%A6%E6%9C%9F%E6%9C%9F%E6%9C%AB%E6%95%99%E5%AD%A6%E8%B4%A8%E9%87%8F%E7%9B%91%E6%B5%8B_%E8%B4%A8%E9%87%8F%E7%9B%91%E6%B5%8BB%E5%8D%B7.html
高中,高二,语文,试卷网页,高二语文_第一学期期末质量检测_期末质量检测A卷,https://chenzhuanxin.github.io/xianning-teaching-resources/%E4%BA%A4%E4%BB%98%E7%89%A9/03_%E6%9C%9F%E6%9C%AB%E7%9C%9F%E9%A2%98%E8%AF%95%E5%8D%B7/HTML/%E9%AB%98%E4%BA%8C%E8%AF%AD%E6%96%87_%E7%AC%AC%E4%B8%80%E5%AD%A6%E6%9C%9F%E6%9C%9F%E6%9C%AB%E8%B4%A8%E9%87%8F%E6%A3%80%E6%B5%8B_%E6%9C%9F%E6%9C%AB%E8%B4%A8%E9%87%8F%E6%A3%80%E6%B5%8BA%E5%8D%B7.html
高中,高二,语文,试卷网页,高二语文_第二学期期末综合能力测试_综合能力D卷,https://chenzhuanxin.github.io/xianning-teaching-resources/%E4%BA%A4%E4%BB%98%E7%89%A9/03_%E6%9C%9F%E6%9C%AB%E7%9C%9F%E9%A2%98%E8%AF%95%E5%8D%B7/HTML/%E9%AB%98%E4%BA%8C%E8%AF%AD%E6%96%87_%E7%AC%AC%E4%BA%8C%E5%AD%A6%E6%9C%9F%E6%9C%9F%E6%9C%AB%E7%BB%BC%E5%90%88%E8%83%BD%E5%8A%9B%E6%B5%8B%E8%AF%95_%E7%BB%BC%E5%90%88%E8%83%BD%E5%8A%9BD%E5%8D%B7.html
高中,高二,语文,试卷网页,高二语文_第二学期期末质量检测_期末质量检测C卷,https://chenzhuanxin.github.io/xianning-teaching-resources/%E4%BA%A4%E4%BB%98%E7%89%A9/03_%E6%9C%9F%E6%9C%AB%E7%9C%9F%E9%A2%98%E8%AF%95%E5%8D%B7/HTML/%E9%AB%98%E4%BA%8C%E8%AF%AD%E6%96%87_%E7%AC%AC%E4%BA%8C%E5%AD%A6%E6%9C%9F%E6%9C%9F%E6%9C%AB%E8%B4%A8%E9%87%8F%E6%A3%80%E6%B5%8B_%E6%9C%9F%E6%9C%AB%E8%B4%A8%E9%87%8F%E6%A3%80%E6%B5%8BC%E5%8D%B7.html
高中,高二,数学,试卷网页,高二数学_学年度期末学业水平测试_学业水平E卷,https://chenzhuanxin.github.io/xianning-teaching-resources/%E4%BA%A4%E4%BB%98%E7%89%A9/03_%E6%9C%9F%E6%9C%AB%E7%9C%9F%E9%A2%98%E8%AF%95%E5%8D%B7/HTML/%E9%AB%98%E4%BA%8C%E6%95%B0%E5%AD%A6_%E5%AD%A6%E5%B9%B4%E5%BA%A6%E6%9C%9F%E6%9C%AB%E5%AD%A6%E4%B8%9A%E6%B0%B4%E5%B9%B3%E6%B5%8B%E8%AF%95_%E5%AD%A6%E4%B8%9A%E6%B0%B4%E5%B9%B3E%E5%8D%B7.html
高中,高二,数学,试卷网页,高二数学_第一学期期末教学质量监测_质量监测B卷,https://chenzhuanxin.github.io/xianning-teaching-resources/%E4%BA%A4%E4%BB%98%E7%89%A9/03_%E6%9C%9F%E6%9C%AB%E7%9C%9F%E9%A2%98%E8%AF%95%E5%8D%B7/HTML/%E9%AB%98%E4%BA%8C%E6%95%B0%E5%AD%A6_%E7%AC%AC%E4%B8%80%E5%AD%A6%E6%9C%9F%E6%9C%9F%E6%9C%AB%E6%95%99%E5%AD%A6%E8%B4%A8%E9%87%8F%E7%9B%91%E6%B5%8B_%E8%B4%A8%E9%87%8F%E7%9B%91%E6%B5%8BB%E5%8D%B7.html
高中,高二,数学,试卷网页,高二数学_第一学期期末质量检测_期末质量检测A卷,https://chenzhuanxin.github.io/xianning-teaching-resources/%E4%BA%A4%E4%BB%98%E7%89%A9/03_%E6%9C%9F%E6%9C%AB%E7%9C%9F%E9%A2%98%E8%AF%95%E5%8D%B7/HTML/%E9%AB%98%E4%BA%8C%E6%95%B0%E5%AD%A6_%E7%AC%AC%E4%B8%80%E5%AD%A6%E6%9C%9F%E6%9C%9F%E6%9C%AB%E8%B4%A8%E9%87%8F%E6%A3%80%E6%B5%8B_%E6%9C%9F%E6%9C%AB%E8%B4%A8%E9%87%8F%E6%A3%80%E6%B5%8BA%E5%8D%B7.html
高中,高二,数学,试卷网页,高二数学_第二学期期末综合能力测试_综合能力D卷,https://chenzhuanxin.github.io/xianning-teaching-resources/%E4%BA%A4%E4%BB%98%E7%89%A9/03_%E6%9C%9F%E6%9C%AB%E7%9C%9F%E9%A2%98%E8%AF%95%E5%8D%B7/HTML/%E9%AB%98%E4%BA%8C%E6%95%B0%E5%AD%A6_%E7%AC%AC%E4%BA%8C%E5%AD%A6%E6%9C%9F%E6%9C%9F%E6%9C%AB%E7%BB%BC%E5%90%88%E8%83%BD%E5%8A%9B%E6%B5%8B%E8%AF%95_%E7%BB%BC%E5%90%88%E8%83%BD%E5%8A%9BD%E5%8D%B7.html
高中,高二,数学,试卷网页,高二数学_第二学期期末质量检测_期末质量检测C卷,https://chenzhuanxin.github.io/xianning-teaching-resources/%E4%BA%A4%E4%BB%98%E7%89%A9/03_%E6%9C%9F%E6%9C%AB%E7%9C%9F%E9%A2%98%E8%AF%95%E5%8D%B7/HTML/%E9%AB%98%E4%BA%8C%E6%95%B0%E5%AD%A6_%E7%AC%AC%E4%BA%8C%E5%AD%A6%E6%9C%9F%E6%9C%9F%E6%9C%AB%E8%B4%A8%E9%87%8F%E6%A3%80%E6%B5%8B_%E6%9C%9F%E6%9C%AB%E8%B4%A8%E9%87%8F%E6%A3%80%E6%B5%8BC%E5%8D%B7.html
高中,高二,英语,试卷网页,高二英语_学年度期末学业水平测试_学业水平E卷,https://chenzhuanxin.github.io/xianning-teaching-resources/%E4%BA%A4%E4%BB%98%E7%89%A9/03_%E6%9C%9F%E6%9C%AB%E7%9C%9F%E9%A2%98%E8%AF%95%E5%8D%B7/HTML/%E9%AB%98%E4%BA%8C%E8%8B%B1%E8%AF%AD_%E5%AD%A6%E5%B9%B4%E5%BA%A6%E6%9C%9F%E6%9C%AB%E5%AD%A6%E4%B8%9A%E6%B0%B4%E5%B9%B3%E6%B5%8B%E8%AF%95_%E5%AD%A6%E4%B8%9A%E6%B0%B4%E5%B9%B3E%E5%8D%B7.html
高中,高二,英语,试卷网页,高二英语_第一学期期末教学质量监测_质量监测B卷,https://chenzhuanxin.github.io/xianning-teaching-resources/%E4%BA%A4%E4%BB%98%E7%89%A9/03_%E6%9C%9F%E6%9C%AB%E7%9C%9F%E9%A2%98%E8%AF%95%E5%8D%B7/HTML/%E9%AB%98%E4%BA%8C%E8%8B%B1%E8%AF%AD_%E7%AC%AC%E4%B8%80%E5%AD%A6%E6%9C%9F%E6%9C%9F%E6%9C%AB%E6%95%99%E5%AD%A6%E8%B4%A8%E9%87%8F%E7%9B%91%E6%B5%8B_%E8%B4%A8%E9%87%8F%E7%9B%91%E6%B5%8BB%E5%8D%B7.html
高中,高二,英语,试卷网页,高二英语_第一学期期末质量检测_期末质量检测A卷,https://chenzhuanxin.github.io/xianning-teaching-resources/%E4%BA%A4%E4%BB%98%E7%89%A9/03_%E6%9C%9F%E6%9C%AB%E7%9C%9F%E9%A2%98%E8%AF%95%E5%8D%B7/HTML/%E9%AB%98%E4%BA%8C%E8%8B%B1%E8%AF%AD_%E7%AC%AC%E4%B8%80%E5%AD%A6%E6%9C%9F%E6%9C%9F%E6%9C%AB%E8%B4%A8%E9%87%8F%E6%A3%80%E6%B5%8B_%E6%9C%9F%E6%9C%AB%E8%B4%A8%E9%87%8F%E6%A3%80%E6%B5%8BA%E5%8D%B7.html
高中,高二,英语,试卷网页,高二英语_第二学期期末综合能力测试_综合能力D卷,https://chenzhuanxin.github.io/xianning-teaching-resources/%E4%BA%A4%E4%BB%98%E7%89%A9/03_%E6%9C%9F%E6%9C%AB%E7%9C%9F%E9%A2%98%E8%AF%95%E5%8D%B7/HTML/%E9%AB%98%E4%BA%8C%E8%8B%B1%E8%AF%AD_%E7%AC%AC%E4%BA%8C%E5%AD%A6%E6%9C%9F%E6%9C%9F%E6%9C%AB%E7%BB%BC%E5%90%88%E8%83%BD%E5%8A%9B%E6%B5%8B%E8%AF%95_%E7%BB%BC%E5%90%88%E8%83%BD%E5%8A%9BD%E5%8D%B7.html
高中,高二,英语,试卷网页,高二英语_第二学期期末质量检测_期末质量检测C卷,https://chenzhuanxin.github.io/xianning-teaching-resources/%E4%BA%A4%E4%BB%98%E7%89%A9/03_%E6%9C%9F%E6%9C%AB%E7%9C%9F%E9%A2%98%E8%AF%95%E5%8D%B7/HTML/%E9%AB%98%E4%BA%8C%E8%8B%B1%E8%AF%AD_%E7%AC%AC%E4%BA%8C%E5%AD%A6%E6%9C%9F%E6%9C%9F%E6%9C%AB%E8%B4%A8%E9%87%8F%E6%A3%80%E6%B5%8B_%E6%9C%9F%E6%9C%AB%E8%B4%A8%E9%87%8F%E6%A3%80%E6%B5%8BC%E5%8D%B7.html
高中,高二,思想政治,试卷网页,高二思想政治_学年度期末学业水平测试_学业水平E卷,https://chenzhuanxin.github.io/xianning-teaching-resources/%E4%BA%A4%E4%BB%98%E7%89%A9/03_%E6%9C%9F%E6%9C%AB%E7%9C%9F%E9%A2%98%E8%AF%95%E5%8D%B7/HTML/%E9%AB%98%E4%BA%8C%E6%80%9D%E6%83%B3%E6%94%BF%E6%B2%BB_%E5%AD%A6%E5%B9%B4%E5%BA%A6%E6%9C%9F%E6%9C%AB%E5%AD%A6%E4%B8%9A%E6%B0%B4%E5%B9%B3%E6%B5%8B%E8%AF%95_%E5%AD%A6%E4%B8%9A%E6%B0%B4%E5%B9%B3E%E5%8D%B7.html
高中,高二,思想政治,试卷网页,高二思想政治_第一学期期末教学质量监测_质量监测B卷,https://chenzhuanxin.github.io/xianning-teaching-resources/%E4%BA%A4%E4%BB%98%E7%89%A9/03_%E6%9C%9F%E6%9C%AB%E7%9C%9F%E9%A2%98%E8%AF%95%E5%8D%B7/HTML/%E9%AB%98%E4%BA%8C%E6%80%9D%E6%83%B3%E6%94%BF%E6%B2%BB_%E7%AC%AC%E4%B8%80%E5%AD%A6%E6%9C%9F%E6%9C%9F%E6%9C%AB%E6%95%99%E5%AD%A6%E8%B4%A8%E9%87%8F%E7%9B%91%E6%B5%8B_%E8%B4%A8%E9%87%8F%E7%9B%91%E6%B5%8BB%E5%8D%B7.html
高中,高二,思想政治,试卷网页,高二思想政治_第一学期期末质量检测_期末质量检测A卷,https://chenzhuanxin.github.io/xianning-teaching-resources/%E4%BA%A4%E4%BB%98%E7%89%A9/03_%E6%9C%9F%E6%9C%AB%E7%9C%9F%E9%A2%98%E8%AF%95%E5%8D%B7/HTML/%E9%AB%98%E4%BA%8C%E6%80%9D%E6%83%B3%E6%94%BF%E6%B2%BB_%E7%AC%AC%E4%B8%80%E5%AD%A6%E6%9C%9F%E6%9C%9F%E6%9C%AB%E8%B4%A8%E9%87%8F%E6%A3%80%E6%B5%8B_%E6%9C%9F%E6%9C%AB%E8%B4%A8%E9%87%8F%E6%A3%80%E6%B5%8BA%E5%8D%B7.html
高中,高二,思想政治,试卷网页,高二思想政治_第二学期期末综合能力测试_综合能力D卷,https://chenzhuanxin.github.io/xianning-teaching-resources/%E4%BA%A4%E4%BB%98%E7%89%A9/03_%E6%9C%9F%E6%9C%AB%E7%9C%9F%E9%A2%98%E8%AF%95%E5%8D%B7/HTML/%E9%AB%98%E4%BA%8C%E6%80%9D%E6%83%B3%E6%94%BF%E6%B2%BB_%E7%AC%AC%E4%BA%8C%E5%AD%A6%E6%9C%9F%E6%9C%9F%E6%9C%AB%E7%BB%BC%E5%90%88%E8%83%BD%E5%8A%9B%E6%B5%8B%E8%AF%95_%E7%BB%BC%E5%90%88%E8%83%BD%E5%8A%9BD%E5%8D%B7.html
高中,高二,思想政治,试卷网页,高二思想政治_第二学期期末质量检测_期末质量检测C卷,https://chenzhuanxin.github.io/xianning-teaching-resources/%E4%BA%A4%E4%BB%98%E7%89%A9/03_%E6%9C%9F%E6%9C%AB%E7%9C%9F%E9%A2%98%E8%AF%95%E5%8D%B7/HTML/%E9%AB%98%E4%BA%8C%E6%80%9D%E6%83%B3%E6%94%BF%E6%B2%BB_%E7%AC%AC%E4%BA%8C%E5%AD%A6%E6%9C%9F%E6%9C%9F%E6%9C%AB%E8%B4%A8%E9%87%8F%E6%A3%80%E6%B5%8B_%E6%9C%9F%E6%9C%AB%E8%B4%A8%E9%87%8F%E6%A3%80%E6%B5%8BC%E5%8D%B7.html
高中,高二,物理,试卷网页,高二物理_学年度期末学业水平测试_学业水平E卷,https://chenzhuanxin.github.io/xianning-teaching-resources/%E4%BA%A4%E4%BB%98%E7%89%A9/03_%E6%9C%9F%E6%9C%AB%E7%9C%9F%E9%A2%98%E8%AF%95%E5%8D%B7/HTML/%E9%AB%98%E4%BA%8C%E7%89%A9%E7%90%86_%E5%AD%A6%E5%B9%B4%E5%BA%A6%E6%9C%9F%E6%9C%AB%E5%AD%A6%E4%B8%9A%E6%B0%B4%E5%B9%B3%E6%B5%8B%E8%AF%95_%E5%AD%A6%E4%B8%9A%E6%B0%B4%E5%B9%B3E%E5%8D%B7.html
高中,高二,物理,试卷网页,高二物理_第一学期期末教学质量监测_质量监测B卷,https://chenzhuanxin.github.io/xianning-teaching-resources/%E4%BA%A4%E4%BB%98%E7%89%A9/03_%E6%9C%9F%E6%9C%AB%E7%9C%9F%E9%A2%98%E8%AF%95%E5%8D%B7/HTML/%E9%AB%98%E4%BA%8C%E7%89%A9%E7%90%86_%E7%AC%AC%E4%B8%80%E5%AD%A6%E6%9C%9F%E6%9C%9F%E6%9C%AB%E6%95%99%E5%AD%A6%E8%B4%A8%E9%87%8F%E7%9B%91%E6%B5%8B_%E8%B4%A8%E9%87%8F%E7%9B%91%E6%B5%8BB%E5%8D%B7.html
高中,高二,物理,试卷网页,高二物理_第一学期期末质量检测_期末质量检测A卷,https://chenzhuanxin.github.io/xianning-teaching-resources/%E4%BA%A4%E4%BB%98%E7%89%A9/03_%E6%9C%9F%E6%9C%AB%E7%9C%9F%E9%A2%98%E8%AF%95%E5%8D%B7/HTML/%E9%AB%98%E4%BA%8C%E7%89%A9%E7%90%86_%E7%AC%AC%E4%B8%80%E5%AD%A6%E6%9C%9F%E6%9C%9F%E6%9C%AB%E8%B4%A8%E9%87%8F%E6%A3%80%E6%B5%8B_%E6%9C%9F%E6%9C%AB%E8%B4%A8%E9%87%8F%E6%A3%80%E6%B5%8BA%E5%8D%B7.html
高中,高二,物理,试卷网页,高二物理_第二学期期末综合能力测试_综合能力D卷,https://chenzhuanxin.github.io/xianning-teaching-resources/%E4%BA%A4%E4%BB%98%E7%89%A9/03_%E6%9C%9F%E6%9C%AB%E7%9C%9F%E9%A2%98%E8%AF%95%E5%8D%B7/HTML/%E9%AB%98%E4%BA%8C%E7%89%A9%E7%90%86_%E7%AC%AC%E4%BA%8C%E5%AD%A6%E6%9C%9F%E6%9C%9F%E6%9C%AB%E7%BB%BC%E5%90%88%E8%83%BD%E5%8A%9B%E6%B5%8B%E8%AF%95_%E7%BB%BC%E5%90%88%E8%83%BD%E5%8A%9BD%E5%8D%B7.html
高中,高二,物理,试卷网页,高二物理_第二学期期末质量检测_期末质量检测C卷,https://chenzhuanxin.github.io/xianning-teaching-resources/%E4%BA%A4%E4%BB%98%E7%89%A9/03_%E6%9C%9F%E6%9C%AB%E7%9C%9F%E9%A2%98%E8%AF%95%E5%8D%B7/HTML/%E9%AB%98%E4%BA%8C%E7%89%A9%E7%90%86_%E7%AC%AC%E4%BA%8C%E5%AD%A6%E6%9C%9F%E6%9C%9F%E6%9C%AB%E8%B4%A8%E9%87%8F%E6%A3%80%E6%B5%8B_%E6%9C%9F%E6%9C%AB%E8%B4%A8%E9%87%8F%E6%A3%80%E6%B5%8BC%E5%8D%B7.html
高中,高二,化学,试卷网页,高二化学_学年度期末学业水平测试_学业水平E卷,https://chenzhuanxin.github.io/xianning-teaching-resources/%E4%BA%A4%E4%BB%98%E7%89%A9/03_%E6%9C%9F%E6%9C%AB%E7%9C%9F%E9%A2%98%E8%AF%95%E5%8D%B7/HTML/%E9%AB%98%E4%BA%8C%E5%8C%96%E5%AD%A6_%E5%AD%A6%E5%B9%B4%E5%BA%A6%E6%9C%9F%E6%9C%AB%E5%AD%A6%E4%B8%9A%E6%B0%B4%E5%B9%B3%E6%B5%8B%E8%AF%95_%E5%AD%A6%E4%B8%9A%E6%B0%B4%E5%B9%B3E%E5%8D%B7.html
高中,高二,化学,试卷网页,高二化学_第一学期期末教学质量监测_质量监测B卷,https://chenzhuanxin.github.io/xianning-teaching-resources/%E4%BA%A4%E4%BB%98%E7%89%A9/03_%E6%9C%9F%E6%9C%AB%E7%9C%9F%E9%A2%98%E8%AF%95%E5%8D%B7/HTML/%E9%AB%98%E4%BA%8C%E5%8C%96%E5%AD%A6_%E7%AC%AC%E4%B8%80%E5%AD%A6%E6%9C%9F%E6%9C%9F%E6%9C%AB%E6%95%99%E5%AD%A6%E8%B4%A8%E9%87%8F%E7%9B%91%E6%B5%8B_%E8%B4%A8%E9%87%8F%E7%9B%91%E6%B5%8BB%E5%8D%B7.html
高中,高二,化学,试卷网页,高二化学_第一学期期末质量检测_期末质量检测A卷,https://chenzhuanxin.github.io/xianning-teaching-resources/%E4%BA%A4%E4%BB%98%E7%89%A9/03_%E6%9C%9F%E6%9C%AB%E7%9C%9F%E9%A2%98%E8%AF%95%E5%8D%B7/HTML/%E9%AB%98%E4%BA%8C%E5%8C%96%E5%AD%A6_%E7%AC%AC%E4%B8%80%E5%AD%A6%E6%9C%9F%E6%9C%9F%E6%9C%AB%E8%B4%A8%E9%87%8F%E6%A3%80%E6%B5%8B_%E6%9C%9F%E6%9C%AB%E8%B4%A8%E9%87%8F%E6%A3%80%E6%B5%8BA%E5%8D%B7.html
高中,高二,化学,试卷网页,高二化学_第二学期期末综合能力测试_综合能力D卷,https://chenzhuanxin.github.io/xianning-teaching-resources/%E4%BA%A4%E4%BB%98%E7%89%A9/03_%E6%9C%9F%E6%9C%AB%E7%9C%9F%E9%A2%98%E8%AF%95%E5%8D%B7/HTML/%E9%AB%98%E4%BA%8C%E5%8C%96%E5%AD%A6_%E7%AC%AC%E4%BA%8C%E5%AD%A6%E6%9C%9F%E6%9C%9F%E6%9C%AB%E7%BB%BC%E5%90%88%E8%83%BD%E5%8A%9B%E6%B5%8B%E8%AF%95_%E7%BB%BC%E5%90%88%E8%83%BD%E5%8A%9BD%E5%8D%B7.html
高中,高二,化学,试卷网页,高二化学_第二学期期末质量检测_期末质量检测C卷,https://chenzhuanxin.github.io/xianning-teaching-resources/%E4%BA%A4%E4%BB%98%E7%89%A9/03_%E6%9C%9F%E6%9C%AB%E7%9C%9F%E9%A2%98%E8%AF%95%E5%8D%B7/HTML/%E9%AB%98%E4%BA%8C%E5%8C%96%E5%AD%A6_%E7%AC%AC%E4%BA%8C%E5%AD%A6%E6%9C%9F%E6%9C%9F%E6%9C%AB%E8%B4%A8%E9%87%8F%E6%A3%80%E6%B5%8B_%E6%9C%9F%E6%9C%AB%E8%B4%A8%E9%87%8F%E6%A3%80%E6%B5%8BC%E5%8D%B7.html
高中,高二,生物,试卷网页,高二生物_学年度期末学业水平测试_学业水平E卷,https://chenzhuanxin.github.io/xianning-teaching-resources/%E4%BA%A4%E4%BB%98%E7%89%A9/03_%E6%9C%9F%E6%9C%AB%E7%9C%9F%E9%A2%98%E8%AF%95%E5%8D%B7/HTML/%E9%AB%98%E4%BA%8C%E7%94%9F%E7%89%A9_%E5%AD%A6%E5%B9%B4%E5%BA%A6%E6%9C%9F%E6%9C%AB%E5%AD%A6%E4%B8%9A%E6%B0%B4%E5%B9%B3%E6%B5%8B%E8%AF%95_%E5%AD%A6%E4%B8%9A%E6%B0%B4%E5%B9%B3E%E5%8D%B7.html
高中,高二,生物,试卷网页,高二生物_第一学期期末教学质量监测_质量监测B卷,https://chenzhuanxin.github.io/xianning-teaching-resources/%E4%BA%A4%E4%BB%98%E7%89%A9/03_%E6%9C%9F%E6%9C%AB%E7%9C%9F%E9%A2%98%E8%AF%95%E5%8D%B7/HTML/%E9%AB%98%E4%BA%8C%E7%94%9F%E7%89%A9_%E7%AC%AC%E4%B8%80%E5%AD%A6%E6%9C%9F%E6%9C%9F%E6%9C%AB%E6%95%99%E5%AD%A6%E8%B4%A8%E9%87%8F%E7%9B%91%E6%B5%8B_%E8%B4%A8%E9%87%8F%E7%9B%91%E6%B5%8BB%E5%8D%B7.html
高中,高二,生物,试卷网页,高二生物_第一学期期末质量检测_期末质量检测A卷,https://chenzhuanxin.github.io/xianning-teaching-resources/%E4%BA%A4%E4%BB%98%E7%89%A9/03_%E6%9C%9F%E6%9C%AB%E7%9C%9F%E9%A2%98%E8%AF%95%E5%8D%B7/HTML/%E9%AB%98%E4%BA%8C%E7%94%9F%E7%89%A9_%E7%AC%AC%E4%B8%80%E5%AD%A6%E6%9C%9F%E6%9C%9F%E6%9C%AB%E8%B4%A8%E9%87%8F%E6%A3%80%E6%B5%8B_%E6%9C%9F%E6%9C%AB%E8%B4%A8%E9%87%8F%E6%A3%80%E6%B5%8BA%E5%8D%B7.html
高中,高二,生物,试卷网页,高二生物_第二学期期末综合能力测试_综合能力D卷,https://chenzhuanxin.github.io/xianning-teaching-resources/%E4%BA%A4%E4%BB%98%E7%89%A9/03_%E6%9C%9F%E6%9C%AB%E7%9C%9F%E9%A2%98%E8%AF%95%E5%8D%B7/HTML/%E9%AB%98%E4%BA%8C%E7%94%9F%E7%89%A9_%E7%AC%AC%E4%BA%8C%E5%AD%A6%E6%9C%9F%E6%9C%9F%E6%9C%AB%E7%BB%BC%E5%90%88%E8%83%BD%E5%8A%9B%E6%B5%8B%E8%AF%95_%E7%BB%BC%E5%90%88%E8%83%BD%E5%8A%9BD%E5%8D%B7.html
高中,高二,生物,试卷网页,高二生物_第二学期期末质量检测_期末质量检测C卷,https://chenzhuanxin.github.io/xianning-teaching-resources/%E4%BA%A4%E4%BB%98%E7%89%A9/03_%E6%9C%9F%E6%9C%AB%E7%9C%9F%E9%A2%98%E8%AF%95%E5%8D%B7/HTML/%E9%AB%98%E4%BA%8C%E7%94%9F%E7%89%A9_%E7%AC%AC%E4%BA%8C%E5%AD%A6%E6%9C%9F%E6%9C%9F%E6%9C%AB%E8%B4%A8%E9%87%8F%E6%A3%80%E6%B5%8B_%E6%9C%9F%E6%9C%AB%E8%B4%A8%E9%87%8F%E6%A3%80%E6%B5%8BC%E5%8D%B7.html
高中,高二,历史,试卷网页,高二历史_学年度期末学业水平测试_学业水平E卷,https://chenzhuanxin.github.io/xianning-teaching-resources/%E4%BA%A4%E4%BB%98%E7%89%A9/03_%E6%9C%9F%E6%9C%AB%E7%9C%9F%E9%A2%98%E8%AF%95%E5%8D%B7/HTML/%E9%AB%98%E4%BA%8C%E5%8E%86%E5%8F%B2_%E5%AD%A6%E5%B9%B4%E5%BA%A6%E6%9C%9F%E6%9C%AB%E5%AD%A6%E4%B8%9A%E6%B0%B4%E5%B9%B3%E6%B5%8B%E8%AF%95_%E5%AD%A6%E4%B8%9A%E6%B0%B4%E5%B9%B3E%E5%8D%B7.html
高中,高二,历史,试卷网页,高二历史_第一学期期末教学质量监测_质量监测B卷,https://chenzhuanxin.github.io/xianning-teaching-resources/%E4%BA%A4%E4%BB%98%E7%89%A9/03_%E6%9C%9F%E6%9C%AB%E7%9C%9F%E9%A2%98%E8%AF%95%E5%8D%B7/HTML/%E9%AB%98%E4%BA%8C%E5%8E%86%E5%8F%B2_%E7%AC%AC%E4%B8%80%E5%AD%A6%E6%9C%9F%E6%9C%9F%E6%9C%AB%E6%95%99%E5%AD%A6%E8%B4%A8%E9%87%8F%E7%9B%91%E6%B5%8B_%E8%B4%A8%E9%87%8F%E7%9B%91%E6%B5%8BB%E5%8D%B7.html
高中,高二,历史,试卷网页,高二历史_第一学期期末质量检测_期末质量检测A卷,https://chenzhuanxin.github.io/xianning-teaching-resources/%E4%BA%A4%E4%BB%98%E7%89%A9/03_%E6%9C%9F%E6%9C%AB%E7%9C%9F%E9%A2%98%E8%AF%95%E5%8D%B7/HTML/%E9%AB%98%E4%BA%8C%E5%8E%86%E5%8F%B2_%E7%AC%AC%E4%B8%80%E5%AD%A6%E6%9C%9F%E6%9C%9F%E6%9C%AB%E8%B4%A8%E9%87%8F%E6%A3%80%E6%B5%8B_%E6%9C%9F%E6%9C%AB%E8%B4%A8%E9%87%8F%E6%A3%80%E6%B5%8BA%E5%8D%B7.html
高中,高二,历史,试卷网页,高二历史_第二学期期末综合能力测试_综合能力D卷,https://chenzhuanxin.github.io/xianning-teaching-resources/%E4%BA%A4%E4%BB%98%E7%89%A9/03_%E6%9C%9F%E6%9C%AB%E7%9C%9F%E9%A2%98%E8%AF%95%E5%8D%B7/HTML/%E9%AB%98%E4%BA%8C%E5%8E%86%E5%8F%B2_%E7%AC%AC%E4%BA%8C%E5%AD%A6%E6%9C%9F%E6%9C%9F%E6%9C%AB%E7%BB%BC%E5%90%88%E8%83%BD%E5%8A%9B%E6%B5%8B%E8%AF%95_%E7%BB%BC%E5%90%88%E8%83%BD%E5%8A%9BD%E5%8D%B7.html
高中,高二,历史,试卷网页,高二历史_第二学期期末质量检测_期末质量检测C卷,https://chenzhuanxin.github.io/xianning-teaching-resources/%E4%BA%A4%E4%BB%98%E7%89%A9/03_%E6%9C%9F%E6%9C%AB%E7%9C%9F%E9%A2%98%E8%AF%95%E5%8D%B7/HTML/%E9%AB%98%E4%BA%8C%E5%8E%86%E5%8F%B2_%E7%AC%AC%E4%BA%8C%E5%AD%A6%E6%9C%9F%E6%9C%9F%E6%9C%AB%E8%B4%A8%E9%87%8F%E6%A3%80%E6%B5%8B_%E6%9C%9F%E6%9C%AB%E8%B4%A8%E9%87%8F%E6%A3%80%E6%B5%8BC%E5%8D%B7.html
高中,高二,地理,试卷网页,高二地理_学年度期末学业水平测试_学业水平E卷,https://chenzhuanxin.github.io/xianning-teaching-resources/%E4%BA%A4%E4%BB%98%E7%89%A9/03_%E6%9C%9F%E6%9C%AB%E7%9C%9F%E9%A2%98%E8%AF%95%E5%8D%B7/HTML/%E9%AB%98%E4%BA%8C%E5%9C%B0%E7%90%86_%E5%AD%A6%E5%B9%B4%E5%BA%A6%E6%9C%9F%E6%9C%AB%E5%AD%A6%E4%B8%9A%E6%B0%B4%E5%B9%B3%E6%B5%8B%E8%AF%95_%E5%AD%A6%E4%B8%9A%E6%B0%B4%E5%B9%B3E%E5%8D%B7.html
高中,高二,地理,试卷网页,高二地理_第一学期期末教学质量监测_质量监测B卷,https://chenzhuanxin.github.io/xianning-teaching-resources/%E4%BA%A4%E4%BB%98%E7%89%A9/03_%E6%9C%9F%E6%9C%AB%E7%9C%9F%E9%A2%98%E8%AF%95%E5%8D%B7/HTML/%E9%AB%98%E4%BA%8C%E5%9C%B0%E7%90%86_%E7%AC%AC%E4%B8%80%E5%AD%A6%E6%9C%9F%E6%9C%9F%E6%9C%AB%E6%95%99%E5%AD%A6%E8%B4%A8%E9%87%8F%E7%9B%91%E6%B5%8B_%E8%B4%A8%E9%87%8F%E7%9B%91%E6%B5%8BB%E5%8D%B7.html
高中,高二,地理,试卷网页,高二地理_第一学期期末质量检测_期末质量检测A卷,https://chenzhuanxin.github.io/xianning-teaching-resources/%E4%BA%A4%E4%BB%98%E7%89%A9/03_%E6%9C%9F%E6%9C%AB%E7%9C%9F%E9%A2%98%E8%AF%95%E5%8D%B7/HTML/%E9%AB%98%E4%BA%8C%E5%9C%B0%E7%90%86_%E7%AC%AC%E4%B8%80%E5%AD%A6%E6%9C%9F%E6%9C%9F%E6%9C%AB%E8%B4%A8%E9%87%8F%E6%A3%80%E6%B5%8B_%E6%9C%9F%E6%9C%AB%E8%B4%A8%E9%87%8F%E6%A3%80%E6%B5%8BA%E5%8D%B7.html
高中,高二,地理,试卷网页,高二地理_第二学期期末综合能力测试_综合能力D卷,https://chenzhuanxin.github.io/xianning-teaching-resources/%E4%BA%A4%E4%BB%98%E7%89%A9/03_%E6%9C%9F%E6%9C%AB%E7%9C%9F%E9%A2%98%E8%AF%95%E5%8D%B7/HTML/%E9%AB%98%E4%BA%8C%E5%9C%B0%E7%90%86_%E7%AC%AC%E4%BA%8C%E5%AD%A6%E6%9C%9F%E6%9C%9F%E6%9C%AB%E7%BB%BC%E5%90%88%E8%83%BD%E5%8A%9B%E6%B5%8B%E8%AF%95_%E7%BB%BC%E5%90%88%E8%83%BD%E5%8A%9BD%E5%8D%B7.html
高中,高二,地理,试卷网页,高二地理_第二学期期末质量检测_期末质量检测C卷,https://chenzhuanxin.github.io/xianning-teaching-resources/%E4%BA%A4%E4%BB%98%E7%89%A9/03_%E6%9C%9F%E6%9C%AB%E7%9C%9F%E9%A2%98%E8%AF%95%E5%8D%B7/HTML/%E9%AB%98%E4%BA%8C%E5%9C%B0%E7%90%86_%E7%AC%AC%E4%BA%8C%E5%AD%A6%E6%9C%9F%E6%9C%9F%E6%9C%AB%E8%B4%A8%E9%87%8F%E6%A3%80%E6%B5%8B_%E6%9C%9F%E6%9C%AB%E8%B4%A8%E9%87%8F%E6%A3%80%E6%B5%8BC%E5%8D%B7.html
高中,高三,语文,试卷网页,高三语文_学年度期末学业水平测试_学业水平E卷,https://chenzhuanxin.github.io/xianning-teaching-resources/%E4%BA%A4%E4%BB%98%E7%89%A9/03_%E6%9C%9F%E6%9C%AB%E7%9C%9F%E9%A2%98%E8%AF%95%E5%8D%B7/HTML/%E9%AB%98%E4%B8%89%E8%AF%AD%E6%96%87_%E5%AD%A6%E5%B9%B4%E5%BA%A6%E6%9C%9F%E6%9C%AB%E5%AD%A6%E4%B8%9A%E6%B0%B4%E5%B9%B3%E6%B5%8B%E8%AF%95_%E5%AD%A6%E4%B8%9A%E6%B0%B4%E5%B9%B3E%E5%8D%B7.html
高中,高三,语文,试卷网页,高三语文_第一学期期末教学质量监测_质量监测B卷,https://chenzhuanxin.github.io/xianning-teaching-resources/%E4%BA%A4%E4%BB%98%E7%89%A9/03_%E6%9C%9F%E6%9C%AB%E7%9C%9F%E9%A2%98%E8%AF%95%E5%8D%B7/HTML/%E9%AB%98%E4%B8%89%E8%AF%AD%E6%96%87_%E7%AC%AC%E4%B8%80%E5%AD%A6%E6%9C%9F%E6%9C%9F%E6%9C%AB%E6%95%99%E5%AD%A6%E8%B4%A8%E9%87%8F%E7%9B%91%E6%B5%8B_%E8%B4%A8%E9%87%8F%E7%9B%91%E6%B5%8BB%E5%8D%B7.html
高中,高三,语文,试卷网页,高三语文_第一学期期末质量检测_期末质量检测A卷,https://chenzhuanxin.github.io/xianning-teaching-resources/%E4%BA%A4%E4%BB%98%E7%89%A9/03_%E6%9C%9F%E6%9C%AB%E7%9C%9F%E9%A2%98%E8%AF%95%E5%8D%B7/HTML/%E9%AB%98%E4%B8%89%E8%AF%AD%E6%96%87_%E7%AC%AC%E4%B8%80%E5%AD%A6%E6%9C%9F%E6%9C%9F%E6%9C%AB%E8%B4%A8%E9%87%8F%E6%A3%80%E6%B5%8B_%E6%9C%9F%E6%9C%AB%E8%B4%A8%E9%87%8F%E6%A3%80%E6%B5%8BA%E5%8D%B7.html
高中,高三,语文,试卷网页,高三语文_第二学期期末综合能力测试_综合能力D卷,https://chenzhuanxin.github.io/xianning-teaching-resources/%E4%BA%A4%E4%BB%98%E7%89%A9/03_%E6%9C%9F%E6%9C%AB%E7%9C%9F%E9%A2%98%E8%AF%95%E5%8D%B7/HTML/%E9%AB%98%E4%B8%89%E8%AF%AD%E6%96%87_%E7%AC%AC%E4%BA%8C%E5%AD%A6%E6%9C%9F%E6%9C%9F%E6%9C%AB%E7%BB%BC%E5%90%88%E8%83%BD%E5%8A%9B%E6%B5%8B%E8%AF%95_%E7%BB%BC%E5%90%88%E8%83%BD%E5%8A%9BD%E5%8D%B7.html
高中,高三,语文,试卷网页,高三语文_第二学期期末质量检测_期末质量检测C卷,https://chenzhuanxin.github.io/xianning-teaching-resources/%E4%BA%A4%E4%BB%98%E7%89%A9/03_%E6%9C%9F%E6%9C%AB%E7%9C%9F%E9%A2%98%E8%AF%95%E5%8D%B7/HTML/%E9%AB%98%E4%B8%89%E8%AF%AD%E6%96%87_%E7%AC%AC%E4%BA%8C%E5%AD%A6%E6%9C%9F%E6%9C%9F%E6%9C%AB%E8%B4%A8%E9%87%8F%E6%A3%80%E6%B5%8B_%E6%9C%9F%E6%9C%AB%E8%B4%A8%E9%87%8F%E6%A3%80%E6%B5%8BC%E5%8D%B7.html
高中,高三,数学,试卷网页,高三数学_学年度期末学业水平测试_学业水平E卷,https://chenzhuanxin.github.io/xianning-teaching-resources/%E4%BA%A4%E4%BB%98%E7%89%A9/03_%E6%9C%9F%E6%9C%AB%E7%9C%9F%E9%A2%98%E8%AF%95%E5%8D%B7/HTML/%E9%AB%98%E4%B8%89%E6%95%B0%E5%AD%A6_%E5%AD%A6%E5%B9%B4%E5%BA%A6%E6%9C%9F%E6%9C%AB%E5%AD%A6%E4%B8%9A%E6%B0%B4%E5%B9%B3%E6%B5%8B%E8%AF%95_%E5%AD%A6%E4%B8%9A%E6%B0%B4%E5%B9%B3E%E5%8D%B7.html
高中,高三,数学,试卷网页,高三数学_第一学期期末教学质量监测_质量监测B卷,https://chenzhuanxin.github.io/xianning-teaching-resources/%E4%BA%A4%E4%BB%98%E7%89%A9/03_%E6%9C%9F%E6%9C%AB%E7%9C%9F%E9%A2%98%E8%AF%95%E5%8D%B7/HTML/%E9%AB%98%E4%B8%89%E6%95%B0%E5%AD%A6_%E7%AC%AC%E4%B8%80%E5%AD%A6%E6%9C%9F%E6%9C%9F%E6%9C%AB%E6%95%99%E5%AD%A6%E8%B4%A8%E9%87%8F%E7%9B%91%E6%B5%8B_%E8%B4%A8%E9%87%8F%E7%9B%91%E6%B5%8BB%E5%8D%B7.html
高中,高三,数学,试卷网页,高三数学_第一学期期末质量检测_期末质量检测A卷,https://chenzhuanxin.github.io/xianning-teaching-resources/%E4%BA%A4%E4%BB%98%E7%89%A9/03_%E6%9C%9F%E6%9C%AB%E7%9C%9F%E9%A2%98%E8%AF%95%E5%8D%B7/HTML/%E9%AB%98%E4%B8%89%E6%95%B0%E5%AD%A6_%E7%AC%AC%E4%B8%80%E5%AD%A6%E6%9C%9F%E6%9C%9F%E6%9C%AB%E8%B4%A8%E9%87%8F%E6%A3%80%E6%B5%8B_%E6%9C%9F%E6%9C%AB%E8%B4%A8%E9%87%8F%E6%A3%80%E6%B5%8BA%E5%8D%B7.html
高中,高三,数学,试卷网页,高三数学_第二学期期末综合能力测试_综合能力D卷,https://chenzhuanxin.github.io/xianning-teaching-resources/%E4%BA%A4%E4%BB%98%E7%89%A9/03_%E6%9C%9F%E6%9C%AB%E7%9C%9F%E9%A2%98%E8%AF%95%E5%8D%B7/HTML/%E9%AB%98%E4%B8%89%E6%95%B0%E5%AD%A6_%E7%AC%AC%E4%BA%8C%E5%AD%A6%E6%9C%9F%E6%9C%9F%E6%9C%AB%E7%BB%BC%E5%90%88%E8%83%BD%E5%8A%9B%E6%B5%8B%E8%AF%95_%E7%BB%BC%E5%90%88%E8%83%BD%E5%8A%9BD%E5%8D%B7.html
高中,高三,数学,试卷网页,高三数学_第二学期期末质量检测_期末质量检测C卷,https://chenzhuanxin.github.io/xianning-teaching-resources/%E4%BA%A4%E4%BB%98%E7%89%A9/03_%E6%9C%9F%E6%9C%AB%E7%9C%9F%E9%A2%98%E8%AF%95%E5%8D%B7/HTML/%E9%AB%98%E4%B8%89%E6%95%B0%E5%AD%A6_%E7%AC%AC%E4%BA%8C%E5%AD%A6%E6%9C%9F%E6%9C%9F%E6%9C%AB%E8%B4%A8%E9%87%8F%E6%A3%80%E6%B5%8B_%E6%9C%9F%E6%9C%AB%E8%B4%A8%E9%87%8F%E6%A3%80%E6%B5%8BC%E5%8D%B7.html
高中,高三,英语,试卷网页,高三英语_学年度期末学业水平测试_学业水平E卷,https://chenzhuanxin.github.io/xianning-teaching-resources/%E4%BA%A4%E4%BB%98%E7%89%A9/03_%E6%9C%9F%E6%9C%AB%E7%9C%9F%E9%A2%98%E8%AF%95%E5%8D%B7/HTML/%E9%AB%98%E4%B8%89%E8%8B%B1%E8%AF%AD_%E5%AD%A6%E5%B9%B4%E5%BA%A6%E6%9C%9F%E6%9C%AB%E5%AD%A6%E4%B8%9A%E6%B0%B4%E5%B9%B3%E6%B5%8B%E8%AF%95_%E5%AD%A6%E4%B8%9A%E6%B0%B4%E5%B9%B3E%E5%8D%B7.html
高中,高三,英语,试卷网页,高三英语_第一学期期末教学质量监测_质量监测B卷,https://chenzhuanxin.github.io/xianning-teaching-resources/%E4%BA%A4%E4%BB%98%E7%89%A9/03_%E6%9C%9F%E6%9C%AB%E7%9C%9F%E9%A2%98%E8%AF%95%E5%8D%B7/HTML/%E9%AB%98%E4%B8%89%E8%8B%B1%E8%AF%AD_%E7%AC%AC%E4%B8%80%E5%AD%A6%E6%9C%9F%E6%9C%9F%E6%9C%AB%E6%95%99%E5%AD%A6%E8%B4%A8%E9%87%8F%E7%9B%91%E6%B5%8B_%E8%B4%A8%E9%87%8F%E7%9B%91%E6%B5%8BB%E5%8D%B7.html
高中,高三,英语,试卷网页,高三英语_第一学期期末质量检测_期末质量检测A卷,https://chenzhuanxin.github.io/xianning-teaching-resources/%E4%BA%A4%E4%BB%98%E7%89%A9/03_%E6%9C%9F%E6%9C%AB%E7%9C%9F%E9%A2%98%E8%AF%95%E5%8D%B7/HTML/%E9%AB%98%E4%B8%89%E8%8B%B1%E8%AF%AD_%E7%AC%AC%E4%B8%80%E5%AD%A6%E6%9C%9F%E6%9C%9F%E6%9C%AB%E8%B4%A8%E9%87%8F%E6%A3%80%E6%B5%8B_%E6%9C%9F%E6%9C%AB%E8%B4%A8%E9%87%8F%E6%A3%80%E6%B5%8BA%E5%8D%B7.html
高中,高三,英语,试卷网页,高三英语_第二学期期末综合能力测试_综合能力D卷,https://chenzhuanxin.github.io/xianning-teaching-resources/%E4%BA%A4%E4%BB%98%E7%89%A9/03_%E6%9C%9F%E6%9C%AB%E7%9C%9F%E9%A2%98%E8%AF%95%E5%8D%B7/HTML/%E9%AB%98%E4%B8%89%E8%8B%B1%E8%AF%AD_%E7%AC%AC%E4%BA%8C%E5%AD%A6%E6%9C%9F%E6%9C%9F%E6%9C%AB%E7%BB%BC%E5%90%88%E8%83%BD%E5%8A%9B%E6%B5%8B%E8%AF%95_%E7%BB%BC%E5%90%88%E8%83%BD%E5%8A%9BD%E5%8D%B7.html
高中,高三,英语,试卷网页,高三英语_第二学期期末质量检测_期末质量检测C卷,https://chenzhuanxin.github.io/xianning-teaching-resources/%E4%BA%A4%E4%BB%98%E7%89%A9/03_%E6%9C%9F%E6%9C%AB%E7%9C%9F%E9%A2%98%E8%AF%95%E5%8D%B7/HTML/%E9%AB%98%E4%B8%89%E8%8B%B1%E8%AF%AD_%E7%AC%AC%E4%BA%8C%E5%AD%A6%E6%9C%9F%E6%9C%9F%E6%9C%AB%E8%B4%A8%E9%87%8F%E6%A3%80%E6%B5%8B_%E6%9C%9F%E6%9C%AB%E8%B4%A8%E9%87%8F%E6%A3%80%E6%B5%8BC%E5%8D%B7.html
高中,高三,思想政治,试卷网页,高三思想政治_学年度期末学业水平测试_学业水平E卷,https://chenzhuanxin.github.io/xianning-teaching-resources/%E4%BA%A4%E4%BB%98%E7%89%A9/03_%E6%9C%9F%E6%9C%AB%E7%9C%9F%E9%A2%98%E8%AF%95%E5%8D%B7/HTML/%E9%AB%98%E4%B8%89%E6%80%9D%E6%83%B3%E6%94%BF%E6%B2%BB_%E5%AD%A6%E5%B9%B4%E5%BA%A6%E6%9C%9F%E6%9C%AB%E5%AD%A6%E4%B8%9A%E6%B0%B4%E5%B9%B3%E6%B5%8B%E8%AF%95_%E5%AD%A6%E4%B8%9A%E6%B0%B4%E5%B9%B3E%E5%8D%B7.html
高中,高三,思想政治,试卷网页,高三思想政治_第一学期期末教学质量监测_质量监测B卷,https://chenzhuanxin.github.io/xianning-teaching-resources/%E4%BA%A4%E4%BB%98%E7%89%A9/03_%E6%9C%9F%E6%9C%AB%E7%9C%9F%E9%A2%98%E8%AF%95%E5%8D%B7/HTML/%E9%AB%98%E4%B8%89%E6%80%9D%E6%83%B3%E6%94%BF%E6%B2%BB_%E7%AC%AC%E4%B8%80%E5%AD%A6%E6%9C%9F%E6%9C%9F%E6%9C%AB%E6%95%99%E5%AD%A6%E8%B4%A8%E9%87%8F%E7%9B%91%E6%B5%8B_%E8%B4%A8%E9%87%8F%E7%9B%91%E6%B5%8BB%E5%8D%B7.html
高中,高三,思想政治,试卷网页,高三思想政治_第一学期期末质量检测_期末质量检测A卷,https://chenzhuanxin.github.io/xianning-teaching-resources/%E4%BA%A4%E4%BB%98%E7%89%A9/03_%E6%9C%9F%E6%9C%AB%E7%9C%9F%E9%A2%98%E8%AF%95%E5%8D%B7/HTML/%E9%AB%98%E4%B8%89%E6%80%9D%E6%83%B3%E6%94%BF%E6%B2%BB_%E7%AC%AC%E4%B8%80%E5%AD%A6%E6%9C%9F%E6%9C%9F%E6%9C%AB%E8%B4%A8%E9%87%8F%E6%A3%80%E6%B5%8B_%E6%9C%9F%E6%9C%AB%E8%B4%A8%E9%87%8F%E6%A3%80%E6%B5%8BA%E5%8D%B7.html
高中,高三,思想政治,试卷网页,高三思想政治_第二学期期末综合能力测试_综合能力D卷,https://chenzhuanxin.github.io/xianning-teaching-resources/%E4%BA%A4%E4%BB%98%E7%89%A9/03_%E6%9C%9F%E6%9C%AB%E7%9C%9F%E9%A2%98%E8%AF%95%E5%8D%B7/HTML/%E9%AB%98%E4%B8%89%E6%80%9D%E6%83%B3%E6%94%BF%E6%B2%BB_%E7%AC%AC%E4%BA%8C%E5%AD%A6%E6%9C%9F%E6%9C%9F%E6%9C%AB%E7%BB%BC%E5%90%88%E8%83%BD%E5%8A%9B%E6%B5%8B%E8%AF%95_%E7%BB%BC%E5%90%88%E8%83%BD%E5%8A%9BD%E5%8D%B7.html
高中,高三,思想政治,试卷网页,高三思想政治_第二学期期末质量检测_期末质量检测C卷,https://chenzhuanxin.github.io/xianning-teaching-resources/%E4%BA%A4%E4%BB%98%E7%89%A9/03_%E6%9C%9F%E6%9C%AB%E7%9C%9F%E9%A2%98%E8%AF%95%E5%8D%B7/HTML/%E9%AB%98%E4%B8%89%E6%80%9D%E6%83%B3%E6%94%BF%E6%B2%BB_%E7%AC%AC%E4%BA%8C%E5%AD%A6%E6%9C%9F%E6%9C%9F%E6%9C%AB%E8%B4%A8%E9%87%8F%E6%A3%80%E6%B5%8B_%E6%9C%9F%E6%9C%AB%E8%B4%A8%E9%87%8F%E6%A3%80%E6%B5%8BC%E5%8D%B7.html
高中,高三,物理,试卷网页,高三物理_学年度期末学业水平测试_学业水平E卷,https://chenzhuanxin.github.io/xianning-teaching-resources/%E4%BA%A4%E4%BB%98%E7%89%A9/03_%E6%9C%9F%E6%9C%AB%E7%9C%9F%E9%A2%98%E8%AF%95%E5%8D%B7/HTML/%E9%AB%98%E4%B8%89%E7%89%A9%E7%90%86_%E5%AD%A6%E5%B9%B4%E5%BA%A6%E6%9C%9F%E6%9C%AB%E5%AD%A6%E4%B8%9A%E6%B0%B4%E5%B9%B3%E6%B5%8B%E8%AF%95_%E5%AD%A6%E4%B8%9A%E6%B0%B4%E5%B9%B3E%E5%8D%B7.html
高中,高三,物理,试卷网页,高三物理_第一学期期末教学质量监测_质量监测B卷,https://chenzhuanxin.github.io/xianning-teaching-resources/%E4%BA%A4%E4%BB%98%E7%89%A9/03_%E6%9C%9F%E6%9C%AB%E7%9C%9F%E9%A2%98%E8%AF%95%E5%8D%B7/HTML/%E9%AB%98%E4%B8%89%E7%89%A9%E7%90%86_%E7%AC%AC%E4%B8%80%E5%AD%A6%E6%9C%9F%E6%9C%9F%E6%9C%AB%E6%95%99%E5%AD%A6%E8%B4%A8%E9%87%8F%E7%9B%91%E6%B5%8B_%E8%B4%A8%E9%87%8F%E7%9B%91%E6%B5%8BB%E5%8D%B7.html
高中,高三,物理,试卷网页,高三物理_第一学期期末质量检测_期末质量检测A卷,https://chenzhuanxin.github.io/xianning-teaching-resources/%E4%BA%A4%E4%BB%98%E7%89%A9/03_%E6%9C%9F%E6%9C%AB%E7%9C%9F%E9%A2%98%E8%AF%95%E5%8D%B7/HTML/%E9%AB%98%E4%B8%89%E7%89%A9%E7%90%86_%E7%AC%AC%E4%B8%80%E5%AD%A6%E6%9C%9F%E6%9C%9F%E6%9C%AB%E8%B4%A8%E9%87%8F%E6%A3%80%E6%B5%8B_%E6%9C%9F%E6%9C%AB%E8%B4%A8%E9%87%8F%E6%A3%80%E6%B5%8BA%E5%8D%B7.html
高中,高三,物理,试卷网页,高三物理_第二学期期末综合能力测试_综合能力D卷,https://chenzhuanxin.github.io/xianning-teaching-resources/%E4%BA%A4%E4%BB%98%E7%89%A9/03_%E6%9C%9F%E6%9C%AB%E7%9C%9F%E9%A2%98%E8%AF%95%E5%8D%B7/HTML/%E9%AB%98%E4%B8%89%E7%89%A9%E7%90%86_%E7%AC%AC%E4%BA%8C%E5%AD%A6%E6%9C%9F%E6%9C%9F%E6%9C%AB%E7%BB%BC%E5%90%88%E8%83%BD%E5%8A%9B%E6%B5%8B%E8%AF%95_%E7%BB%BC%E5%90%88%E8%83%BD%E5%8A%9BD%E5%8D%B7.html
高中,高三,物理,试卷网页,高三物理_第二学期期末质量检测_期末质量检测C卷,https://chenzhuanxin.github.io/xianning-teaching-resources/%E4%BA%A4%E4%BB%98%E7%89%A9/03_%E6%9C%9F%E6%9C%AB%E7%9C%9F%E9%A2%98%E8%AF%95%E5%8D%B7/HTML/%E9%AB%98%E4%B8%89%E7%89%A9%E7%90%86_%E7%AC%AC%E4%BA%8C%E5%AD%A6%E6%9C%9F%E6%9C%9F%E6%9C%AB%E8%B4%A8%E9%87%8F%E6%A3%80%E6%B5%8B_%E6%9C%9F%E6%9C%AB%E8%B4%A8%E9%87%8F%E6%A3%80%E6%B5%8BC%E5%8D%B7.html
高中,高三,化学,试卷网页,高三化学_学年度期末学业水平测试_学业水平E卷,https://chenzhuanxin.github.io/xianning-teaching-resources/%E4%BA%A4%E4%BB%98%E7%89%A9/03_%E6%9C%9F%E6%9C%AB%E7%9C%9F%E9%A2%98%E8%AF%95%E5%8D%B7/HTML/%E9%AB%98%E4%B8%89%E5%8C%96%E5%AD%A6_%E5%AD%A6%E5%B9%B4%E5%BA%A6%E6%9C%9F%E6%9C%AB%E5%AD%A6%E4%B8%9A%E6%B0%B4%E5%B9%B3%E6%B5%8B%E8%AF%95_%E5%AD%A6%E4%B8%9A%E6%B0%B4%E5%B9%B3E%E5%8D%B7.html
高中,高三,化学,试卷网页,高三化学_第一学期期末教学质量监测_质量监测B卷,https://chenzhuanxin.github.io/xianning-teaching-resources/%E4%BA%A4%E4%BB%98%E7%89%A9/03_%E6%9C%9F%E6%9C%AB%E7%9C%9F%E9%A2%98%E8%AF%95%E5%8D%B7/HTML/%E9%AB%98%E4%B8%89%E5%8C%96%E5%AD%A6_%E7%AC%AC%E4%B8%80%E5%AD%A6%E6%9C%9F%E6%9C%9F%E6%9C%AB%E6%95%99%E5%AD%A6%E8%B4%A8%E9%87%8F%E7%9B%91%E6%B5%8B_%E8%B4%A8%E9%87%8F%E7%9B%91%E6%B5%8BB%E5%8D%B7.html
高中,高三,化学,试卷网页,高三化学_第一学期期末质量检测_期末质量检测A卷,https://chenzhuanxin.github.io/xianning-teaching-resources/%E4%BA%A4%E4%BB%98%E7%89%A9/03_%E6%9C%9F%E6%9C%AB%E7%9C%9F%E9%A2%98%E8%AF%95%E5%8D%B7/HTML/%E9%AB%98%E4%B8%89%E5%8C%96%E5%AD%A6_%E7%AC%AC%E4%B8%80%E5%AD%A6%E6%9C%9F%E6%9C%9F%E6%9C%AB%E8%B4%A8%E9%87%8F%E6%A3%80%E6%B5%8B_%E6%9C%9F%E6%9C%AB%E8%B4%A8%E9%87%8F%E6%A3%80%E6%B5%8BA%E5%8D%B7.html
高中,高三,化学,试卷网页,高三化学_第二学期期末综合能力测试_综合能力D卷,https://chenzhuanxin.github.io/xianning-teaching-resources/%E4%BA%A4%E4%BB%98%E7%89%A9/03_%E6%9C%9F%E6%9C%AB%E7%9C%9F%E9%A2%98%E8%AF%95%E5%8D%B7/HTML/%E9%AB%98%E4%B8%89%E5%8C%96%E5%AD%A6_%E7%AC%AC%E4%BA%8C%E5%AD%A6%E6%9C%9F%E6%9C%9F%E6%9C%AB%E7%BB%BC%E5%90%88%E8%83%BD%E5%8A%9B%E6%B5%8B%E8%AF%95_%E7%BB%BC%E5%90%88%E8%83%BD%E5%8A%9BD%E5%8D%B7.html
高中,高三,化学,试卷网页,高三化学_第二学期期末质量检测_期末质量检测C卷,https://chenzhuanxin.github.io/xianning-teaching-resources/%E4%BA%A4%E4%BB%98%E7%89%A9/03_%E6%9C%9F%E6%9C%AB%E7%9C%9F%E9%A2%98%E8%AF%95%E5%8D%B7/HTML/%E9%AB%98%E4%B8%89%E5%8C%96%E5%AD%A6_%E7%AC%AC%E4%BA%8C%E5%AD%A6%E6%9C%9F%E6%9C%9F%E6%9C%AB%E8%B4%A8%E9%87%8F%E6%A3%80%E6%B5%8B_%E6%9C%9F%E6%9C%AB%E8%B4%A8%E9%87%8F%E6%A3%80%E6%B5%8BC%E5%8D%B7.html
高中,高三,生物,试卷网页,高三生物_学年度期末学业水平测试_学业水平E卷,https://chenzhuanxin.github.io/xianning-teaching-resources/%E4%BA%A4%E4%BB%98%E7%89%A9/03_%E6%9C%9F%E6%9C%AB%E7%9C%9F%E9%A2%98%E8%AF%95%E5%8D%B7/HTML/%E9%AB%98%E4%B8%89%E7%94%9F%E7%89%A9_%E5%AD%A6%E5%B9%B4%E5%BA%A6%E6%9C%9F%E6%9C%AB%E5%AD%A6%E4%B8%9A%E6%B0%B4%E5%B9%B3%E6%B5%8B%E8%AF%95_%E5%AD%A6%E4%B8%9A%E6%B0%B4%E5%B9%B3E%E5%8D%B7.html
高中,高三,生物,试卷网页,高三生物_第一学期期末教学质量监测_质量监测B卷,https://chenzhuanxin.github.io/xianning-teaching-resources/%E4%BA%A4%E4%BB%98%E7%89%A9/03_%E6%9C%9F%E6%9C%AB%E7%9C%9F%E9%A2%98%E8%AF%95%E5%8D%B7/HTML/%E9%AB%98%E4%B8%89%E7%94%9F%E7%89%A9_%E7%AC%AC%E4%B8%80%E5%AD%A6%E6%9C%9F%E6%9C%9F%E6%9C%AB%E6%95%99%E5%AD%A6%E8%B4%A8%E9%87%8F%E7%9B%91%E6%B5%8B_%E8%B4%A8%E9%87%8F%E7%9B%91%E6%B5%8BB%E5%8D%B7.html
高中,高三,生物,试卷网页,高三生物_第一学期期末质量检测_期末质量检测A卷,https://chenzhuanxin.github.io/xianning-teaching-resources/%E4%BA%A4%E4%BB%98%E7%89%A9/03_%E6%9C%9F%E6%9C%AB%E7%9C%9F%E9%A2%98%E8%AF%95%E5%8D%B7/HTML/%E9%AB%98%E4%B8%89%E7%94%9F%E7%89%A9_%E7%AC%AC%E4%B8%80%E5%AD%A6%E6%9C%9F%E6%9C%9F%E6%9C%AB%E8%B4%A8%E9%87%8F%E6%A3%80%E6%B5%8B_%E6%9C%9F%E6%9C%AB%E8%B4%A8%E9%87%8F%E6%A3%80%E6%B5%8BA%E5%8D%B7.html
高中,高三,生物,试卷网页,高三生物_第二学期期末综合能力测试_综合能力D卷,https://chenzhuanxin.github.io/xianning-teaching-resources/%E4%BA%A4%E4%BB%98%E7%89%A9/03_%E6%9C%9F%E6%9C%AB%E7%9C%9F%E9%A2%98%E8%AF%95%E5%8D%B7/HTML/%E9%AB%98%E4%B8%89%E7%94%9F%E7%89%A9_%E7%AC%AC%E4%BA%8C%E5%AD%A6%E6%9C%9F%E6%9C%9F%E6%9C%AB%E7%BB%BC%E5%90%88%E8%83%BD%E5%8A%9B%E6%B5%8B%E8%AF%95_%E7%BB%BC%E5%90%88%E8%83%BD%E5%8A%9BD%E5%8D%B7.html
高中,高三,生物,试卷网页,高三生物_第二学期期末质量检测_期末质量检测C卷,https://chenzhuanxin.github.io/xianning-teaching-resources/%E4%BA%A4%E4%BB%98%E7%89%A9/03_%E6%9C%9F%E6%9C%AB%E7%9C%9F%E9%A2%98%E8%AF%95%E5%8D%B7/HTML/%E9%AB%98%E4%B8%89%E7%94%9F%E7%89%A9_%E7%AC%AC%E4%BA%8C%E5%AD%A6%E6%9C%9F%E6%9C%9F%E6%9C%AB%E8%B4%A8%E9%87%8F%E6%A3%80%E6%B5%8B_%E6%9C%9F%E6%9C%AB%E8%B4%A8%E9%87%8F%E6%A3%80%E6%B5%8BC%E5%8D%B7.html
高中,高三,历史,试卷网页,高三历史_学年度期末学业水平测试_学业水平E卷,https://chenzhuanxin.github.io/xianning-teaching-resources/%E4%BA%A4%E4%BB%98%E7%89%A9/03_%E6%9C%9F%E6%9C%AB%E7%9C%9F%E9%A2%98%E8%AF%95%E5%8D%B7/HTML/%E9%AB%98%E4%B8%89%E5%8E%86%E5%8F%B2_%E5%AD%A6%E5%B9%B4%E5%BA%A6%E6%9C%9F%E6%9C%AB%E5%AD%A6%E4%B8%9A%E6%B0%B4%E5%B9%B3%E6%B5%8B%E8%AF%95_%E5%AD%A6%E4%B8%9A%E6%B0%B4%E5%B9%B3E%E5%8D%B7.html
高中,高三,历史,试卷网页,高三历史_第一学期期末教学质量监测_质量监测B卷,https://chenzhuanxin.github.io/xianning-teaching-resources/%E4%BA%A4%E4%BB%98%E7%89%A9/03_%E6%9C%9F%E6%9C%AB%E7%9C%9F%E9%A2%98%E8%AF%95%E5%8D%B7/HTML/%E9%AB%98%E4%B8%89%E5%8E%86%E5%8F%B2_%E7%AC%AC%E4%B8%80%E5%AD%A6%E6%9C%9F%E6%9C%9F%E6%9C%AB%E6%95%99%E5%AD%A6%E8%B4%A8%E9%87%8F%E7%9B%91%E6%B5%8B_%E8%B4%A8%E9%87%8F%E7%9B%91%E6%B5%8BB%E5%8D%B7.html
高中,高三,历史,试卷网页,高三历史_第一学期期末质量检测_期末质量检测A卷,https://chenzhuanxin.github.io/xianning-teaching-resources/%E4%BA%A4%E4%BB%98%E7%89%A9/03_%E6%9C%9F%E6%9C%AB%E7%9C%9F%E9%A2%98%E8%AF%95%E5%8D%B7/HTML/%E9%AB%98%E4%B8%89%E5%8E%86%E5%8F%B2_%E7%AC%AC%E4%B8%80%E5%AD%A6%E6%9C%9F%E6%9C%9F%E6%9C%AB%E8%B4%A8%E9%87%8F%E6%A3%80%E6%B5%8B_%E6%9C%9F%E6%9C%AB%E8%B4%A8%E9%87%8F%E6%A3%80%E6%B5%8BA%E5%8D%B7.html
高中,高三,历史,试卷网页,高三历史_第二学期期末综合能力测试_综合能力D卷,https://chenzhuanxin.github.io/xianning-teaching-resources/%E4%BA%A4%E4%BB%98%E7%89%A9/03_%E6%9C%9F%E6%9C%AB%E7%9C%9F%E9%A2%98%E8%AF%95%E5%8D%B7/HTML/%E9%AB%98%E4%B8%89%E5%8E%86%E5%8F%B2_%E7%AC%AC%E4%BA%8C%E5%AD%A6%E6%9C%9F%E6%9C%9F%E6%9C%AB%E7%BB%BC%E5%90%88%E8%83%BD%E5%8A%9B%E6%B5%8B%E8%AF%95_%E7%BB%BC%E5%90%88%E8%83%BD%E5%8A%9BD%E5%8D%B7.html
高中,高三,历史,试卷网页,高三历史_第二学期期末质量检测_期末质量检测C卷,https://chenzhuanxin.github.io/xianning-teaching-resources/%E4%BA%A4%E4%BB%98%E7%89%A9/03_%E6%9C%9F%E6%9C%AB%E7%9C%9F%E9%A2%98%E8%AF%95%E5%8D%B7/HTML/%E9%AB%98%E4%B8%89%E5%8E%86%E5%8F%B2_%E7%AC%AC%E4%BA%8C%E5%AD%A6%E6%9C%9F%E6%9C%9F%E6%9C%AB%E8%B4%A8%E9%87%8F%E6%A3%80%E6%B5%8B_%E6%9C%9F%E6%9C%AB%E8%B4%A8%E9%87%8F%E6%A3%80%E6%B5%8BC%E5%8D%B7.html
高中,高三,地理,试卷网页,高三地理_学年度期末学业水平测试_学业水平E卷,https://chenzhuanxin.github.io/xianning-teaching-resources/%E4%BA%A4%E4%BB%98%E7%89%A9/03_%E6%9C%9F%E6%9C%AB%E7%9C%9F%E9%A2%98%E8%AF%95%E5%8D%B7/HTML/%E9%AB%98%E4%B8%89%E5%9C%B0%E7%90%86_%E5%AD%A6%E5%B9%B4%E5%BA%A6%E6%9C%9F%E6%9C%AB%E5%AD%A6%E4%B8%9A%E6%B0%B4%E5%B9%B3%E6%B5%8B%E8%AF%95_%E5%AD%A6%E4%B8%9A%E6%B0%B4%E5%B9%B3E%E5%8D%B7.html
高中,高三,地理,试卷网页,高三地理_第一学期期末教学质量监测_质量监测B卷,https://chenzhuanxin.github.io/xianning-teaching-resources/%E4%BA%A4%E4%BB%98%E7%89%A9/03_%E6%9C%9F%E6%9C%AB%E7%9C%9F%E9%A2%98%E8%AF%95%E5%8D%B7/HTML/%E9%AB%98%E4%B8%89%E5%9C%B0%E7%90%86_%E7%AC%AC%E4%B8%80%E5%AD%A6%E6%9C%9F%E6%9C%9F%E6%9C%AB%E6%95%99%E5%AD%A6%E8%B4%A8%E9%87%8F%E7%9B%91%E6%B5%8B_%E8%B4%A8%E9%87%8F%E7%9B%91%E6%B5%8BB%E5%8D%B7.html
高中,高三,地理,试卷网页,高三地理_第一学期期末质量检测_期末质量检测A卷,https://chenzhuanxin.github.io/xianning-teaching-resources/%E4%BA%A4%E4%BB%98%E7%89%A9/03_%E6%9C%9F%E6%9C%AB%E7%9C%9F%E9%A2%98%E8%AF%95%E5%8D%B7/HTML/%E9%AB%98%E4%B8%89%E5%9C%B0%E7%90%86_%E7%AC%AC%E4%B8%80%E5%AD%A6%E6%9C%9F%E6%9C%9F%E6%9C%AB%E8%B4%A8%E9%87%8F%E6%A3%80%E6%B5%8B_%E6%9C%9F%E6%9C%AB%E8%B4%A8%E9%87%8F%E6%A3%80%E6%B5%8BA%E5%8D%B7.html
高中,高三,地理,试卷网页,高三地理_第二学期期末综合能力测试_综合能力D卷,https://chenzhuanxin.github.io/xianning-teaching-resources/%E4%BA%A4%E4%BB%98%E7%89%A9/03_%E6%9C%9F%E6%9C%AB%E7%9C%9F%E9%A2%98%E8%AF%95%E5%8D%B7/HTML/%E9%AB%98%E4%B8%89%E5%9C%B0%E7%90%86_%E7%AC%AC%E4%BA%8C%E5%AD%A6%E6%9C%9F%E6%9C%9F%E6%9C%AB%E7%BB%BC%E5%90%88%E8%83%BD%E5%8A%9B%E6%B5%8B%E8%AF%95_%E7%BB%BC%E5%90%88%E8%83%BD%E5%8A%9BD%E5%8D%B7.html
高中,高三,地理,试卷网页,高三地理_第二学期期末质量检测_期末质量检测C卷,https://chenzhuanxin.github.io/xianning-teaching-resources/%E4%BA%A4%E4%BB%98%E7%89%A9/03_%E6%9C%9F%E6%9C%AB%E7%9C%9F%E9%A2%98%E8%AF%95%E5%8D%B7/HTML/%E9%AB%98%E4%B8%89%E5%9C%B0%E7%90%86_%E7%AC%AC%E4%BA%8C%E5%AD%A6%E6%9C%9F%E6%9C%9F%E6%9C%AB%E8%B4%A8%E9%87%8F%E6%A3%80%E6%B5%8B_%E6%9C%9F%E6%9C%AB%E8%B4%A8%E9%87%8F%E6%A3%80%E6%B5%8BC%E5%8D%B7.html
